#1
double tab1(8760,4)
# Date
# Boiler
# HP
# Battery
0	0	0	0.0006693941322051189
3600	0	0	0.0008058834041995515
7200	0	1	0.002274772165374386
10800	0	1	0.9993215062621769
14400	0	1	0.9994137051287892
18000	0	0	0.9977428418090215
21600	0	0	0.9960202313413833
25200	0	0	0.9943147654989867
28800	1	1	0.7434971371664832
32400	1	1	0.49304275471657627
36000	1	1	0.24478661965706786
39600	1	1	0.9994965348805762
43200	1	1	0.999788387314607
46800	1	1	0.9998379845831615
50400	1	1	0.9996726738107583
54000	1	1	0.8239527741637662
57600	1	1	0.6842108594004482
61200	1	1	0.48492254451382094
64800	1	1	0.25164753212370883
68400	1	1	0.0007047278511572632
72000	0	0	0.000531641928973266
75600	0	0	0.00035647156957916256
79200	0	0	0.000273865405567296
82800	0	0	0.0004817320537132903
86400	0	0	0.0006491680085925308
90000	0	0	0.0007594332839581534
93600	0	1	0.0023837182196668936
97200	0	1	0.9993363951200415
100800	0	1	0.9995027531387093
104400	0	0	0.9980553045908414
108000	0	0	0.9965249898766252
111600	0	0	0.9950042305334974
115200	1	1	0.744185435669707
118800	1	1	0.49372013523579783
122400	1	1	0.24564676610168856
126000	1	1	0.9994858832917166
129600	1	1	0.9997909363526035
133200	1	1	0.9998367276020084
136800	1	1	0.9996704906922449
140400	1	1	0.8237646251334276
144000	1	1	0.6841644875663704
147600	1	1	0.48490955555236975
151200	1	1	0.2516476787437509
154800	1	1	0.000704165235103896
158400	0	0	0.0005337189831404596
162000	0	0	0.00036138814210683604
165600	0	0	0.00028572745036274097
169200	0	0	0.0005061569297150936
172800	0	0	0.0005638121397024744
176400	0	0	0.0006830138032706633
180000	0	1	0.00244563397175195
183600	0	1	0.9994211462739818
187200	0	0	0.9993434900437984
190800	0	0	0.9977572749230057
194400	0	0	0.9961009493742092
198000	0	0	0.9944432860208465
201600	1	1	0.7436219456914764
205200	1	1	0.49316224830826694
208800	1	1	0.24500974031515482
212400	1	1	0.9995069433275556
216000	1	1	0.9997900829923371
219600	1	1	0.9998399824823011
223200	1	1	0.9996756800908878
226800	1	1	0.8238191386073102
230400	1	1	0.6841684386579685
234000	1	1	0.48491306781049853
237600	1	1	0.25165255300678824
241200	1	1	0.0007100484729465109
244800	0	0	0.0005381241096234196
248400	0	0	0.000361210520186535
252000	0	0	0.00027851893296393734
255600	0	0	0.0004946821553355083
259200	0	0	0.0006303970093951211
262800	0	0	0.0006959342622513305
266400	0	1	0.0022000543707078385
270000	0	1	0.9993771965468642
273600	0	1	0.9993726071361206
277200	0	0	0.9977360993029352
280800	0	0	0.9960251099178261
284400	0	0	0.9943210793708482
288000	1	1	0.7435033999796142
291600	1	1	0.49304327819237254
295200	1	1	0.2448659908421195
298800	1	1	0.9995004901508556
302400	1	1	0.9997887004197695
306000	1	1	0.9998400969684318
309600	1	1	0.9996838130951684
313200	1	1	0.8237950522876255
316800	1	1	0.6841798305456049
320400	1	1	0.48493493823387285
324000	1	1	0.2516789078653983
327600	1	1	0.0007375262886304158
331200	0	0	0.0005605680251362984
334800	0	0	0.0003742699139157896
338400	0	0	0.0002701295924456483
342000	0	0	0.0005146334079526759
345600	0	0	0.0006682394879238942
349200	0	0	0.0007535618193582563
352800	0	1	0.002284518089584357
356400	0	1	0.9992418633504534
360000	0	1	0.9993589553882173
363600	0	0	0.9975663229643676
367200	0	0	0.9957113451170162
370800	0	0	0.9938676729691353
374400	1	1	0.7430499676434138
378000	1	1	0.4926011819941739
381600	1	1	0.24445847018502295
385200	1	1	0.99949166700658
388800	1	1	0.9997873143550856
392400	1	1	0.9998368589756155
396000	1	1	0.9996512947742199
399600	1	1	0.8239443012750981
403200	1	1	0.6842306591113719
406800	1	1	0.48495215604398545
410400	1	1	0.2516788667438924
414000	1	1	0.0007322016262003837
417600	0	0	0.0005521124198694768
421200	0	0	0.00037248410508507716
424800	0	0	0.0002893122700926629
428400	0	0	0.0004650125895401755
432000	0	0	0.0006030830529428887
435600	0	0	0.0007404036085105065
439200	0	1	0.002199927750116029
442800	0	1	0.9993192714855776
446400	0	1	0.9994600433508539
450000	0	0	0.9978913331614093
453600	0	0	0.9962573073865466
457200	0	0	0.9946270614355365
460800	1	1	0.7438111345897137
464400	1	1	0.4933618850476248
468000	1	1	0.2453906261234426
471600	1	1	0.9994875557169475
475200	1	1	0.9997856731058112
478800	1	1	0.9998377403575464
482400	1	1	0.9996661596727335
486000	1	1	0.8238368740558829
489600	1	1	0.6841700140875638
493200	1	1	0.48489483721217363
496800	1	1	0.25162478682641626
500400	1	1	0.0006834339230442076
504000	0	0	0.0005172177203884095
507600	0	0	0.0003459491783058301
511200	0	0	0.0002651404710594894
514800	0	0	0.0004916207708899525
518400	0	0	0.0006338765737422566
522000	0	0	0.000744773053512167
525600	0	1	0.002340193728931301
529200	0	1	0.9993827700672503
532800	0	1	0.9994941392110845
536400	0	0	0.998065429355011
540000	0	0	0.996550438550553
543600	0	0	0.995047754378488
547200	1	1	0.74423067588324
550800	1	1	0.4937739505382936
554400	1	1	0.24554652144073041
558000	1	1	0.9994877828073829
561600	1	1	0.9997897246981315
565200	1	1	0.9998405105782325
568800	1	1	0.9996546192775531
572400	1	1	0.8238836983943049
576000	1	1	0.6841898807709034
579600	1	1	0.4849018097514848
583200	1	1	0.2516235567600881
586800	1	1	0.0006776317220104141
590400	0	0	0.0005123562170782011
594000	0	0	0.0003461278867385962
597600	0	0	0.00026147633066283074
601200	0	0	0.0005072167954560953
604800	0	0	0.0006409002664198943
608400	0	0	0.00063770368206936
612000	0	1	0.0023432737518939675
615600	0	1	0.9994270568132889
619200	0	1	0.9995429872621757
622800	0	0	0.9983036455952118
626400	0	0	0.9969298663079359
630000	0	0	0.99556204525168
633600	1	1	0.7447457217488643
637200	1	1	0.4942973751686282
640800	1	1	0.24628976651427167
644400	1	1	0.9994967127083032
648000	1	1	0.9997893205777284
651600	1	1	0.9998387524943009
655200	1	1	0.9996678778095899
658800	1	1	0.8239439018401237
662400	1	1	0.6842244457068304
666000	1	1	0.4849520403140297
669600	1	1	0.2516838927510249
673200	1	1	0.000738800660038128
676800	0	0	0.00056140627531659
680400	0	0	0.0003847661150634689
684000	0	0	0.0002899658664295428
687600	0	0	0.00043679591701292634
691200	0	0	0.0006066373714697532
694800	0	0	0.0007346662194011997
698400	0	1	0.002229732530156705
702000	0	1	0.9993112138489626
705600	0	1	0.9993965158664714
709200	0	0	0.9977303022097453
712800	0	0	0.9959890207652213
716400	0	0	0.9942497748686386
720000	1	1	0.7434339547097124
723600	1	1	0.49298771486996473
727200	1	1	0.24495512612496245
730800	1	1	0.9995009842356383
734400	1	1	0.9997889309157453
738000	1	1	0.9998391553325696
741600	1	1	0.9996850813363536
745200	1	1	0.8237895014650827
748800	1	1	0.6841999959583656
752400	1	1	0.48496338119667015
756000	1	1	0.251709826227629
759600	1	1	0.0007669186661392329
763200	0	0	0.0005823220684539417
766800	0	0	0.0003878759444442154
770400	0	0	0.00029489813089087445
774000	0	0	0.0004914790411807573
777600	0	0	0.0006060255930297769
781200	0	0	0.0007526795878768091
784800	0	1	0.0023135517588392302
788400	0	1	0.9992782547587673
792000	0	1	0.9992676739798987
795600	0	0	0.9974018953626812
799200	0	0	0.9954830553674859
802800	0	0	0.9935719888951575
806400	1	1	0.7427543717562436
810000	1	1	0.4923122737684208
813600	1	1	0.24443723015248595
817200	1	1	0.9994964464826711
820800	1	1	0.9997885223013285
824400	1	1	0.9998371148439493
828000	1	1	0.9996648538303639
831600	1	1	0.8238012142610375
835200	1	1	0.6841837104981289
838800	1	1	0.4849444509981549
842400	1	1	0.25169190511089945
846000	1	1	0.0007477823962010155
849600	0	0	0.0005656878439757548
853200	0	0	0.00038711037920888323
856800	0	0	0.00029560283879293594
860400	0	0	0.00046092527618716813
864000	0	0	0.0006010352287955399
867600	0	0	0.0007285135397650628
871200	0	1	0.0019969035846405755
874800	0	1	0.9992796161685651
878400	0	1	0.9994391194156002
882000	0	0	0.9977611626095281
885600	0	0	0.9960324988689365
889200	0	0	0.9943059840675048
892800	1	1	0.7434795428432591
896400	1	1	0.4930159218873103
900000	1	1	0.2452196638281986
903600	1	1	0.999504067700238
907200	1	1	0.9997893018850222
910800	1	1	0.9998397598499978
914400	1	1	0.9996430931881171
918000	1	1	0.8236646949239871
921600	1	1	0.6841248679207033
925200	1	1	0.4849034683668864
928800	1	1	0.2516577234454939
932400	1	1	0.0007163517781658078
936000	0	0	0.0005467417488086983
939600	0	0	0.00037089497713646964
943200	0	0	0.0002748410655644371
946800	0	0	0.00046436640809779624
950400	0	0	0.0006492860775432056
954000	0	0	0.0007498801929245836
957600	0	1	0.002275606856288886
961200	0	1	0.9992954470867407
964800	0	1	0.9993915045529432
968400	0	0	0.9977133996717601
972000	0	0	0.995970248618362
975600	0	0	0.9942240983778182
979200	1	1	0.743406929367541
982800	1	1	0.4929595614690155
986400	1	1	0.2449392738221508
990000	1	1	0.9994951801783372
993600	1	1	0.9997869455980716
997200	1	1	0.9998363152559445
1000800	1	1	0.9996521562488064
1004400	1	1	0.8238306105399925
1008000	1	1	0.6841960575056016
1011600	1	1	0.48492968169851
1015200	1	1	0.2516606940759379
1018800	1	1	0.0007173400278298239
1022400	0	0	0.0005461073852840349
1026000	0	0	0.0003684527560478293
1029600	0	0	0.0002828302872102382
1033200	0	0	0.0004611489112805991
1036800	0	0	0.0006250664823985981
1040400	0	0	0.0007472579506415138
1044000	0	1	0.0022598310509577345
1047600	0	1	0.9993052201828071
1051200	0	1	0.9993865099456777
1054800	0	0	0.9976842056723284
1058400	0	0	0.9959168290637082
1062000	0	0	0.9941533477755945
1065600	1	1	0.7433378388473677
1069200	1	1	0.4928873494349373
1072800	1	1	0.24471416090317152
1076400	1	1	0.9995053068630496
1080000	1	1	0.9997899879832669
1083600	1	1	0.999838161224768
1087200	1	1	0.9996584809607292
1090800	1	1	0.824034014376261
1094400	1	1	0.6842630253737867
1098000	1	1	0.48496784846754554
1101600	1	1	0.2516891885824656
1105200	1	1	0.0007455311587117646
1108800	0	0	0.0005649610476933937
1112400	0	0	0.0003805814603126142
1116000	0	0	0.0002806233513350716
1119600	0	0	0.0004717817977454822
1123200	0	0	0.0006448200514442749
1126800	0	0	0.0007541040071605659
1130400	0	1	0.0023415351835959037
1134000	0	1	0.9993250332537371
1137600	0	1	0.9994360800581114
1141200	0	0	0.9978392374526959
1144800	0	0	0.99618575617171
1148400	0	0	0.9945406430019429
1152000	1	1	0.7437204664330747
1155600	1	1	0.49327273997553905
1159200	1	1	0.2456022164353132
1162800	1	1	0.9995162446801629
1166400	1	1	0.9997933777526643
1170000	1	1	0.9998419698734542
1173600	1	1	0.9996412915097662
1177200	1	1	0.8237301499219354
1180800	1	1	0.6841407496853606
1184400	1	1	0.48489835723004654
1188000	1	1	0.25164130518201666
1191600	1	1	0.0006963292489508521
1195200	0	0	0.0005309948049632435
1198800	0	0	0.00036220489160855866
1202400	0	0	0.0002822370051012757
1206000	0	0	0.00044208118968414506
1209600	0	0	0.0005738910138018973
1213200	0	0	0.000692864916962065
1216800	0	1	0.0018680670821517153
1220400	0	1	0.9993447316663076
1224000	0	1	0.9995504473695228
1227600	0	0	0.9981458568428926
1231200	0	0	0.9966436681358388
1234800	0	0	0.9951474115438924
1238400	1	1	0.744326647376342
1242000	1	1	0.4938768003904766
1245600	1	1	0.24655857390564834
1249200	1	1	0.9995081051796176
1252800	1	1	0.9997882073882065
1256400	1	1	0.9998382190439191
1260000	1	1	0.9996353673164418
1263600	1	1	0.8238785045757212
1267200	1	1	0.6841809307326087
1270800	1	1	0.4848973971439504
1274400	1	1	0.25162242947068164
1278000	1	1	0.0006780774004736159
1281600	0	0	0.0005156022736109465
1285200	0	0	0.00035150178121383114
1288800	0	0	0.0002702877449768353
1292400	0	0	0.00045447115029415133
1296000	0	0	0.0005722425761417799
1299600	0	0	0.0007127645971452631
1303200	0	1	0.002242926231370342
1306800	0	1	0.999393448637086
1310400	0	1	0.9995391780823231
1314000	0	0	0.9982250755183228
1317600	0	0	0.9967917091230041
1321200	0	0	0.9953615071009511
1324800	1	1	0.7445416315548119
1328400	1	1	0.4940692276800039
1332000	1	1	0.24572143937594781
1335600	1	1	0.9994996702837671
1339200	1	1	0.9997900223256287
1342800	1	1	0.9998380691734182
1346400	1	1	0.9996608267132978
1350000	1	1	0.8239729259756572
1353600	1	1	0.6842393140712395
1357200	1	1	0.48494682617107426
1360800	1	1	0.2516668932448497
1364400	1	1	0.0007234806422416017
1368000	0	0	0.0005463324829645241
1371600	0	0	0.00036583430117501325
1375200	0	0	0.0002808275718165356
1378800	0	0	0.000476298694183948
1382400	0	0	0.0006249571232650407
1386000	0	0	0.0007583105717204552
1389600	0	1	0.002355706435363897
1393200	0	1	0.9993358924298781
1396800	0	1	0.9994476122823408
1400400	0	0	0.9979772995406723
1404000	0	0	0.9963663515666398
1407600	0	0	0.994755100970822
1411200	1	1	0.7439374745295573
1414800	1	1	0.493474598727737
1418400	1	1	0.24517651353472739
1422000	1	1	0.9994967371825998
1425600	1	1	0.9997909433207026
1429200	1	1	0.9998375036028649
1432800	1	1	0.9996592147705367
1436400	1	1	0.8239043307236611
1440000	1	1	0.684214505489799
1443600	1	1	0.4849403003917136
1447200	1	1	0.25166990745859985
1450800	1	1	0.0007261802664497015
1454400	0	0	0.0005505894149146565
1458000	0	0	0.00037569298090424645
1461600	0	0	0.0002914389301739847
1465200	0	0	0.00045178744441089273
1468800	0	0	0.0005982078684128001
1472400	0	0	0.0007352951324207716
1476000	0	1	0.0021672569958217534
1479600	0	1	0.999328552659694
1483200	0	1	0.9994935360513025
1486800	0	0	0.9980531274708411
1490400	0	0	0.9964950585161025
1494000	0	0	0.9949371879451062
1497600	1	1	0.7441197395673491
1501200	1	1	0.4936592727210706
1504800	1	1	0.2456721680803665
1508400	1	1	0.9994922434921663
1512000	1	1	0.9997897696617997
1515600	1	1	0.999838919688172
1519200	1	1	0.9996334638531597
1522800	1	1	0.8238742473139847
1526400	1	1	0.6841799410848958
1530000	1	1	0.4849126023374758
1533600	1	1	0.2516461077670516
1537200	1	1	0.0007032220875505671
1540800	0	0	0.0005315896363883395
1544400	0	0	0.00036221648780162353
1548000	0	0	0.0002784740063240739
1551600	0	0	0.00046527321380443085
1555200	0	0	0.0006068560526868215
1558800	0	0	0.0007441108475227537
1562400	0	1	0.0020926224291330266
1566000	0	1	0.99933273640722
1569600	0	1	0.9995542307378432
1573200	0	0	0.9982435358700268
1576800	0	0	0.996798304042089
1580400	0	0	0.9953524393597329
1584000	1	1	0.7445364414342543
1587600	1	1	0.4940685991233233
1591200	1	1	0.2460849508700094
1594800	1	1	0.9995036454171876
1598400	1	1	0.9997895701220425
1602000	1	1	0.9998424140205056
1605600	1	1	0.9995945375757372
1609200	1	1	0.8237510633927995
1612800	1	1	0.6841341375708018
1616400	1	1	0.48486830580723833
1620000	1	1	0.2516014895015848
1623600	1	1	0.000659747608494267
1627200	0	0	0.0005061423975600122
1630800	0	0	0.00034993357305536865
1634400	0	0	0.0002719065782996913
1638000	0	0	0.00041968029795711104
1641600	0	0	0.000550640845465085
1645200	0	0	0.000661000728745183
1648800	0	1	0.002209164789987947
1652400	0	1	0.999475477502483
1656000	0	0	0.9996430259047056
1659600	0	0	0.9986461205766571
1663200	0	0	0.9975122482003328
1666800	0	0	0.9963729640166941
1670400	1	1	0.7455472937748978
1674000	1	1	0.49505307857859465
1677600	1	1	0.24697058963629895
1681200	1	1	0.9995502978102561
1684800	1	1	0.999799244334479
1688400	1	1	0.9998376716371254
1692000	1	1	0.9995589638479443
1695600	1	1	0.8236836182042242
1699200	1	1	0.6840992222472945
1702800	1	1	0.48484533411000746
1706400	1	1	0.25158395791414573
1710000	1	1	0.0006425843714718895
1713600	0	0	0.0004945133787551844
1717200	0	0	0.00034348524902304007
1720800	0	0	0.0002666939824531037
1724400	0	0	0.00038944093396492575
1728000	0	0	0.0005234178607648956
1731600	0	0	0.0007101980557726354
1735200	0	1	0.002099479728368172
1738800	0	1	0.9993458390222475
1742400	0	1	0.9996810263566753
1746000	0	0	0.9987046807193289
1749600	0	0	0.9975530109241045
1753200	0	0	0.9963974813395432
1756800	1	1	0.7455542609038192
1760400	1	1	0.49503484631245287
1764000	1	1	0.24659720519817036
1767600	1	1	0.9995101693677754
1771200	1	1	0.9997802225252027
1774800	1	1	0.9998363260715987
1778400	1	1	0.9996294590590433
1782000	1	1	0.8240779491275968
1785600	1	1	0.684267331065551
1789200	1	1	0.48495087202081366
1792800	1	1	0.2516596690802776
1796400	1	1	0.0007108556263833662
1800000	0	0	0.000537804915249935
1803600	0	0	0.00036299520907447216
1807200	0	0	0.00027862787835681224
1810800	0	0	0.00042610949976496935
1814400	0	0	0.0005879652420503311
1818000	0	0	0.0007666759971119111
1821600	0	1	0.00212969693601145
1825200	0	1	0.9994075637392278
1828800	0	1	0.9995967939463253
1832400	0	0	0.9984070492032172
1836000	0	0	0.9970979127676255
1839600	0	0	0.9957866387144124
1843200	1	1	0.7449295985085017
1846800	1	1	0.4943707770559312
1850400	1	1	0.24575288547460605
1854000	1	1	0.9995177359124096
1857600	1	1	0.9997972128768098
1861200	1	1	0.9998376065460928
1864800	1	1	0.9996260341421188
1868400	1	1	0.8237724800962455
1872000	1	1	0.6841895495704101
1875600	1	1	0.4849472973396462
1879200	1	1	0.2516868172805824
1882800	1	1	0.0007354055792499276
1886400	0	0	0.0005608446946207387
1890000	0	0	0.00038213901373875057
1893600	0	0	0.00027196001222387156
1897200	0	0	0.0004301750187203613
1900800	0	0	0.0005906777196705499
1904400	0	0	0.0007326707344708484
1908000	0	1	0.0020854222431642066
1911600	0	1	0.9993199508450088
1915200	0	1	0.999672690051843
1918800	0	0	0.9987029741563166
1922400	0	0	0.997558469429348
1926000	0	0	0.9964135953955963
1929600	1	1	0.7455809932332229
1933200	1	1	0.4951410925600036
1936800	1	1	0.2471717510970502
1940400	1	1	0.9995174302561363
1944000	1	1	0.9998005063364847
1947600	1	1	0.9998197995492666
1951200	1	1	0.9995291580886431
1954800	1	1	0.8235430212120548
1958400	1	1	0.6840729265544331
1962000	1	1	0.48486186784119406
1965600	1	1	0.25161691799459385
1969200	1	1	0.000674738649466677
1972800	0	0	0.0005222454419542774
1976400	0	0	0.00036708850840580254
1980000	0	0	0.0002681817226193646
1983600	0	0	0.0004046822239203355
1987200	0	0	0.0006040922688937952
1990800	0	0	0.0007713682494403766
1994400	0	1	0.0027116581560256456
1998000	0	1	0.9993553734683203
2001600	0	1	0.9995691284251286
2005200	0	0	0.9983965199243678
2008800	0	0	0.9970807782435309
2012400	0	0	0.9957564629063653
2016000	1	1	0.7449315227545514
2019600	1	1	0.4944555978460709
2023200	1	1	0.24717442132933576
2026800	1	1	0.9995525617528016
2030400	1	1	0.9997900844376529
2034000	1	1	0.9998415269044946
2037600	1	1	0.9995474917830384
2041200	1	1	0.8236945396790557
2044800	1	1	0.6841127403856403
2048400	1	1	0.4848752968785796
2052000	1	1	0.25162263681464675
2055600	1	1	0.0006820428676338659
2059200	0	0	0.0005211479151531927
2062800	0	0	0.00035525001788851526
2066400	0	0	0.00027586823340988405
2070000	0	0	0.00043675549406171346
2073600	0	0	0.0006035932351826468
2077200	0	0	0.0007557476822173869
2080800	0	1	0.0028503999937325992
2084400	0	1	0.9993241074429446
2088000	0	1	0.9994630246402214
2091600	0	0	0.998009975837618
2095200	0	0	0.9964597338596617
2098800	0	0	0.9949140934488162
2102400	1	1	0.744097773345457
2106000	1	1	0.49364453063888697
2109600	1	1	0.24537115298137727
2113200	1	1	0.9995025135460349
2116800	1	1	0.9997913411952032
2120400	1	1	0.9998374200704453
2124000	1	1	0.9996290469660183
2127600	1	1	0.8240011695505789
2131200	1	1	0.6842334090382782
2134800	1	1	0.48493061823613254
2138400	1	1	0.2516472399152578
2142000	1	1	0.0007034047887363234
2145600	0	0	0.0005358797752033218
2149200	0	0	0.00036356475216082655
2152800	0	0	0.00028229742119977095
2156400	0	0	0.00044535013685971563
2160000	0	0	0.0005566655922918755
2163600	0	0	0.0007261026449142379
2167200	0	1	0.0026791424550981764
2170800	0	1	0.9994241623871934
2174400	0	0	0.9995115637325498
2178000	0	0	0.9982209671128747
2181600	0	0	0.9968221786150531
2185200	0	0	0.995427654054872
2188800	1	1	0.7446075208985942
2192400	1	1	0.49412934394634733
2196000	1	1	0.24571199909889344
2199600	1	1	0.9995094616525841
2203200	1	1	0.9997856008353704
2206800	1	1	0.999838446240181
2210400	1	1	0.9996434683754158
2214000	1	1	0.823903424708848
2217600	1	1	0.6842160736922909
2221200	1	1	0.4849291055031473
2224800	1	1	0.251653388793401
2228400	1	1	0.0007107339236000692
2232000	0	0	0.0005366776390819503
2235600	0	0	0.00035798891778400564
2239200	0	0	0.0002775993968730359
2242800	0	0	0.0004556552466624022
2246400	0	0	0.0006320103855911487
2250000	0	0	0.0008693305719256126
2253600	0	1	0.0026678380824710014
2257200	0	1	0.999257359678925
2260800	0	1	0.9994336475723385
2264400	0	0	0.9978003133953375
2268000	0	0	0.9961066519940166
2271600	0	0	0.9944113158457534
2275200	1	1	0.7435825076928129
2278800	1	1	0.4930996298255336
2282400	1	1	0.2448938190866693
2286000	1	1	0.9994948700514035
2289600	1	1	0.9997896849306632
2293200	1	1	0.9998364449495497
2296800	1	1	0.9996342652194374
2300400	1	1	0.8241666568158126
2304000	1	1	0.684300936682732
2307600	1	1	0.48496655943511735
2311200	1	1	0.2516687829933341
2314800	1	1	0.0007246072359921987
2318400	0	0	0.0005473751093412495
2322000	0	0	0.00036662071072413055
2325600	0	0	0.0002769111689976487
2329200	0	0	0.0004706452696684561
2332800	0	0	0.000621890450021491
2336400	0	0	0.0007617915850052533
2340000	0	1	0.0024419853083826938
2343600	0	1	0.9993128449896841
2347200	0	1	0.9994666809944488
2350800	0	0	0.9978983614007672
2354400	0	0	0.9962703867754423
2358000	0	0	0.9946560149002408
2361600	1	1	0.7438388812199562
2365200	1	1	0.4933727508213654
2368800	1	1	0.24500863109431412
2372400	1	1	0.9995060014091195
2376000	1	1	0.9997899551893658
2379600	1	1	0.9998374336435432
2383200	1	1	0.9996373341807612
2386800	1	1	0.8242096203633896
2390400	1	1	0.684326829361764
2394000	1	1	0.4849823128091472
2397600	1	1	0.25167734009888965
2401200	1	1	0.0007279161424528331
2404800	0	0	0.0005488827323739728
2408400	0	0	0.00036892750301687827
2412000	0	0	0.00027796385955519714
2415600	0	0	0.0004641827138777675
2419200	0	0	0.0005974892496060322
2422800	0	0	0.0007299755295965022
2426400	0	1	0.002829064015117501
2430000	0	1	0.9994604571829098
2433600	0	0	0.9994266664904522
2437200	0	0	0.9980574173148744
2440800	0	0	0.9965854142911426
2444400	0	0	0.9951154416592275
2448000	1	1	0.7442893089917815
2451600	1	1	0.49380796556323137
2455200	1	1	0.24571093423226778
2458800	1	1	0.9995111440453053
2462400	1	1	0.9997919772867273
2466000	1	1	0.9998405105444096
2469600	1	1	0.9996490781856274
2473200	1	1	0.8239463981947972
2476800	1	1	0.6842550778131847
2480400	1	1	0.48497543127710185
2484000	1	1	0.25170187074240635
2487600	1	1	0.0007553264040189312
2491200	0	0	0.0005757622318056512
2494800	0	0	0.00039517392506176793
2498400	0	0	0.0002923460506881187
2502000	0	0	0.0004297420701766558
2505600	0	0	0.0005892162440769674
2509200	0	0	0.0007415289329069316
2512800	0	1	0.0023589691108297484
2516400	0	1	0.9993303007724988
2520000	0	1	0.9994243768617035
2523600	0	0	0.9978746430781754
2527200	0	0	0.9962245948444353
2530800	0	0	0.9945754480543624
2534400	1	1	0.7437542362173715
2538000	1	1	0.4932745770785426
2541600	1	1	0.24504403456737275
2545200	1	1	0.9994718393634464
2548800	1	1	0.9997980261744489
2552400	1	1	0.9998441946899642
2556000	1	1	0.9996222134910391
2559600	1	1	0.823754297849923
2563200	1	1	0.6841409635101541
2566800	1	1	0.4848885328933419
2570400	1	1	0.2516298749852773
2574000	1	1	0.0006890541905003056
2577600	0	0	0.0005216000755858432
2581200	0	0	0.0003517916088043776
2584800	0	0	0.0002763144038436621
2588400	0	0	0.0004929502219475366
2592000	0	0	0.0006158752463362676
2595600	0	0	0.000759303863326461
2599200	0	1	0.0022887560595236185
2602800	0	1	0.9993229108516065
2606400	0	1	0.9994034592131981
2610000	0	0	0.9977602514992561
2613600	0	0	0.9960393653797281
2617200	0	0	0.994320885786447
2620800	1	1	0.743500812455543
2624400	1	1	0.4930439184746291
2628000	1	1	0.2449076419602813
2631600	1	1	0.9995593516001928
2635200	1	1	0.9997926231148753
2638800	1	1	0.9998404483521577
2642400	1	1	0.9996521458084041
2646000	1	1	0.8238433553205811
2649600	1	1	0.6841747010419472
2653200	1	1	0.484911904871336
2656800	1	1	0.2516477459761767
2660400	1	1	0.000708234454954169
2664000	0	0	0.0005400823606321788
2667600	0	0	0.0003657162169039914
2671200	0	0	0.000293906775317263
2674800	0	0	0.00043946169817691254
2678400	0	0	0.0005807620011905998
2682000	0	0	0.0007327526027205442
2685600	0	1	0.0024166425685877182
2689200	0	1	0.9993239892112621
2692800	0	1	0.9994053266837662
2696400	0	0	0.9977469286166855
2700000	0	0	0.9960457073069451
2703600	0	0	0.9943539840808131
2707200	1	1	0.743536626898922
2710800	1	1	0.49307869530732573
2714400	1	1	0.24483167468170533
2718000	1	1	0.9994877079465272
2721600	1	1	0.9997905732121435
2725200	1	1	0.9998378498580995
2728800	1	1	0.9996234369626875
2732400	1	1	0.8241094048570237
2736000	1	1	0.684292653809076
2739600	1	1	0.48496752325346565
2743200	1	1	0.2516731530545297
2746800	1	1	0.0007305783471206733
2750400	0	0	0.0005532279634786551
2754000	0	0	0.00036968652074415996
2757600	0	0	0.0002814879156278027
2761200	0	0	0.00045439515339571634
2764800	0	0	0.0006271357388951107
2768400	0	0	0.0007914835350129821
2772000	0	1	0.002315073209192324
2775600	0	1	0.9993440803866512
2779200	0	1	0.9994216924642859
2782800	0	0	0.9978627838751062
2786400	0	0	0.996195159979598
2790000	0	0	0.9945300145364697
2793600	1	1	0.7437072143182543
2797200	1	1	0.49323720076302646
2800800	1	1	0.24492096352741574
2804400	1	1	0.9995050277294313
2808000	1	1	0.9997895738025284
2811600	1	1	0.9998372041231651
2815200	1	1	0.9996321732551476
2818800	1	1	0.8241363592524699
2822400	1	1	0.6843146757262272
2826000	1	1	0.4849838329679472
2829600	1	1	0.25168638821957723
2833200	1	1	0.0007424088316218939
2836800	0	0	0.0005596085147946191
2840400	0	0	0.00037370783758548966
2844000	0	0	0.00027736548265262393
2847600	0	0	0.0005233869249734334
2851200	0	0	0.000650938231252487
2854800	0	0	0.0007783008979432241
2858400	0	1	0.0025738300436234252
2862000	0	1	0.9992577394171361
2865600	0	1	0.9993597526603709
2869200	0	0	0.9976236726262082
2872800	0	0	0.9958084605105542
2876400	0	0	0.9940040683207455
2880000	1	1	0.7431865149555182
2883600	1	1	0.49273196997936575
2887200	1	1	0.24457476675156367
2890800	1	1	0.9995153200428215
2894400	1	1	0.999788335289956
2898000	1	1	0.9998360216187333
2901600	1	1	0.999630826273058
2905200	1	1	0.8242311642486577
2908800	1	1	0.684321582098376
2912400	1	1	0.48496678930424747
2916000	1	1	0.25165782061254244
2919600	1	1	0.0007092540645739411
2923200	0	0	0.0005325009525412376
2926800	0	0	0.0003559399329481739
2930400	0	0	0.0002712180407346194
2934000	0	0	0.0004971665050272229
2937600	0	0	0.000606245935153168
2941200	0	0	0.0007713259501894713
2944800	0	1	0.004418973185092031
2948400	0	1	0.99895637426881
2952000	0	1	0.9995686548121081
2955600	0	0	0.9981458075640429
2959200	0	0	0.9966508222720974
2962800	0	0	0.9951651487889365
2966400	1	1	0.7443482471119092
2970000	1	1	0.49388751749028076
2973600	1	1	0.24558546717022556
2977200	1	1	0.9995098926711967
2980800	1	1	0.9997907647711443
2984400	1	1	0.9998368215881668
2988000	1	1	0.9996326176532099
2991600	1	1	0.824235171306327
2995200	1	1	0.6843264942164721
2998800	1	1	0.4849735167297537
3002400	1	1	0.25166479793820995
3006000	1	1	0.0007157032650388784
3009600	0	0	0.000539007565302408
3013200	0	0	0.00035862176481159117
3016800	0	0	0.00026724971036317025
3020400	0	0	0.0004371470193105535
3024000	0	0	0.0007042410534723823
3027600	0	0	0.0007614182503083221
3031200	0	1	0.002601691210978429
3034800	0	1	0.9993287285847635
3038400	0	1	0.9995160565841887
3042000	0	0	0.998186993799723
3045600	0	0	0.9966914698178286
3049200	0	0	0.9952070300407793
3052800	1	1	0.7443899225436831
3056400	1	1	0.4939300514187478
3060000	1	1	0.2456779035508009
3063600	1	1	0.9995124030858459
3067200	1	1	0.9997910384208728
3070800	1	1	0.9998368952739136
3074400	1	1	0.9996394424580471
3078000	1	1	0.8241421941497066
3081600	1	1	0.6843340356093813
3085200	1	1	0.48500856781739515
3088800	1	1	0.2517140519188059
3092400	1	1	0.0007692712941143125
3096000	0	0	0.0005849956611321365
3099600	0	0	0.0003967933650697021
3103200	0	0	0.0002955336126248022
3106800	0	0	0.0004472890687634583
3110400	0	0	0.0005993025465379459
3114000	0	0	0.0007373642698538799
3117600	0	1	0.0022144236941996436
3121200	0	1	0.9993106212268579
3124800	0	1	0.9994562569147029
3128400	0	0	0.9979414278302744
3132000	0	0	0.9963049096626755
3135600	0	0	0.9946666739737461
3139200	1	1	0.7438278659612773
3142800	1	1	0.4933424888336122
3146400	1	1	0.24515116991854796
3150000	1	1	0.9995219880883878
3153600	1	1	0.9997996188670311
3157200	1	1	0.999838879070678
3160800	1	1	0.9995948639017267
3164400	1	1	0.8239174247927517
3168000	1	1	0.6841895717825498
3171600	1	1	0.48489985954715226
3175200	1	1	0.25162383598824684
3178800	1	1	0.0006810215922452486
3182400	0	0	0.0005221540163383294
3186000	0	0	0.000355837728841531
3189600	0	0	0.00026937052117652897
3193200	0	0	0.000398153130531028
3196800	0	0	0.0005791656783421205
3200400	0	0	0.0007217469783101418
3204000	0	1	0.002122648597078357
3207600	0	1	0.9993473966070254
3211200	0	1	0.9997456622065053
3214800	0	0	0.9990541929364865
3218400	0	0	0.9981407664668619
3222000	0	0	0.9972289075318053
3225600	1	1	0.7464083075992464
3229200	1	1	0.4959342934222532
3232800	1	1	0.2486075959151162
3236400	1	1	0.9995084986708671
3240000	1	1	0.9997932164098478
3243600	1	1	0.9998432058215287
3247200	1	1	0.999404581463487
3250800	1	1	0.8233887935213365
3254400	1	1	0.6839796270605439
3258000	1	1	0.4847933056211118
3261600	1	1	0.25155960663642846
3265200	1	1	0.0006225333501837891
3268800	0	0	0.00048543337491981445
3272400	0	0	0.00032571664896418944
3276000	0	0	0.0002719522883237307
3279600	0	0	0.00043158002526043636
3283200	0	0	0.000535022755608532
3286800	0	0	0.0007330041460368956
3290400	0	1	0.003023278622047656
3294000	0	1	0.9993400489041597
3297600	0	1	0.9995061082282449
3301200	0	0	0.9980903850027298
3304800	0	0	0.9966152442129216
3308400	0	0	0.9951447016217828
3312000	1	1	0.7443232179906422
3315600	1	1	0.4938447344866521
3319200	1	1	0.24543989668160773
3322800	1	1	0.9995076535930992
3326400	1	1	0.9997913057773447
3330000	1	1	0.9998363908753762
3333600	1	1	0.9996284887884525
3337200	1	1	0.8241732751047143
3340800	1	1	0.6843301629023701
3344400	1	1	0.4849919322436954
3348000	1	1	0.25169085516650774
3351600	1	1	0.0007460551620490219
3355200	0	0	0.0005690345866727918
3358800	0	0	0.00038858868529032957
3362400	0	0	0.0002960054916696672
3366000	0	0	0.0004329556085725508
3369600	0	0	0.0005448180329153931
3373200	0	0	0.0007172994322087868
3376800	0	1	0.0025833016525225296
3380400	0	1	0.9994435243812007
3384000	0	0	0.9993654006536404
3387600	0	0	0.9978093092860945
3391200	0	0	0.9962057648658426
3394800	0	0	0.9946135864230681
3398400	1	1	0.743797016869034
3402000	1	1	0.49333538650174247
3405600	1	1	0.24495656446245914
3409200	1	1	0.9995105320260346
3412800	1	1	0.999790330721511
3416400	1	1	0.9998369871183673
3420000	1	1	0.9996313154499721
3423600	1	1	0.8242233374118217
3427200	1	1	0.6843389687416769
3430800	1	1	0.48500007796584055
3434400	1	1	0.25169824904167826
3438000	1	1	0.0007528636129112533
3441600	0	0	0.0005708693742691221
3445200	0	0	0.00038548242905104245
3448800	0	0	0.00029380252654955696
3452400	0	0	0.00047957973472429296
3456000	0	0	0.0005878149945808134
3459600	0	0	0.0007221752029420962
3463200	0	1	0.0024885813116686945
3466800	0	1	0.9993335842004651
3470400	0	1	0.9992872393842589
3474000	0	0	0.9975159808561386
3477600	0	0	0.9956659208478404
3481200	0	0	0.993831051876175
3484800	1	1	0.7430147229785151
3488400	1	1	0.49254706982067903
3492000	1	1	0.2440951904499765
3495600	1	1	0.9995094038573663
3499200	1	1	0.9997913240501483
3502800	1	1	0.9998365887235704
3506400	1	1	0.9996232170851773
3510000	1	1	0.8242457321455744
3513600	1	1	0.6843026882275575
3517200	1	1	0.48492063289407433
3520800	1	1	0.2515984063503391
3524400	1	1	0.0006534909277968776
3528000	0	0	0.0004880808668392745
3531600	0	0	0.00032954869899719664
3535200	0	0	0.00026830326430242344
3538800	0	0	0.0004709947027205997
3542400	0	0	0.0006264238640626607
3546000	0	0	0.0006903281969210951
3549600	0	1	0.0019288409704718312
3553200	0	1	0.999392124784859
3556800	0	1	0.9996675463558037
3560400	0	0	0.9986441042926266
3564000	0	0	0.9974625787161863
3567600	0	0	0.9962814499471153
3571200	1	1	0.7454592987628882
3574800	1	1	0.49497590051423346
3578400	1	1	0.24646857045743942
3582000	1	1	0.9995059683782834
3585600	1	1	0.9997914723404133
3589200	1	1	0.9998374517105021
3592800	1	1	0.9995953506140397
3596400	1	1	0.8242057153153762
3600000	1	1	0.6842587413808717
3603600	1	1	0.4848809365655003
3607200	1	1	0.25156372489505635
3610800	1	1	0.0006227779522521658
3614400	0	0	0.00047066414468232843
3618000	0	0	0.0003154297431248857
3621600	0	0	0.00025616261210747337
3625200	0	0	0.00044969311959993643
3628800	0	0	0.0006296443645931354
3632400	0	0	0.0007240717828640743
3636000	0	1	0.0020693239303813493
3639600	0	1	0.999410892892492
3643200	0	1	0.9996869850740658
3646800	0	0	0.9987623091592694
3650400	0	0	0.9976571677010964
3654000	0	0	0.9965529787997848
3657600	1	1	0.745734246474378
3661200	1	1	0.49526835452839074
3664800	1	1	0.24703971824400478
3668400	1	1	0.9995048067590501
3672000	1	1	0.9997937569101655
3675600	1	1	0.9998354019931446
3679200	1	1	0.999608795314613
3682800	1	1	0.8242442744745012
3686400	1	1	0.6842947111230142
3690000	1	1	0.48491169086230984
3693600	1	1	0.25158876650714274
3697200	1	1	0.0006437867069665122
3700800	0	0	0.0004890495568408835
3704400	0	0	0.0003314894637413608
3708000	0	0	0.000262244013981512
3711600	0	0	0.00042316495164394265
3715200	0	0	0.0005743786906503548
3718800	0	0	0.0007039470505144315
3722400	0	1	0.002197954652786725
3726000	0	1	0.9993867164632125
3729600	0	1	0.9996937738496273
3733200	0	0	0.9987570774503182
3736800	0	0	0.9976606516937564
3740400	0	0	0.9965646753117462
3744000	1	1	0.7457452390171785
3747600	1	1	0.495297238436845
3751200	1	1	0.24741596503487165
3754800	1	1	0.999530432910111
3758400	1	1	0.9997980393154358
3762000	1	1	0.9998410046883296
3765600	1	1	0.9995654460687432
3769200	1	1	0.8241580055164022
3772800	1	1	0.684277135271393
3776400	1	1	0.4849212492773812
3780000	1	1	0.2516118039715234
3783600	1	1	0.0006676891444308432
3787200	0	0	0.0005096024785038581
3790800	0	0	0.0003380273851612284
3794400	0	0	0.00024859932938781727
3798000	0	0	0.00046480548778670447
3801600	0	0	0.0006597711705953382
3805200	0	0	0.000712731971950505
3808800	0	1	0.00290691421285442
3812400	0	1	0.9992935585307954
3816000	0	1	0.9996377354367144
3819600	0	0	0.9985825750423123
3823200	0	0	0.9973424428720378
3826800	0	0	0.9961067700076875
3830400	1	1	0.7452805763255924
3834000	1	1	0.4948032157379735
3837600	1	1	0.24640869561717402
3841200	1	1	0.9995302449882721
3844800	1	1	0.9997928995517709
3848400	1	1	0.9998368984071173
3852000	1	1	0.9995971755574521
3855600	1	1	0.8242264039107637
3859200	1	1	0.6843247146013567
3862800	1	1	0.4849671046263795
3866400	1	1	0.2516583465680516
3870000	1	1	0.0007124786434055643
3873600	0	0	0.0005421239124856941
3877200	0	0	0.0003687322089097169
3880800	0	0	0.00027830140156456904
3884400	0	0	0.0004237275442443724
3888000	0	0	0.000551025076223266
3891600	0	0	0.0007259178856970229
3895200	0	1	0.002157106273452945
3898800	0	1	0.9993691413507804
3902400	0	1	0.9996169421388769
3906000	0	0	0.9984294958581778
3909600	0	0	0.9971283227877343
3913200	0	0	0.9958303267136245
3916800	1	1	0.7450170368094448
3920400	1	1	0.494571488325471
3924000	1	1	0.24643032675296442
3927600	1	1	0.9995118942476945
3931200	1	1	0.9997929001047918
3934800	1	1	0.9998366493308921
3938400	1	1	0.9996081853834171
3942000	1	1	0.8241312531323666
3945600	1	1	0.6842919074222384
3949200	1	1	0.4849650996640969
3952800	1	1	0.25166622183697407
3956400	1	1	0.0007164415129719724
3960000	0	0	0.0005398211027746728
3963600	0	0	0.00034568687040767296
3967200	0	0	0.00026527675975146074
3970800	0	0	0.0004971819316610393
3974400	0	0	0.0006855247782712943
3978000	0	0	0.000740510801330091
3981600	0	1	0.0019339963114300418
3985200	0	1	0.9993219845580325
3988800	0	1	0.9994880846558877
3992400	0	0	0.9979535988496919
3996000	0	0	0.996302709821855
3999600	0	0	0.994660402613673
4003200	1	1	0.7438388718926998
4006800	1	1	0.49335722433482204
4010400	1	1	0.24482573541735417
4014000	1	1	0.9995172306689691
4017600	1	1	0.9997921511328338
4021200	1	1	0.9998366758695362
4024800	1	1	0.9996341464928492
4028400	1	1	0.8242241170286365
4032000	1	1	0.6843522669390293
4035600	1	1	0.48501248622330945
4039200	1	1	0.2517122471055333
4042800	1	1	0.0007687947401148038
4046400	0	0	0.0005806832902500918
4050000	0	0	0.0003846391676839285
4053600	0	0	0.00029070384503165724
4057200	0	0	0.0004942113449464174
4060800	0	0	0.0006454157268483101
4064400	0	0	0.0007227649010889083
4068000	0	1	0.001979487761994189
4071600	0	1	0.9991568546458713
4075200	0	1	0.9994356404121449
4078800	0	0	0.9976529372022477
4082400	0	0	0.9957700085314963
4086000	0	0	0.9939054750960522
4089600	1	1	0.7430906171945587
4093200	1	1	0.4926221691980193
4096800	1	1	0.2442103635465218
4100400	1	1	0.9995122495500108
4104000	1	1	0.9997919552307887
4107600	1	1	0.9998359575887136
4111200	1	1	0.9996095890484075
4114800	1	1	0.8241933899982196
4118400	1	1	0.6842747270606258
4122000	1	1	0.4849052358217955
4125600	1	1	0.2515870384296474
4129200	1	1	0.0006397777518230759
4132800	0	0	0.0004704693876036029
4136400	0	0	0.00030649526777132714
4140000	0	0	0.00024506746338536905
4143600	0	0	0.0004998951891540537
4147200	0	0	0.0007367667075873774
4150800	0	0	0.0008986224885180821
4154400	0	1	0.002132874843228472
4158000	0	1	0.9993007256746946
4161600	0	1	0.9996249778600972
4165200	0	0	0.9984492641681528
4168800	0	0	0.9971008167049307
4172400	0	0	0.9957590710446648
4176000	1	1	0.7449395345680838
4179600	1	1	0.49446824884242285
4183200	1	1	0.24600790551796328
4186800	1	1	0.9995146310731963
4190400	1	1	0.9997947887966301
4194000	1	1	0.9998381636617862
4197600	1	1	0.9996197589510004
4201200	1	1	0.8242905138471401
4204800	1	1	0.6843163290218648
4208400	1	1	0.4849207628177452
4212000	1	1	0.25159324501714303
4215600	1	1	0.0006531442397508876
4219200	0	0	0.000493652437693988
4222800	0	0	0.0003323143924614245
4226400	0	0	0.00026755041958476485
4230000	0	0	0.0004710415573176623
4233600	0	0	0.0006088160808257237
4237200	0	0	0.0007096312672225514
4240800	0	1	0.0021285127884524456
4244400	0	1	0.9992948036149122
4248000	0	1	0.9996264669179489
4251600	0	0	0.9983890964806311
4255200	0	0	0.9970282308409145
4258800	0	0	0.9956748534047233
4262400	1	1	0.744852355539568
4266000	1	1	0.49435870899929907
4269600	1	1	0.24555212976121338
4273200	1	1	0.9995138631426695
4276800	1	1	0.9997918029560997
4280400	1	1	0.9998376432079841
4284000	1	1	0.99964589371715
4287600	1	1	0.8244531239516935
4291200	1	1	0.6843977161398694
4294800	1	1	0.4849799534810807
4298400	1	1	0.25164088891122105
4302000	1	1	0.0006951238565481103
4305600	0	0	0.0005198907864622725
4309200	0	0	0.00034465967050168703
4312800	0	0	0.00026547148503396653
4316400	0	0	0.0004765768004394898
4320000	0	0	0.0006474990493797436
4323600	0	0	0.0007684875322870316
4327200	0	1	0.003363337509414845
4330800	0	1	0.9993939488247754
4334400	0	0	0.999537558168695
4338000	0	0	0.9982765959023522
4341600	0	0	0.9969143509982648
4345200	0	0	0.9955491822691911
4348800	1	1	0.7447200634020951
4352400	1	1	0.4942252482236543
4356000	1	1	0.24557779925993695
4359600	1	1	0.9995139123356689
4363200	1	1	0.9997926197781584
4366800	1	1	0.999838088180694
4370400	1	1	0.9996399476550031
4374000	1	1	0.8242605368704312
4377600	1	1	0.6843606424472941
4381200	1	1	0.4850153422836015
4384800	1	1	0.2517097613776886
4388400	1	1	0.0007653823023460118
4392000	0	0	0.000578379063170093
4395600	0	0	0.00039083857384990814
4399200	0	0	0.0003014149279165182
4402800	0	0	0.0004672120210635397
4406400	0	0	0.0005945413541530353
4410000	0	0	0.0007323406253224496
4413600	0	1	0.0022207531142894475
4417200	0	1	0.9992952116520601
4420800	0	1	0.9992963625116753
4424400	0	0	0.9974043215538855
4428000	0	0	0.9954641243102268
4431600	0	0	0.9935412246332902
4435200	1	1	0.7427208739357775
4438800	1	1	0.49224960679971635
4442400	1	1	0.243840230539944
4446000	1	1	0.9995283331016661
4449600	1	1	0.9997919166158816
4453200	1	1	0.9998395307460429
4456800	1	1	0.9996356045497342
4460400	1	1	0.8240922293645362
4464000	1	1	0.6842624222952025
4467600	1	1	0.4849191809297111
4471200	1	1	0.25161726071513557
4474800	1	1	0.0006769577835361805
4478400	0	0	0.0005108769118743693
4482000	0	0	0.000343692954753063
4485600	0	0	0.0002687175046444203
4489200	0	0	0.000499156611520221
4492800	0	0	0.0006314678315604324
4496400	0	0	0.000712602202304743
4500000	0	1	0.0019864609997929123
4503600	0	1	0.9992341895656585
4507200	0	1	0.9995841570295713
4510800	0	0	0.9982245758050562
4514400	0	0	0.9967169725591267
4518000	0	0	0.9952173584126216
4521600	1	1	0.7443979783686834
4525200	1	1	0.4939248756940193
4528800	1	1	0.24545558412228077
4532400	1	1	0.9995151073318073
4536000	1	1	0.9997922769753839
4539600	1	1	0.9998368738802073
4543200	1	1	0.9996276253909467
4546800	1	1	0.8242985100561026
4550400	1	1	0.6843516577597495
4554000	1	1	0.48497332493737005
4557600	1	1	0.25165453560846257
4561200	1	1	0.0007125180991316878
4564800	0	0	0.0005383932650087085
4568400	0	0	0.00036208067660860153
4572000	0	0	0.00026554490263193577
4575600	0	0	0.0005073689464100436
4579200	0	0	0.0006265894975026757
4582800	0	0	0.0007357851532512943
4586400	0	1	0.001981817381262049
4590000	0	1	0.999313465601137
4593600	0	1	0.9992853372446912
4597200	0	0	0.9972426907020683
4600800	0	0	0.9951922497390358
4604400	0	0	0.9931651223475843
4608000	1	1	0.7423446481655556
4611600	1	1	0.4918560635997945
4615200	1	1	0.24302477953806323
4618800	1	1	0.9995263483543753
4622400	1	1	0.9997932116835563
4626000	1	1	0.9998378855348445
4629600	1	1	0.9996770727553596
4633200	1	1	0.8246780978042568
4636800	1	1	0.6845272199634745
4640400	1	1	0.4850767450286672
4644000	1	1	0.25171639055428696
4647600	1	1	0.000766284842379623
4651200	0	0	0.0005770550483144638
4654800	0	0	0.00038911970603844093
4658400	0	0	0.0002787720101683375
4662000	0	0	0.00044922331707550605
4665600	0	0	0.0007554620719046652
4669200	0	0	0.0006221727052782308
4672800	0	1	0.002713304865332637
4676400	0	1	0.9991841408243043
4680000	0	1	0.9994522998078824
4683600	0	0	0.9977333402135156
4687200	0	0	0.9959799405844006
4690800	0	0	0.994236675828999
4694400	1	1	0.7434183162933204
4698000	1	1	0.4929394320151712
4701600	1	1	0.24426444729749552
4705200	1	1	0.999519369466773
4708800	1	1	0.9997925751348029
4712400	1	1	0.9998372860260522
4716000	1	1	0.9996540125249955
4719600	1	1	0.8244977367602289
4723200	1	1	0.6844262533490174
4726800	1	1	0.4850064841147632
4730400	1	1	0.2516630322251366
4734000	1	1	0.0007157699542161808
4737600	0	0	0.0005369024362656164
4741200	0	0	0.0003536250217196792
4744800	0	0	0.0002600449702473024
4748400	0	0	0.0005267664332184735
4752000	0	0	0.0006927502570640335
4755600	0	0	0.0006569687266638591
4759200	0	1	0.00221117779216127
4762800	0	1	0.9994136127588433
4766400	0	1	0.999151625245304
4770000	0	0	0.9971524384928723
4773600	0	0	0.9951524595423196
4777200	0	0	0.9931626849561573
4780800	1	1	0.7423410478700789
4784400	1	1	0.4918472993744575
4788000	1	1	0.24293239063789804
4791600	1	1	0.9995286693969592
4795200	1	1	0.999793577088642
4798800	1	1	0.9998381852065219
4802400	1	1	0.9996797918495338
4806000	1	1	0.8247274551813746
4809600	1	1	0.6845049736535441
4813200	1	1	0.48500703676206003
4816800	1	1	0.25161893875203045
4820400	1	1	0.000673683131837643
4824000	0	0	0.000505753516310656
4827600	0	0	0.00033442519433118137
4831200	0	0	0.00026100008567599245
4834800	0	0	0.0004444908181924595
4838400	0	0	0.0006514264944047387
4842000	0	0	0.0007572145869435892
4845600	0	1	0.0022923863935481147
4849200	0	1	0.9993451387831764
4852800	0	1	0.9996477151997383
4856400	0	0	0.9985194012239815
4860000	0	0	0.9972571062746228
4863600	0	0	0.9960022153053502
4867200	1	1	0.7451826822306713
4870800	1	1	0.4947034036250335
4874400	1	1	0.24606291265774738
4878000	1	1	0.9995175879037486
4881600	1	1	0.9997941807568496
4885200	1	1	0.9998380662171971
4888800	1	1	0.9996620931847383
4892400	1	1	0.824475872162672
4896000	1	1	0.6844624793400818
4899600	1	1	0.48506684407273165
4903200	1	1	0.2517356442375155
4906800	1	1	0.0007847604792029026
4910400	0	0	0.0005948829963737182
4914000	0	0	0.00040167666940068116
4917600	0	0	0.0002896089656835863
4921200	0	0	0.00042238549728828336
4924800	0	0	0.0006155835657033423
4928400	0	0	0.0007319779493883154
4932000	0	1	0.002161476234406041
4935600	0	1	0.9993759056862409
4939200	0	1	0.9995465872179401
4942800	0	0	0.9982093035595041
4946400	0	0	0.9967819456435633
4950000	0	0	0.9953546323381377
4953600	1	1	0.7445361177234918
4957200	1	1	0.4940700999641932
4960800	1	1	0.24574796133775711
4964400	1	1	0.9995362883200687
4968000	1	1	0.9997982206805017
4971600	1	1	0.9998385571893849
4975200	1	1	0.9995839912178053
4978800	1	1	0.8239078717852983
4982400	1	1	0.6841923377434694
4986000	1	1	0.4849058718258775
4989600	1	1	0.2516319233282341
4993200	1	1	0.0006913184909033705
4996800	0	0	0.0005266294208557956
5000400	0	0	0.00035930219544608134
5004000	0	0	0.00028217723702578544
5007600	0	0	0.00043864344635301863
5011200	0	0	0.000610094954902704
5014800	0	0	0.0007265281405253604
5018400	0	1	0.002306828745377627
5022000	0	1	0.9992458279409147
5025600	0	1	0.9995582851465385
5029200	0	0	0.998214291822593
5032800	0	0	0.9967268303271661
5036400	0	0	0.995242590115362
5040000	1	1	0.7444256392134596
5043600	1	1	0.4939597522650897
5047200	1	1	0.24574570956852726
5050800	1	1	0.999507423395765
5054400	1	1	0.9997948865585183
5058000	1	1	0.9998381870061296
5061600	1	1	0.9996784169871924
5065200	1	1	0.8235773217328078
5068800	1	1	0.6843217501069415
5072400	1	1	0.4852893481770407
5076000	1	1	0.2521495882616541
5079600	1	1	0.001235693896357009
5083200	0	0	0.0008589206122544562
5086800	0	0	0.0004481468324646739
5090400	0	0	0.00025119099975863085
5094000	0	1	0.4809032034447769
5097600	0	1	0.4350270442352617
5101200	0	1	0.3962994454891525
5104800	0	1	0.36342599912900114
5108400	0	1	0.33446629721538673
5112000	0	1	0.3089766244171781
5115600	0	1	0.28717805155047604
5119200	0	1	0.26799823405306755
5122800	0	1	0.25106527077479307
5126400	1	1	0.00025574620143731485
5130000	1	1	0.00018268656231771774
5133600	1	1	0.0007002167126338878
5137200	1	1	0.0017265618584796183
5140800	1	1	0.9984812026808182
5144400	1	1	0.998851548603463
5148000	1	1	0.9997265770897025
5151600	1	1	0.9997870018800202
5155200	1	1	0.99973960758444
5158800	1	1	0.7489524686808454
5162400	1	1	0.49796651214237697
5166000	1	1	0.2469380300379358
5169600	0	1	0.23693819106697492
5173200	0	1	0.22808220749230607
5176800	0	1	0.22005501574456635
5180400	0	1	0.21277182564799277
5184000	0	1	0.20672305610934172
5187600	0	1	0.20716077657258858
5191200	0	1	0.27551573118138845
5194800	0	1	0.2733694125689959
5198400	0	1	0.2679415487764662
5202000	0	1	0.2622829986167219
5205600	0	1	0.25669348334630604
5209200	0	1	0.2510707279173794
5212800	1	1	0.00025654499127863046
5216400	1	1	0.0001838550044706325
5220000	1	1	0.0006943931215612204
5223600	1	1	0.0016488160426498238
5227200	1	1	0.9985879951391453
5230800	1	1	0.9985321933998176
5234400	1	1	0.999716974555607
5238000	1	1	0.9997393281538606
5241600	1	1	0.9998550186693993
5245200	1	1	0.7491577168128677
5248800	1	1	0.49817561835116
5252400	1	1	0.24714989758291964
5256000	0	1	0.23332011530184432
5259600	0	1	0.22134827166240809
5263200	0	1	0.2107380614021105
5266800	0	1	0.2010499086019922
5270400	0	1	0.1928908490513083
5274000	0	1	0.19254028412465957
5277600	0	1	0.2813494483771115
5281200	0	1	0.27893783618642515
5284800	0	1	0.27192944754372933
5288400	0	1	0.26483912797316983
5292000	0	1	0.2579144381280186
5295600	0	1	0.2510389800653984
5299200	1	1	0.0002373675927270356
5302800	1	1	0.00018377596390691092
5306400	1	1	0.0006943924340619664
5310000	1	1	0.0016486256709858772
5313600	1	1	0.9985882018260084
5317200	1	1	0.9985321637245653
5320800	1	1	0.9997171228249659
5324400	1	1	0.9997353995091764
5328000	1	1	0.9998509427396484
5331600	1	1	0.7491282499597606
5335200	1	1	0.49814424091259735
5338800	1	1	0.24711714296697157
5342400	0	1	0.2361076976589518
5346000	0	1	0.22647379282776345
5349600	0	1	0.21777074257181742
5353200	0	1	0.20992102858997772
5356800	0	1	0.20319297741870626
5360400	0	1	0.2033587536177603
5364000	0	1	0.2762156532097734
5367600	0	1	0.2748552964965652
5371200	0	1	0.26897844288256667
5374800	0	1	0.2629311295509681
5378400	0	1	0.25702236825005953
5382000	0	1	0.25105714645940785
5385600	1	1	0.000248093240486512
5389200	1	1	0.00018387156044720397
5392800	1	1	0.0006943932370597748
5396400	1	1	0.0016488160438121611
5400000	1	1	0.9985879951076797
5403600	1	1	0.9985321898853604
5407200	1	1	0.999716771007293
5410800	1	1	0.9996865133760066
5414400	1	1	0.9998570458434176
5418000	1	1	0.74914229667362
5421600	1	1	0.49815735341057776
5425200	1	1	0.24712917833776954
5428800	0	1	0.23904062685749883
5432400	0	1	0.2318370570360878
5436000	0	1	0.2252380326200614
5439600	0	1	0.21924244818807206
5443200	0	1	0.21453583545853525
5446800	0	1	0.2158654062808925
5450400	0	1	0.27147717257562237
5454000	0	1	0.27021318807343236
5457600	0	1	0.2656663662554584
5461200	0	1	0.26082630527682227
5464800	0	1	0.2560023060545326
5468400	0	1	0.25108074288184085
5472000	1	1	0.0002629546006836442
5475600	1	1	0.0001838813105301106
5479200	1	1	0.0006943933050778027
5482800	1	1	0.0016488160444926626
5486400	1	1	0.9985879951649725
5490000	1	1	0.9985321962841693
5493600	1	1	0.9997171416118678
5497200	1	1	0.9997827367032178
5500800	1	1	0.9998516103333468
5504400	1	1	0.7491570783251914
5508000	1	1	0.49817856390517784
5511600	1	1	0.2471538775456804
5515200	0	1	0.2408991813270574
5518800	0	1	0.2352218681431008
5522400	0	1	0.23002759415291055
5526000	0	1	0.2253275705849676
5529600	0	1	0.2221102589853199
5533200	0	1	0.2250149555993523
5536800	0	1	0.2674280397134832
5540400	0	1	0.26663367582141456
5544000	0	0	0.26314540701009537
5547600	0	0	0.25918386511136615
5551200	0	0	0.25515210107726577
5554800	0	0	0.2510020428633437
5558400	1	1	0.0002178126129634839
5562000	1	1	0.00018360975584043464
5565600	1	1	0.0006951356997900252
5569200	1	1	0.0016583614713792348
5572800	1	1	0.9985735531679769
5576400	1	1	0.9985380374534568
5580000	1	1	0.999718274795896
5583600	1	1	0.9997962387519518
5587200	1	1	0.999838134686292
5590800	1	1	0.7491459620076536
5594400	1	1	0.498167709388767
5598000	1	1	0.24714370872580121
5601600	0	1	0.2382970529179127
5605200	0	1	0.23049114644473154
5608800	0	1	0.22338633315984133
5612400	0	1	0.21689507054764823
5616000	0	1	0.21169857980409457
5619600	0	1	0.21228930180970457
5623200	0	1	0.2721526181497821
5626800	0	1	0.27127441734221874
5630400	0	1	0.2664198345740754
5634000	0	1	0.26129693885379013
5637600	0	1	0.2561977497296423
5641200	0	1	0.2510103315087778
5644800	1	1	0.00022214097915726174
5648400	1	1	0.00018372716609010167
5652000	1	1	0.0006943837213681165
5655600	1	1	0.0016479714655512762
5659200	1	1	0.99858793151927
5662800	1	1	0.9985293269235092
5666400	1	1	0.9997174389945201
5670000	1	1	0.9997467107878273
5673600	1	1	0.999860060636467
5677200	1	1	0.7491846811698994
5680800	1	1	0.49820655716003887
5684400	1	1	0.24718192657363725
5688000	0	1	0.23967689340931783
5691600	0	1	0.23290590453825175
5695200	0	1	0.22675833844312984
5698800	0	1	0.22117999852720924
5702400	0	1	0.21671928597898096
5706000	0	1	0.2179559266391036
5709600	0	1	0.26950796700630053
5713200	0	1	0.2689721545744922
5716800	0	1	0.2648390558103914
5720400	0	0	0.26028142366301293
5724000	0	0	0.2556883832611389
5727600	0	0	0.25100667791616393
5731200	1	1	0.0002198399207380929
5734800	1	1	0.00018370408846878956
5738400	1	1	0.0006943919331657323
5742000	1	1	0.0016486256659624108
5745600	1	1	0.9985882017722449
5749200	1	1	0.998532157704034
5752800	1	1	0.9997167736091391
5756400	1	1	0.9996868464205858
5760000	1	1	0.9998881072551447
5763600	1	1	0.7492326602359437
5767200	1	1	0.498260174337954
5770800	1	1	0.2472390386265263
5774400	0	1	0.24079638679835935
5778000	0	1	0.2349195513974524
5781600	0	1	0.2295697700140075
5785200	0	1	0.22471531537857803
5788800	0	1	0.22113229055468256
5792400	0	1	0.2228357218907687
5796000	0	1	0.2675045910377629
5799600	0	1	0.26697264459209025
5803200	0	0	0.26335406483515705
5806800	0	0	0.2592993091877262
5810400	0	0	0.25518298999145184
5814000	0	0	0.2509408179620437
5817600	1	1	0.00019035259073133044
5821200	1	1	0.00018358325231191265
5824800	1	1	0.0006943910910687489
5828400	1	1	0.0016486256575308025
5832000	1	1	0.9985882018093876
5835600	1	1	0.9985321618631914
5839200	1	1	0.999717014856995
5842800	1	1	0.9997073466959686
5846400	1	1	0.9998715814279515
5850000	1	1	0.7491694126450777
5853600	1	1	0.49819004119214216
5857200	1	1	0.24716503716928168
5860800	0	1	0.23913046393119014
5864400	0	1	0.23192363252392467
5868000	0	1	0.2253442982370769
5871600	0	1	0.21937841586120888
5875200	0	1	0.21499402746766366
5878800	0	1	0.21590302138206607
5882400	0	1	0.27052611127489246
5886000	0	1	0.26980802073625465
5889600	0	1	0.26549693025606425
5893200	0	1	0.26070102754516233
5896800	0	1	0.2559070129171943
5900400	0	1	0.25100531371281615
5904000	1	1	0.0002191792638745257
5907600	1	1	0.00018370169368414063
5911200	1	1	0.0006943843741662384
5914800	1	1	0.0016445103032650219
5918400	1	1	0.9985882400996215
5922000	1	1	0.9985364508291906
5925600	1	1	0.9997171126468832
5929200	1	1	0.9997744800616882
5932800	1	1	0.9998594210552856
5936400	1	1	0.749155050291721
5940000	1	1	0.49817842510362204
5943600	1	1	0.2471547263316776
5947200	0	1	0.24126098479294694
5950800	0	1	0.23589660300982906
5954400	0	1	0.23096469976476922
5958000	0	0	0.22652170885173456
5961600	0	1	0.22354198214954962
5965200	0	1	0.22729547555630178
5968800	0	1	0.26675058386871975
5972400	0	1	0.26603076246184004
5976000	0	0	0.26265793315691666
5979600	0	0	0.25885445274005797
5983200	0	0	0.25498512345486907
5986800	0	0	0.2509810136779379
5990400	1	1	0.00020739148887699476
5994000	1	1	0.0001836533611938619
5997600	1	1	0.0006943917148652212
6001200	1	1	0.0016488160285298668
6004800	1	1	0.9985879951813794
6008400	1	1	0.9985321981172652
6012000	1	1	0.9997172477817926
6015600	1	1	0.9997681834252261
6019200	1	1	0.9998211165916597
6022800	1	1	0.7491039944902305
6026400	1	1	0.4981177025109838
6030000	1	1	0.2470888394897254
6033600	0	1	0.237744874437885
6037200	0	1	0.22949317539924208
6040800	0	1	0.22201607139128646
6044400	0	1	0.2151998326325781
6048000	0	1	0.20964624976340138
6051600	0	1	0.21043834115781207
6055200	0	1	0.27369502152301556
6058800	0	1	0.2722966098494814
6062400	0	1	0.26716782118201726
6066000	0	1	0.2618009019172327
6069600	0	1	0.2564913127875503
6073200	0	1	0.2511031950481833
6076800	1	1	0.0002779314732931795
6080400	1	1	0.0001839427811954033
6084000	1	1	0.0006943937338858336
6087600	1	1	0.0016488160348475187
6091200	1	1	0.9985840027176323
6094800	1	1	0.9985364050284661
6098400	1	1	0.9997167716886094
6102000	1	1	0.9996859713073193
6105600	1	1	0.9997886329644669
6109200	1	1	0.7490233001505351
6112800	1	1	0.4980303602731695
6116400	1	1	0.24699700529787894
6120000	0	1	0.23453252918214584
6123600	0	1	0.2237755837818411
6127200	0	1	0.2141142540095057
6130800	0	1	0.20528474623669068
6134400	0	1	0.19767111171856017
6138000	0	1	0.1981101863151857
6141600	0	1	0.2797442511534513
6145200	0	1	0.27727438393597736
6148800	0	1	0.27079627280562973
6152400	0	1	0.2642069698261685
6156000	0	1	0.25776924843401317
6159600	0	1	0.25134010774487026
6163200	1	1	0.00047069569014736415
6166800	1	1	0.00018473157017505625
6170400	1	1	0.000694399236789184
6174000	1	1	0.0016488161040510577
6177600	1	1	0.998587995187966
6181200	1	1	0.9985321988526888
6184800	1	1	0.9997172903765453
6188400	1	1	0.9997792613504123
6192000	1	1	0.9998393154208408
6195600	1	1	0.7491173921997278
6199200	1	1	0.4981365535051238
6202800	1	1	0.24710974455667795
6206400	0	1	0.23981855447355677
6210000	0	1	0.23327544779332343
6213600	0	1	0.22728454796291703
6217200	0	1	0.22188045926876188
6220800	0	1	0.21777653486121143
6224400	0	1	0.21947786248097437
6228000	0	1	0.269316516856157
6231600	0	1	0.2686622841500335
6235200	0	1	0.26456116091465137
6238800	0	0	0.26010735778583954
6242400	0	0	0.2556276842704212
6246000	0	0	0.25104006049799105
6249600	1	1	0.0002382177677091042
6253200	1	1	0.00018373626809924955
6256800	1	1	0.0006951378953363602
6260400	1	1	0.0016573635730095268
6264000	1	1	0.9985873413823545
6267600	1	1	0.9985415533304598
6271200	1	1	0.9997174484545491
6274800	1	1	0.9997013420442626
6278400	1	1	0.9998496282153557
6282000	1	1	0.7491382559895073
6285600	1	1	0.49815391442571216
6289200	1	1	0.247125057623226
6292800	0	1	0.23852723229446007
6296400	0	1	0.2308362934122919
6300000	0	1	0.2238708420990963
6303600	0	1	0.21756198076128594
6307200	0	1	0.2124609359481161
6310800	0	1	0.21352083959855234
6314400	0	1	0.2721989842907655
6318000	0	1	0.27108574372301814
6321600	0	1	0.26634723084225886
6325200	0	1	0.2612991990472699
6328800	0	1	0.2562586458763373
6332400	0	1	0.2511245511258148
6336000	1	1	0.00029402209543738826
6339600	1	1	0.000183642188399179
6343200	1	1	0.0007048548999095281
6346800	1	1	0.001675850491369236
6350400	1	1	0.9985274858610107
6354000	1	1	0.9985798596766887
6357600	1	1	0.9997193119831456
6361200	1	1	0.999702410258664
6364800	1	1	0.9998517037450165
6368400	1	1	0.7491360345949409
6372000	1	1	0.4981543327124269
6375600	1	1	0.24712711944254462
6379200	0	1	0.2390891841867158
6382800	0	1	0.23193472142567728
6386400	0	1	0.2253874035841063
6390000	0	1	0.2194846564804387
6393600	0	1	0.21492573307264154
6397200	0	1	0.2161175615703035
6400800	0	1	0.2711133266059369
6404400	0	1	0.2699790651966074
6408000	0	1	0.26553515621943374
6411600	0	1	0.26075278446177486
6415200	0	0	0.2559627375540403
6418800	0	1	0.25106363096622036
6422400	1	1	0.000252760447060163
6426000	1	1	0.00018402904205231014
6429600	1	1	0.0006966169351302975
6433200	1	1	0.001662604052914158
6436800	1	1	0.9986046062803476
6440400	1	1	0.9985445129842698
6444000	1	1	0.9997179029442149
6447600	1	1	0.9997586676841065
6451200	1	1	0.9998572550683692
6454800	1	1	0.7491871561316225
6458400	1	1	0.4982120475111398
6462000	1	1	0.24718830175107098
6465600	0	1	0.24048615938510914
6469200	0	1	0.23442521149611517
6472800	0	1	0.22889951471559025
6476400	0	1	0.22386292035171146
6480000	0	1	0.22031709926987758
6483600	0	1	0.22228809408208133
6487200	0	1	0.26871288583657044
6490800	0	1	0.26767124113549084
6494400	0	0	0.26382987531090896
6498000	0	0	0.2596395229510385
6501600	0	0	0.2554176513294634
6505200	0	0	0.25106310380300684
6508800	1	1	0.00025454824053600925
6512400	1	1	0.0001832863191626309
6516000	1	1	0.0007009159963676727
6519600	1	1	0.0017792527356577932
6523200	1	1	0.9986685192929269
6526800	1	1	0.998633460373971
6530400	1	1	0.9997377486602581
6534000	1	1	0.9997609327315352
6537600	1	1	0.999829081645113
6541200	1	1	0.7491432571157763
6544800	1	1	0.4981695524352537
6548400	1	1	0.24714804689353584
6552000	0	1	0.23595671265671517
6555600	0	1	0.2262293057986135
6559200	0	1	0.21743238621199898
6562800	0	1	0.209453187061569
6566400	0	1	0.20270046348501997
6570000	0	1	0.20267535481866436
6573600	0	1	0.2764978536271412
6577200	0	1	0.27508676536469145
6580800	0	1	0.26918571287443954
6584400	0	1	0.26306976346996025
6588000	0	1	0.25707352532633726
6591600	0	1	0.25105021186050036
6595200	1	1	0.0002442448570852565
6598800	1	1	0.0001831018578785481
6602400	1	1	0.0006900867622622324
6606000	1	1	0.001845799942179688
6609600	1	1	0.9984801434582402
6613200	1	1	0.9985051261278457
6616800	1	1	0.9997213075962069
6620400	1	1	0.9997440268139114
6624000	1	1	0.9998234050185647
6627600	1	1	0.7490934244723821
6631200	1	1	0.4981119234576377
6634800	1	1	0.24708549313229689
6638400	0	1	0.2392909074665726
6642000	0	1	0.23233170610719556
6645600	0	1	0.22596531469255754
6649200	0	1	0.22018556385402013
6652800	0	1	0.21573114544957883
6656400	0	1	0.21711548795928642
6660000	0	1	0.27115235972493107
6663600	0	1	0.2696343786642712
6667200	0	1	0.26525982399863113
6670800	0	1	0.2605658805174565
6674400	0	0	0.255880549736374
6678000	0	0	0.25107491232942564
6681600	1	1	0.00025993938482727843
6685200	1	1	0.00018356400026623334
6688800	1	1	0.0006988817265479167
6692400	1	1	0.001683824982465749
6696000	1	1	0.9985169879166912
6699600	1	1	0.9986125583788901
6703200	1	1	0.9997166764464241
6706800	1	1	0.9996976896727016
6710400	1	1	0.9998234020808379
6714000	1	1	0.7490812402033232
6717600	1	1	0.49809415758917824
6721200	1	1	0.24706454250544754
6724800	0	1	0.2368732029817901
6728400	0	1	0.22788858515395768
6732000	0	1	0.21977183107612416
6735600	0	1	0.21236179173883124
6739200	0	1	0.20614991683515232
6742800	0	1	0.20682767094026921
6746400	0	1	0.275091767731916
6750000	0	1	0.27365760510659787
6753600	0	1	0.2682082708245207
6757200	0	1	0.2625054877791962
6760800	0	1	0.2568530514470604
6764400	0	1	0.251161392658638
6768000	1	1	0.00032021570726407315
6771600	1	1	0.0001841163050074595
6775200	1	1	0.0006943949444822964
6778800	1	1	0.0016488160749684305
6782400	1	1	0.9985920032086568
6786000	1	1	0.9985322649963951
6789600	1	1	0.999716929695126
6793200	1	1	0.9996859120736168
6796800	1	1	0.9998561412717473
6800400	1	1	0.749097223329725
6804000	1	1	0.4981116942640638
6807600	1	1	0.24708227333948296
6811200	0	1	0.2385486885470854
6814800	0	1	0.2309462125704227
6818400	0	1	0.22403130784051947
6822000	0	1	0.21773801711436833
6825600	0	1	0.212732376203649
6829200	0	1	0.21381712406497064
6832800	0	1	0.271824671663503
6836400	0	1	0.27085845153347915
6840000	0	1	0.26619942956613873
6843600	0	1	0.2611864598164206
6847200	0	1	0.2561805961133628
6850800	0	1	0.2510844252591117
6854400	1	1	0.0002653547299736298
6858000	1	1	0.00018389116134164078
6861600	1	1	0.0006943933737992122
6865200	1	1	0.0016488160451899746
6868800	1	1	0.9985879951075194
6872400	1	1	0.9985321898677872
6876000	1	1	0.9997167699895239
6879600	1	1	0.9996862494722296
6883200	1	1	0.9998325939291203
6886800	1	1	0.7490779736005818
6890400	1	1	0.4980885227383224
6894000	1	1	0.24705675354617507
6897600	0	1	0.23697986401855384
6901200	0	1	0.2280702178261096
6904800	0	1	0.22000935708488906
6908400	0	1	0.21268318124990368
6912000	0	1	0.20655491723990255
6915600	0	1	0.20730620916881717
6919200	0	1	0.275066130699443
6922800	0	1	0.27349058286752453
6926400	0	1	0.26808820823921065
6930000	0	1	0.26241176249381876
6933600	0	1	0.25682855766938756
6937200	0	1	0.2511724350334917
6940800	1	1	0.000328728040894275
6944400	1	1	0.00018415122345248215
6948000	1	1	0.0006943951880585403
6951600	1	1	0.0016488160634041621
6955200	1	1	0.9985879951324302
6958800	1	1	0.9985321926500607
6962400	1	1	0.9997169311316899
6966000	1	1	0.9996859491914525
6969600	1	1	0.9998413149461377
6973200	1	1	0.7490791086615879
6976800	1	1	0.4980888168988733
6980400	1	1	0.24705719361825396
6984000	0	1	0.2369926898741027
6987600	0	1	0.22807764919990772
6991200	0	1	0.2200221001549979
6994800	0	1	0.2126764249006687
6998400	0	1	0.20658915574285963
7002000	0	1	0.2072317266310865
7005600	0	1	0.27505469780778263
7009200	0	1	0.2733956887161928
7012800	0	1	0.26803840222584074
7016400	0	1	0.26237213015226707
7020000	0	1	0.25678042389361927
7023600	0	1	0.25114043047545037
7027200	1	1	0.00030445907988753445
7030800	1	1	0.0001840516540335574
7034400	1	1	0.0006943944934339767
7038000	1	1	0.0016488160564312145
7041600	1	1	0.9985879956613152
7045200	1	1	0.9985322517228297
7048800	1	1	0.9997203527868854
7052400	1	1	0.9997420986653486
7056000	1	1	0.9998284318733985
7059600	1	1	0.7490599925682969
7063200	1	1	0.498070866246237
7066800	1	1	0.24703976300668873
7070400	0	1	0.23786524745596743
7074000	0	1	0.22973280221458736
7077600	0	1	0.2223630125402936
7081200	0	1	0.21564653882083296
7084800	0	1	0.21026750237736788
7088400	0	1	0.2111747176826282
7092000	0	1	0.27322000665070856
7095600	0	1	0.27196321003836815
7099200	0	1	0.26700447238355285
7102800	0	1	0.2617088366515648
7106400	0	1	0.2564600987907282
7110000	0	1	0.25112053203395057
7113600	1	1	0.00029035486249407154
7117200	1	1	0.00018395270246285435
7120800	1	1	0.0006951236104275439
7124400	1	1	0.0016490698130517424
7128000	1	1	0.9985832682335791
7131600	1	1	0.9985372316761527
7135200	1	1	0.9997177947365466
7138800	1	1	0.9997487168088598
7142400	1	1	0.9998394359886258
7146000	1	1	0.7491275914335694
7149600	1	1	0.49814564642430353
7153200	1	1	0.24711792861926152
7156800	0	1	0.2394210119342243
7160400	0	1	0.23248890322626906
7164000	0	1	0.22616936845332944
7167600	0	1	0.220447743692084
7171200	0	1	0.21607427320258352
7174800	0	1	0.21765526343791033
7178400	0	1	0.27064153486021814
7182000	0	1	0.26952212372442025
7185600	0	1	0.265197185740457
7189200	0	1	0.2605316967099684
7192800	0	0	0.2558640394296534
7196400	0	0	0.25107409238213974
7200000	1	1	0.0002586744275310124
7203600	1	1	0.0001838637438683047
7207200	1	1	0.0006943931825288402
7210800	1	1	0.001648816043401317
7214400	1	1	0.998588033497222
7218000	1	1	0.9985364778508623
7221600	1	1	0.9997168303940349
7225200	1	1	0.9997015204353343
7228800	1	1	0.9998517879532698
7232400	1	1	0.7491357611370797
7236000	1	1	0.49815308813171977
7239600	1	1	0.24712597171420816
7243200	0	1	0.23784842501411801
7246800	0	1	0.22966207956094745
7250400	0	1	0.22221375253532313
7254000	0	1	0.215441647344025
7257600	0	1	0.2099417481265503
7261200	0	1	0.2106931493121104
7264800	0	1	0.27343432628460995
7268400	0	1	0.27221581520513505
7272000	0	1	0.2671261931377518
7275600	0	1	0.26179637673926015
7279200	0	1	0.2564958955734144
7282800	0	1	0.2511288722645493
7286400	1	1	0.00029696425225144427
7290000	1	1	0.00018361772890520053
7293600	1	1	0.0006953254247429714
7297200	1	1	0.0017221493156442255
7300800	1	1	0.9985951631726728
7304400	1	1	0.9986362931852149
7308000	1	1	0.9997236956892004
7311600	1	1	0.9997106030758974
7315200	1	1	0.9998339197858039
7318800	1	1	0.7491123923307152
7322400	1	1	0.4981298776669197
7326000	1	1	0.2471027395700021
7329600	0	1	0.2389289329725696
7333200	0	1	0.2316248228996505
7336800	0	1	0.2249649195968668
7340400	0	1	0.21891088922557564
7344000	0	1	0.21407770563675416
7347600	0	1	0.21535968751622575
7351200	0	1	0.271570057908556
7354800	0	1	0.2703395664894663
7358400	0	1	0.26580237004042717
7362000	0	1	0.26093616044149753
7365600	0	1	0.2560576240685949
7369200	0	1	0.2510841315263778
7372800	1	1	0.00026516200350555635
7376400	1	1	0.000183890370332732
7380000	1	1	0.0006943933682811205
7383600	1	1	0.0016488160451274883
7387200	1	1	0.9985879951328528
7390800	1	1	0.998532192696934
7394400	1	1	0.999716933846312
7398000	1	1	0.9996866534153704
7401600	1	1	0.999869890731606
7405200	1	1	0.7491675363474346
7408800	1	1	0.498189488127
7412400	1	1	0.2471643941979918
7416000	0	1	0.24019462328905908
7419600	0	1	0.23388303141453964
7423200	0	1	0.22813514437185534
7426800	0	1	0.22290283812296083
7430400	0	1	0.2190106430023682
7434000	0	1	0.22096264148359762
7437600	0	1	0.2695005211959225
7441200	0	1	0.2682579545073594
7444800	0	0	0.2642481463502524
7448400	0	0	0.25991102431204094
7452000	0	0	0.25554943399731567
7455600	0	0	0.2510678241344695
7459200	1	1	0.0002559370171204838
7462800	1	1	0.00018411547979030912
7466400	1	1	0.0006946546795434228
7470000	1	1	0.0017344309761471797
7473600	1	1	0.998540875049659
7477200	1	1	0.9985749176117784
7480800	1	1	0.9997195191130304
7484400	1	1	0.9997397093189427
7488000	1	1	0.9998110825140522
7491600	1	1	0.7490556664570562
7495200	1	1	0.49806810078085817
7498800	1	1	0.24703763969494394
7502400	0	1	0.2388523496184982
7506000	0	1	0.23156552638347994
7509600	0	1	0.22489425664995122
7513200	0	1	0.21886624495970766
7516800	0	1	0.21409456969393925
7520400	0	1	0.21560837621335163
7524000	0	1	0.2718159465489733
7527600	0	1	0.2703234628058934
7531200	0	1	0.265770589132119
7534800	0	1	0.26092177264809296
7538400	0	1	0.2560609066964297
7542000	0	1	0.25111484919013344
7545600	1	1	0.00028601555787770457
7549200	1	1	0.00018397596134368807
7552800	1	1	0.0006943939653824451
7556400	1	1	0.0016488160511281102
7560000	1	1	0.9985879952019919
7563600	1	1	0.9985322004194142
7567200	1	1	0.9997173811195318
7570800	1	1	0.9997607370695379
7574400	1	1	0.9998273919653714
7578000	1	1	0.7491104993318853
7581600	1	1	0.4981255473170072
7585200	1	1	0.24709659384529745
7588800	0	1	0.23867217340353647
7592400	0	1	0.23115441261295253
7596000	0	1	0.22432144602335263
7599600	0	1	0.21810464689317582
7603200	0	1	0.21317019458041644
7606800	0	1	0.21438723870832604
7610400	0	1	0.27192195045057815
7614000	0	1	0.2707421825155558
7617600	0	1	0.2660691966859853
7621200	0	1	0.2611041626246609
7624800	0	1	0.25615024599185204
7628400	0	1	0.25110155299721004
7632000	1	1	0.0002771193052012459
7635600	1	1	0.00018389920036314018
7639200	1	1	0.000694398309313861
7642800	1	1	0.0016539615475436125
7646400	1	1	0.9985825579251152
7650000	1	1	0.9985500465191219
7653600	1	1	0.9997178152948042
7657200	1	1	0.9997538534899676
7660800	1	1	0.9998270736353956
7664400	1	1	0.7490988827322635
7668000	1	1	0.4981140719579199
7671600	1	1	0.24708534622188907
7675200	0	1	0.23810118403946479
7678800	0	1	0.23017046012870482
7682400	0	1	0.2229709528204097
7686000	0	1	0.21641461182192465
7689600	0	1	0.21110017154941166
7693200	0	1	0.21204762957658022
7696800	0	1	0.2727664948547073
7700400	0	1	0.2715864045300672
7704000	0	1	0.26670382228477557
7707600	0	1	0.26152552228496045
7711200	0	1	0.25634750968142433
7714800	0	1	0.25110230298824043
7718400	1	1	0.0002773539787561204
7722000	1	1	0.00018388917544493973
7725600	1	1	0.0006943933599448842
7729200	1	1	0.0016488160450476791
7732800	1	1	0.9985879951743482
7736400	1	1	0.9985321973318269
7740000	1	1	0.9997172022903833
7743600	1	1	0.9997563568058591
7747200	1	1	0.9998235356283415
7750800	1	1	0.7490903165210838
7754400	1	1	0.4981036808923155
7758000	1	1	0.2470741467603937
7761600	0	1	0.23816601661460887
7765200	0	1	0.23024579396829187
7768800	0	1	0.22306682414958873
7772400	0	1	0.21650931829644193
7776000	0	1	0.2111624116251164
7779600	0	1	0.21217363164179015
7783200	0	1	0.2734520091377436
7786800	0	1	0.2716689898284467
7790400	0	1	0.2666918337201387
7794000	0	1	0.2615223417559952
7797600	0	1	0.25635253882889225
7801200	0	1	0.2511146449157008
7804800	1	1	0.0002859115418073003
7808400	1	1	0.00018397559202160273
7812000	1	1	0.0006936616772213555
7815600	1	1	0.0016488087127135905
7819200	1	1	0.9985920032084259
7822800	1	1	0.9985322649738183
7826400	1	1	0.9997169283894902
7830000	1	1	0.9996855736003024
7833600	1	1	0.9997883455158126
7837200	1	1	0.7489894270104257
7840800	1	1	0.4979942370716734
7844400	1	1	0.24696033605146694
7848000	0	1	0.23449207861458876
7851600	0	1	0.2237814289367054
7855200	0	1	0.21410198776869643
7858800	0	1	0.20526443983156228
7862400	0	1	0.19765631007142404
7866000	0	1	0.19809441855543458
7869600	0	1	0.27971903294465716
7873200	0	1	0.27721776483825017
7876800	0	1	0.27074318537486414
7880400	0	1	0.2641740146283532
7884000	0	1	0.2577744808677925
7887600	0	1	0.25134126787626343
7891200	1	1	0.0004717373820557584
7894800	1	1	0.00018473580729040675
7898400	1	1	0.0006943992663497501
7902000	1	1	0.0016488161043532001
7905600	1	1	0.9985879951068787
7909200	1	1	0.9985321897963807
7912800	1	1	0.9997167658538788
7916400	1	1	0.999685177130949
7920000	1	1	0.9997886191751935
7923600	1	1	0.7490229577381857
7927200	1	1	0.4980299820748275
7930800	1	1	0.24699686933128073
7934400	0	1	0.23440991173630893
7938000	0	1	0.22353059514584156
7941600	0	1	0.21373639916365025
7945200	0	1	0.20484428165547583
7948800	0	1	0.19719189937206094
7952400	0	1	0.19760415941525708
7956000	0	1	0.2798988258343846
7959600	0	1	0.2774115148817127
7963200	0	1	0.2708950347532608
7966800	0	1	0.2642596874110022
7970400	0	1	0.25780895779191443
7974000	0	1	0.2513416328337889
7977600	1	1	0.0004720648148612462
7981200	1	1	0.0001846850490273035
7984800	1	1	0.0006943987695824454
7988400	1	1	0.0016486257344576585
7992000	1	1	0.9985882017965192
7995600	1	1	0.9985321604231647
7999200	1	1	0.999716931329221
8002800	1	1	0.9996856581153932
8006400	1	1	0.9998145183313482
8010000	1	1	0.7490358742115393
8013600	1	1	0.49804323692675945
8017200	1	1	0.2470097840627214
8020800	0	1	0.23564497748074403
8024400	0	1	0.22572909665411092
8028000	0	1	0.2167602069439732
8031600	0	1	0.20863567942531833
8035200	0	1	0.20175464042224434
8038800	0	1	0.20228470014286312
8042400	0	1	0.27736499394336234
8046000	0	1	0.27549372495783114
8049600	0	1	0.2695346667001317
8053200	0	1	0.26336580344098637
8056800	0	1	0.2573146515101614
8060400	0	1	0.2512400844651063
8064000	1	1	0.0003835582138407428
8067600	1	1	0.00018437591060372358
8071200	1	1	0.0006943967555524699
8074800	1	1	0.001648816079144947
8078400	1	1	0.9985879951323082
8082000	1	1	0.9985321926366469
8085600	1	1	0.9997169303546207
8089200	1	1	0.9996857476072265
8092800	1	1	0.9998227030008042
8096400	1	1	0.7490381112277334
8100000	1	1	0.4980449066005028
8103600	1	1	0.24701166529265686
8107200	0	1	0.23733275473742188
8110800	0	1	0.22874562723093653
8114400	0	1	0.22099100113588915
8118000	0	1	0.21390674424468162
8121600	0	1	0.2077706003055546
8125200	0	1	0.20882692907555292
8128800	0	1	0.27502745938364087
8132400	0	1	0.272977428209864
8136000	0	1	0.26768667158946585
8139600	0	1	0.2621938661582164
8143200	0	1	0.25672867740520955
8146800	0	1	0.251209364464856
8150400	1	1	0.00035817215379070014
8154000	1	1	0.00018422064045079013
8157600	1	1	0.0006943956723335859
8161200	1	1	0.0016488160682638657
8164800	1	1	0.9985879951073785
8168400	1	1	0.9985321898517664
8172000	1	1	0.999716769061583
8175600	1	1	0.999686008861997
8179200	1	1	0.9998469824266373
8182800	1	1	0.7491233100425384
8186400	1	1	0.4981366267822927
8190000	1	1	0.24710677165702613
8193600	0	1	0.23758046238506847
8197200	0	1	0.2291232488773029
8200800	0	1	0.22150774533993453
8204400	0	1	0.21454423859446353
8208000	0	1	0.20883466865607464
8211600	0	1	0.20960232465171394
8215200	0	1	0.2738447466541364
8218800	0	1	0.2725845923346588
8222400	0	1	0.26741975039762034
8226000	0	1	0.2619865391670216
8229600	0	1	0.25658489287772607
8233200	0	1	0.2511193604409504
8236800	1	1	0.0002891564990080724
8240400	1	1	0.00018398842978635603
8244000	1	1	0.0006943939147359207
8247600	1	1	0.001648625685818827
8251200	1	1	0.9985882017717634
8254800	1	1	0.9985321576506837
8258400	1	1	0.9997167705145851
8262000	1	1	0.9996860434699194
8265600	1	1	0.999868640230371
8269200	1	1	0.7491808150145607
8272800	1	1	0.4982026668928739
8276400	1	1	0.24717736160601594
8280000	0	1	0.24016989055737423
8283600	0	1	0.23385773815344862
8287200	0	1	0.22810667415802421
8290800	0	1	0.22286125466572557
8294400	0	1	0.21890774976374908
8298000	0	1	0.22094116908696118
8301600	0	1	0.2693707432288647
8305200	0	1	0.2681588791006725
8308800	0	0	0.26417764345145106
8312400	0	0	0.2598691880636444
8316000	0	0	0.25551664760255327
8319600	0	0	0.25103443906271117
8323200	1	1	0.00023478235842875044
8326800	1	1	0.00018376536095602192
8330400	1	1	0.0006943923601704252
8334000	1	1	0.001648625670241155
8337600	1	1	0.9985882017719951
8341200	1	1	0.9985321576761265
8344800	1	1	0.9997167719904085
8348400	1	1	0.9996864264032488
8352000	1	1	0.9998858070982211
8355600	1	1	0.7492314778166577
8359200	1	1	0.49826185026565584
8362800	1	1	0.2472408200939375
8366400	0	1	0.24085664153780884
8370000	0	1	0.23507331326337977
8373600	0	1	0.2297768559696155
8377200	0	1	0.22499333834172963
8380800	0	1	0.2215036889621499
8384400	0	1	0.22347708187559126
8388000	0	1	0.2675130724412354
8391600	0	1	0.2668231588478056
8395200	0	0	0.2631635724211383
8398800	0	0	0.25923995442369574
8402400	0	0	0.25516195376936224
8406000	0	0	0.25095369772904325
8409600	1	1	0.00019547158868386317
8413200	1	1	0.00018360457946476038
8416800	1	1	0.0006951252002353176
8420400	1	1	0.0016488233931149002
8424000	1	1	0.9985879951076577
8427600	1	1	0.9985321898794312
8431200	1	1	0.9997167706637802
8434800	1	1	0.9996864243042671
8438400	1	1	0.9998855155714332
8442000	1	1	0.7492268872982871
8445600	1	1	0.4982564650632185
8449200	1	1	0.24723614476445913
8452800	0	1	0.24063595887796507
8456400	0	1	0.23464408117360563
8460000	0	1	0.22918779973480816
8463600	0	1	0.22424835832514942
8467200	0	1	0.22059446332905772
8470800	0	1	0.22226490393240883
8474400	0	1	0.2682934035122177
8478000	0	1	0.26732813490796714
8481600	0	0	0.2635018254254053
8485200	0	0	0.2594511462071923
8488800	0	0	0.25526675472702803
8492400	0	0	0.25095518499402747
8496000	1	1	0.0001961124371831594
8499600	1	1	0.00018360712851693943
8503200	1	1	0.0006943913923397123
8506800	1	1	0.0016488160252921672
8510400	1	1	0.9985879951325249
8514000	1	1	0.9985321926604478
8517600	1	1	0.9997169317331939
8521200	1	1	0.9996861052319248
8524800	1	1	0.9998557500681126
8528400	1	1	0.7491506081395396
8532000	1	1	0.4981685424689598
8535600	1	1	0.24714104155969016
8539200	0	1	0.23928707982833097
8542800	0	1	0.23221875026779254
8546400	0	1	0.2257988902580701
8550000	0	1	0.21995083456407571
8553600	0	1	0.21543554535230516
8557200	0	1	0.21696787945092721
8560800	0	1	0.27052800030210433
8564400	0	1	0.26974217750877894
8568000	0	1	0.26539815674336364
8571600	0	1	0.2606846904546404
8575200	0	0	0.2559377800101006
8578800	0	1	0.2510859199053899
8582400	1	1	0.0002663347640670381
8586000	1	1	0.0001838951837155545
8589600	1	1	0.0006943934018595064
8593200	1	1	0.001648816045467055
8596800	1	1	0.9985879951166737
8600400	1	1	0.998532190889797
8604000	1	1	0.9997168291814388
8607600	1	1	0.9997016004395565
8611200	1	1	0.9998597534226153
8614800	1	1	0.749121632653452
8618400	1	1	0.49813843674291525
8622000	1	1	0.24711049533772003
8625600	0	1	0.23817869414345932
8629200	0	1	0.2302408954340163
8632800	0	1	0.22306760866780362
8636400	0	1	0.21653251594970682
8640000	0	1	0.21124815131157268
8643600	0	1	0.21201411124672623
8647200	0	1	0.2724877798916569
8650800	0	1	0.2714479937777398
8654400	0	1	0.26659693480847113
8658000	0	1	0.2614340168134006
8661600	0	1	0.25628632285603986
8665200	0	1	0.25105779276371026
8668800	1	1	0.00024852661515360736
8672400	1	1	0.00018382209804615932
8676000	1	1	0.0006943928919997531
8679600	1	1	0.0016488160403487116
8683200	1	1	0.9985879951074693
8686800	1	1	0.9985321898618328
8690400	1	1	0.9997167696445831
8694000	1	1	0.9996861600307458
8697600	1	1	0.9998609820355496
8701200	1	1	0.7491355730001851
8704800	1	1	0.49815185333225953
8708400	1	1	0.24712328586842902
8712000	0	1	0.23980813479716515
8715600	0	1	0.23323646674224302
8719200	0	1	0.22724095248274856
8722800	0	1	0.2217805077509193
8726400	0	1	0.2176745326263545
8730000	0	1	0.21965577052691024
8733600	0	1	0.26995992164154387
8737200	0	1	0.26872323080495586
8740800	0	1	0.2645744706665951
8744400	0	0	0.26015644961795215
8748000	0	0	0.25566556773830806
8751600	0	0	0.25106990110965177
8755200	1	1	0.0002562452480193807
8758800	1	1	0.00018371070225005773
8762400	1	1	0.0006951226580952019
8766000	1	1	0.0016498292980169052
8769600	1	1	0.9985743333438533
8773200	1	1	0.9985414663976647
8776800	1	1	0.9997178834014178
8780400	1	1	0.9996891363897351
8784000	1	1	0.999842705629294
8787600	1	1	0.7491098747637414
8791200	1	1	0.4981245930577277
8794800	1	1	0.24709530980245198
8798400	0	1	0.23732395774968573
8802000	0	1	0.22865572420573163
8805600	0	1	0.22083066701877085
8809200	0	1	0.213681953572353
8812800	0	1	0.20776609478457891
8816400	0	1	0.20845453543599185
8820000	0	1	0.2745696302473036
8823600	0	1	0.27304577641067085
8827200	0	1	0.2677335750314111
8830800	0	1	0.2622062056353325
8834400	0	1	0.25669382829716053
8838000	0	1	0.2511262380449334
8841600	1	1	0.00029411489106966917
8845200	1	1	0.00018406091083889486
8848800	1	1	0.0006943946992663175
8852400	1	1	0.0016490064372373314
8856000	1	1	0.9985878269166287
8859600	1	1	0.9985365145293804
8863200	1	1	0.999717108945123
8866800	1	1	0.9997319998026343
8870400	1	1	0.9998543304844956
8874000	1	1	0.7491726155309951
8877600	1	1	0.4981941335783354
8881200	1	1	0.24716851537094045
8884800	0	1	0.23909742293309955
8888400	0	1	0.23189703524965682
8892000	0	1	0.2253403252535129
8895600	0	1	0.2193625978258302
8899200	0	1	0.21454153447465565
8902800	0	1	0.21569654741127264
8906400	0	1	0.2716754617712406
8910000	0	1	0.27018161243722133
8913600	0	1	0.265656592329764
8917200	0	1	0.26085549584271034
8920800	0	1	0.2560369616419311
8924400	0	1	0.25112747309782646
8928000	1	1	0.0002970811154438252
8931600	1	1	0.0001822482999759329
8935200	1	1	0.0006809716904657033
8938800	1	1	0.001682963957587486
8942400	1	1	0.998677715011844
8946000	1	1	0.9985649980321215
8949600	1	1	0.9997255409949694
8953200	1	1	0.9997238069213472
8956800	1	1	0.9998409607713423
8960400	1	1	0.7491452682891281
8964000	1	1	0.4981681880829351
8967600	1	1	0.24714297876326385
8971200	0	1	0.2403587417931883
8974800	0	1	0.23422164400543793
8978400	0	1	0.22859797676444504
8982000	0	1	0.22351449073219345
8985600	0	1	0.21969725342894425
8989200	0	1	0.22184548160273193
8992800	0	1	0.2687198602501923
8996400	0	1	0.26776787547368985
9000000	0	0	0.2638879021130672
9003600	0	0	0.25968585704234637
9007200	0	0	0.2554102873370315
9010800	0	0	0.2510197847436292
9014400	1	1	0.00022674660197490498
9018000	1	1	0.00018373273602774
9021600	1	1	0.0006943922685948042
9025200	1	1	0.0016488160340897794
9028800	1	1	0.9985879951072683
9032400	1	1	0.9985321898394909
9036000	1	1	0.9997167683506217
9039600	1	1	0.9996858245142729
9043200	1	1	0.9998482789556065
9046800	1	1	0.7491137262926436
9050400	1	1	0.4981289596024953
9054000	1	1	0.24710056125359306
9057600	0	1	0.23842801878820818
9061200	0	1	0.23071969913942011
9064800	0	1	0.22368538629736184
9068400	0	1	0.21728257350524188
9072000	0	1	0.21211126180250772
9075600	0	1	0.21325129576954632
9079200	0	1	0.2729606695979228
9082800	0	1	0.27129591559333244
9086400	0	1	0.2664327570722263
9090000	0	1	0.2613603725697644
9093600	0	1	0.25628358032578064
9097200	0	1	0.25111474761477326
9100800	1	1	0.0002859465824201122
9104400	1	1	0.0001839756782462307
9108000	1	1	0.000694393963407477
9111600	1	1	0.0016488160511084272
9115200	1	1	0.9985879951072334
9118800	1	1	0.9985321898359162
9122400	1	1	0.9997167681434099
9126000	1	1	0.9996857707857498
9129600	1	1	0.9998433121190102
9133200	1	1	0.7490884488094337
9136800	1	1	0.4981016491468063
9140400	1	1	0.24707202612199547
9144000	0	1	0.23595470799692117
9147600	0	1	0.2262644445253561
9151200	0	1	0.21751265631661074
9154800	0	1	0.20954608473091943
9158400	0	1	0.20282851302889038
9162000	0	1	0.20316791365544795
9165600	0	1	0.27630606097497545
9169200	0	1	0.2749983995062445
9172800	0	1	0.2691132188373438
9176400	0	1	0.26310281736767827
9180000	0	1	0.2571287753857136
9183600	0	1	0.2511334220696797
9187200	1	1	0.00029931677373999004
9190800	1	1	0.00018403055126650747
9194400	1	1	0.0006943943462158412
9198000	1	1	0.00164881605495087
9201600	1	1	0.9985879951311272
9205200	1	1	0.9985321925042784
9208800	1	1	0.9997169226882657
9212400	1	1	0.9997258629083117
9216000	1	1	0.99984717882185
9219600	1	1	0.749106474699233
9223200	1	1	0.4981209783909735
9226800	1	1	0.2470922758442669
9230400	0	1	0.23908922445618885
9234000	0	1	0.2319422459309526
9237600	0	1	0.2254217476695597
9241200	0	1	0.21948197680009646
9244800	0	1	0.21470554514474607
9248400	0	1	0.21610507687546354
9252000	0	1	0.27056191724290163
9255600	0	1	0.26992364881064446
9259200	0	1	0.2654919542369295
9262800	0	1	0.260750230684402
9266400	0	0	0.255968052305881
9270000	0	1	0.25108009769308526
9273600	1	1	0.0002625367964455501
9277200	1	1	0.0001838795957573176
9280800	1	1	0.0006943932931155078
9284400	1	1	0.0016488160445087927
9288000	1	1	0.9985880334879593
9291600	1	1	0.9985364768162105
9295200	1	1	0.9997167702286652
9298800	1	1	0.9996859273217059
9302400	1	1	0.9998577056516974
9306000	1	1	0.7491299479346422
9309600	1	1	0.49814468249146915
9313200	1	1	0.24711585866769073
9316800	0	1	0.23953280306364824
9320400	0	1	0.2327040136829057
9324000	0	1	0.22647737154217226
9327600	0	1	0.22084943771062973
9331200	0	1	0.21648542359711412
9334800	0	1	0.21823368520914074
9338400	0	1	0.27039328283746294
9342000	0	1	0.269243094205872
9345600	0	1	0.26500346421921667
9349200	0	0	0.2604462610194006
9352800	0	0	0.2558162250855931
9356400	0	0	0.2510784751034964
9360000	1	1	0.0002614885423000642
9363600	1	1	0.00018387529348125943
9367200	1	1	0.0006943932631013355
9370800	1	1	0.0016488160440730408
9374400	1	1	0.9985879951400477
9378000	1	1	0.9985321935004838
9381600	1	1	0.9997169803861552
9385200	1	1	0.9996987285239394
9388800	1	1	0.9998619236251235
9392400	1	1	0.7491566146292332
9396000	1	1	0.49817482483913567
9399600	1	1	0.24714777423714743
9403200	0	1	0.2396677027217049
9406800	0	1	0.23294654763575146
9410400	0	1	0.22682514676941623
9414000	0	1	0.22125823505989795
9417600	0	1	0.21698724168608347
9421200	0	1	0.21862511196277212
9424800	0	1	0.2704520682205271
9428400	0	1	0.2690445167403598
9432000	0	1	0.26478273056101725
9435600	0	0	0.2602803478680185
9439200	0	0	0.255722423996062
9442800	0	0	0.25105158852481496
9446400	1	1	0.00024478663806440094
9450000	1	1	0.0001838067507681622
9453600	1	1	0.0006943927849345475
9457200	1	1	0.001648816039268715
9460800	1	1	0.9985879951580287
9464400	1	1	0.9985321955085678
9468000	1	1	0.999717096690379
9471600	1	1	0.9997289207134528
9475200	1	1	0.9998704312780698
9478800	1	1	0.7491620384155316
9482400	1	1	0.49818320688142603
9486000	1	1	0.24715811532232534
9489600	0	1	0.24119338560832673
9493200	0	1	0.23574860693544378
9496800	0	1	0.23073802320473027
9500400	0	1	0.2262002769036222
9504000	0	1	0.22331033018472202
9507600	0	1	0.22706155286813678
9511200	0	1	0.26677430475543795
9514800	0	1	0.2661049126077147
9518400	0	0	0.26269360859486185
9522000	0	0	0.2589259182062471
9525600	0	0	0.25501964319943127
9529200	0	0	0.250993354258839
9532800	1	1	0.00021345750648577643
9536400	1	1	0.00018373628146687253
9540000	1	1	0.0006943960703977231
9543600	1	1	0.001653007840440887
9547200	1	1	0.9985834355191723
9550800	1	1	0.9985329122307858
9554400	1	1	0.9997173254922962
9558000	1	1	0.9997528740072492
9561600	1	1	0.9998579010578488
9565200	1	1	0.7491228051631103
9568800	1	1	0.49814071641326507
9572400	1	1	0.24711409112809438
9576000	0	1	0.24107761776567568
9579600	0	1	0.23555385868539339
9583200	0	1	0.23048325090301053
9586800	0	1	0.22587725448443466
9590400	0	1	0.22233458453346228
9594000	0	1	0.22641139730239043
9597600	0	1	0.26747936423615937
9601200	0	1	0.2663675043142175
9604800	0	0	0.2628052397143513
9608400	0	0	0.2590018006101966
9612000	0	0	0.25506808435687206
9615600	0	0	0.25101013498937
9619200	1	1	0.00022165507954355874
9622800	1	1	0.0001836603391646667
9626400	1	1	0.0006943916282800785
9630000	1	1	0.001648625662912895
9633600	1	1	0.9985882018020181
9637200	1	1	0.9985321610381933
9640800	1	1	0.9997169670034798
9644400	1	1	0.999694919802715
9648000	1	1	0.9998694068628505
9651600	1	1	0.749142430222739
9655200	1	1	0.4981592675621098
9658800	1	1	0.24713212813995572
9662400	0	1	0.24052678138581707
9666000	0	1	0.23456672849275978
9669600	0	1	0.2290989445940788
9673200	0	1	0.22409884803407715
9676800	0	1	0.22036405388463515
9680400	0	1	0.22297929938467537
9684000	0	1	0.2688593370977393
9687600	0	1	0.2674475131911187
9691200	0	0	0.26357839251913495
9694800	0	0	0.2595163519707349
9698400	0	0	0.2553328935617733
9702000	0	0	0.2510270467229508
9705600	1	1	0.00023093431834559058
9709200	1	1	0.00018375698550379623
9712800	1	1	0.0006943879664382832
9716400	1	1	0.0016484926365739976
9720000	1	1	0.9985878405979729
9723600	1	1	0.9985286105837278
9727200	1	1	0.9997169067783167
9730800	1	1	0.9996872514927174
9734400	1	1	0.999868734894015
9738000	1	1	0.7491530231437521
9741600	1	1	0.49816898770411633
9745200	1	1	0.247142008833831
9748800	0	1	0.23643873863812676
9752400	0	1	0.22702206807920022
9756000	0	1	0.2185126342561206
9759600	0	1	0.21074755334189776
9763200	0	1	0.2045327124872349
9766800	0	1	0.20468983379594655
9770400	0	1	0.2783511901488134
9774000	0	1	0.27445804355152287
9777600	0	1	0.26861613347105684
9781200	0	1	0.26273236994987315
9784800	0	1	0.25691036389166017
9788400	0	1	0.251038722470311
9792000	1	1	0.00023772777491199058
9795600	1	1	0.00018379983088390474
9799200	1	1	0.0006936757441652507
9802800	1	1	0.001660830503344155
9806400	1	1	0.998575003231497
9810000	1	1	0.9985469848948193
9813600	1	1	0.9997177844284383
9817200	1	1	0.9997570727609976
9820800	1	1	0.9998513808898755
9824400	1	1	0.7491335450783123
9828000	1	1	0.4981526691425257
9831600	1	1	0.24712646359583648
9835200	0	1	0.24056433081111747
9838800	0	1	0.2346190747881873
9842400	0	1	0.22919345115403705
9846000	0	1	0.22426698853946947
9849600	0	1	0.22062009083404568
9853200	0	1	0.22323470755512537
9856800	0	1	0.2684875371385256
9860400	0	1	0.26733564261660747
9864000	0	0	0.26352680068024853
9867600	0	0	0.2594679272365282
9871200	0	0	0.2552975151532827
9874800	0	0	0.2510203174718044
9878400	1	1	0.00022702338485931594
9882000	1	1	0.0001837338714047461
9885600	1	1	0.000694392276515649
9889200	1	1	0.0016488160342914384
9892800	1	1	0.9985880335719787
9896400	1	1	0.9985364861997367
9900000	1	1	0.9997173158920734
9903600	1	1	0.9997854492260129
9907200	1	1	0.9998760454966511
9910800	1	1	0.7492861821581177
9914400	1	1	0.4983235269382644
9918000	1	1	0.24730742145108275
9921600	0	1	0.2405148872151477
9925200	0	1	0.2343836725189421
9928800	0	1	0.22879160174114266
9932400	0	1	0.22372118179364656
9936000	0	1	0.21998344718552226
9939600	0	1	0.2210729821101494
9943200	0	1	0.26839893690121003
9946800	0	1	0.26782211792815785
9950400	0	0	0.26389687117855737
9954000	0	0	0.2596837639395844
9957600	0	0	0.2554122417637224
9961200	0	0	0.2510230405110942
9964800	1	1	0.00023060651252711613
9968400	1	1	0.0001812417035613604
9972000	1	1	0.0007798014788216748
9975600	1	1	0.0024552501740748725
9979200	1	1	0.9983679058663042
9982800	1	1	0.9988539144523428
9986400	1	1	0.999725327592746
9990000	1	1	0.9997337511324628
9993600	1	1	0.9998132417676339
9997200	1	1	0.7490918060723738
10000800	1	1	0.4981154999540906
10004400	1	1	0.24709149381872966
10008000	0	1	0.24166634184107574
10011600	0	1	0.23669328615544075
10015200	0	0	0.2321263445436487
10018800	0	0	0.22797930007628833
10022400	0	0	0.22481597277613957
10026000	0	1	0.2342895027765974
10029600	0	1	0.265430977759898
10033200	0	1	0.2649450990565106
10036800	0	0	0.26191526386577385
10040400	0	0	0.25837974581265477
10044000	0	0	0.2547534688356306
10047600	0	0	0.2509827016367871
10051200	1	1	0.00020816269849533022
10054800	1	1	0.0001836565230313816
10058400	1	1	0.0006943917369221281
10062000	1	1	0.0016488160287496689
10065600	1	1	0.9985879951072603
10069200	1	1	0.998532189838525
10072800	1	1	0.9997167682945624
10076400	1	1	0.999685809978492
10080000	1	1	0.999865304347308
10083600	1	1	0.749166450281636
10087200	1	1	0.49818668160600343
10090800	1	1	0.24716058723324885
10094400	0	1	0.23973732498454114
10098000	0	1	0.23306167442510828
10101600	0	1	0.22696511842526673
10105200	0	1	0.2214040347157542
10108800	0	1	0.21715773937097643
10112400	0	1	0.2187836254001036
10116000	0	1	0.2703168914379574
10119600	0	1	0.2689976214613499
10123200	0	1	0.2647548566720324
10126800	0	0	0.26026380434082436
10130400	0	0	0.2557181311332574
10134000	0	0	0.2510484087997525
10137600	1	1	0.00024289797894152734
10141200	1	1	0.000183799000832903
10144800	1	1	0.0006943927308694544
10148400	1	1	0.0016488160387316813
10152000	1	1	0.9985879951072526
10155600	1	1	0.99853218983771
10159200	1	1	0.9997167682475107
10162800	1	1	0.9996857977782555
10166400	1	1	0.999845807022523
10170000	1	1	0.7490912440848924
10173600	1	1	0.4981042360578168
10177200	1	1	0.24707421511125727
10180800	0	1	0.2378906799849027
10184400	0	1	0.22975996092595607
10188000	0	1	0.2224120426282814
10191600	0	1	0.21570871645186573
10195200	0	1	0.21023147909411566
10198800	0	1	0.21118736253570297
10202400	0	1	0.2736538377081192
10206000	0	1	0.27198391282543233
10209600	0	1	0.2669538090899664
10213200	0	1	0.2616938665586566
10216800	0	1	0.25644511744125675
10220400	0	1	0.25112392534569605
10224000	1	1	0.00029240922089741384
10227600	1	1	0.0001840017747168524
10231200	1	1	0.0006943940077375724
10234800	1	1	0.00164862568675258
10238400	1	1	0.9985882017965245
10242000	1	1	0.9985321604233862
10245600	1	1	0.9997169313422101
10249200	1	1	0.9996856614872051
10252800	1	1	0.9998514960544195
10256400	1	1	0.7491319009848209
10260000	1	1	0.4981458356698364
10263600	1	1	0.2471167334527095
10267200	0	1	0.23924346654848352
10270800	0	1	0.23219322279164886
10274400	0	1	0.22576635082660268
10278000	0	1	0.21993102696631625
10281600	0	1	0.21539719523745895
10285200	0	1	0.2171009301463009
10288800	0	1	0.27120575776479156
10292400	0	1	0.2698226582319093
10296000	0	1	0.2653566566729789
10299600	0	1	0.26067095947128693
10303200	0	0	0.2559423081054482
10306800	0	1	0.25110260651461463
10310400	1	1	0.00027749144690646343
10314000	1	1	0.00018394057361584471
10317600	1	1	0.0006944012812938644
10321200	1	1	0.0016529528771719846
10324800	1	1	0.9985840027355358
10328400	1	1	0.9985364054358618
10332000	1	1	0.9997167954050671
10335600	1	1	0.999692121396074
10339200	1	1	0.9998549426433831
10342800	1	1	0.7491195377576461
10346400	1	1	0.4981330462611192
10350000	1	1	0.2471039430973856
10353600	0	1	0.23914425706914175
10357200	0	1	0.23203467685463122
10360800	0	1	0.225504549918801
10364400	0	1	0.2195556466241066
10368000	0	1	0.2147108256135836
10371600	0	1	0.2161567929143941
10375200	0	1	0.27106883597625925
10378800	0	1	0.2699448498564931
10382400	0	1	0.26548444175220015
10386000	0	1	0.2607550426294856
10389600	0	0	0.2559767847206228
10393200	0	1	0.251093792572432
10396800	1	1	0.0002720422123140574
10400400	1	1	0.00018384069170685233
10404000	1	1	0.0006943985290873101
10407600	1	1	0.0016560960337344958
10411200	1	1	0.9985755005023663
10414800	1	1	0.9985341619304167
10418400	1	1	0.9997175112744652
10422000	1	1	0.999689302271707
10425600	1	1	0.9998556845700602
10429200	1	1	0.7491340981589639
10432800	1	1	0.4981489788586381
10436400	1	1	0.2471208380505838
10440000	0	1	0.23662941656836523
10443600	0	1	0.22744531619096853
10447200	0	1	0.2191594261301552
10450800	0	1	0.2115535283604715
10454400	0	1	0.20521861365046629
10458000	0	1	0.20553911877419898
10461600	0	1	0.2760037412717833
10465200	0	1	0.27406741344707725
10468800	0	1	0.268416935223769
10472400	0	1	0.2626109148613219
10476000	0	1	0.25687846442121104
10479600	0	1	0.25107873741705544
10483200	1	1	0.00026198593814368655
10486800	1	1	0.00018383959267708876
10490400	1	1	0.0006936676790237158
10494000	1	1	0.0016554802904570158
10497600	1	1	0.998584858461467
10501200	1	1	0.9985419363842138
10504800	1	1	0.9997173803268287
10508400	1	1	0.9996880292758037
10512000	1	1	0.999848079492271
10515600	1	1	0.7491254469668785
10519200	1	1	0.4981385307090414
10522800	1	1	0.24710907762973713
10526400	0	1	0.23795618563274284
10530000	0	1	0.22983937931306456
10533600	0	1	0.22249794928426878
10537200	0	1	0.21581174699207178
10540800	0	1	0.2103568756667817
10544400	0	1	0.21123893273625222
10548000	0	1	0.2735371233941194
10551600	0	1	0.27194801177460237
10555200	0	1	0.2669165107378255
10558800	0	1	0.26166250820368353
10562400	0	1	0.2564131937423983
10566000	0	1	0.2511122323665532
10569600	1	1	0.00028449216445307964
10573200	1	1	0.00018403691315342622
10576800	1	1	0.0006944103511776351
10580400	1	1	0.001660423351572594
10584000	1	1	0.9985799787913384
10587600	1	1	0.99854199521462
10591200	1	1	0.9997176999134273
10594800	1	1	0.999688193622977
10598400	1	1	0.9998446950845248
10602000	1	1	0.7491181838764637
10605600	1	1	0.49812997803553877
10609200	1	1	0.2470998540498116
10612800	0	1	0.23843265218325338
10616400	0	1	0.2307424091468863
10620000	0	1	0.2237863358316201
10623600	0	1	0.2174324730632217
10627200	0	1	0.21227835582194193
10630800	0	1	0.21347962339094728
10634400	0	1	0.2726386363522036
10638000	0	1	0.27109572719899255
10641600	0	1	0.2663297788458794
10645200	0	1	0.26129150625217207
10648800	0	1	0.256244407729685
10652400	0	1	0.25111754639582873
10656000	1	1	0.00028791853892050595
10659600	1	1	0.00018398376797314152
10663200	1	1	0.0006943863419278704
10666800	1	1	0.0016445103229229298
10670400	1	1	0.9985882400471162
10674000	1	1	0.9985364449507169
10677600	1	1	0.9997167702980496
10681200	1	1	0.9996856039262817
10684800	1	1	0.9998462470303282
10688400	1	1	0.7491251466650943
10692000	1	1	0.49813688591483374
10695600	1	1	0.24710669616767114
10699200	0	1	0.23816150229746572
10702800	0	1	0.2302460047676092
10706400	0	1	0.22303693867655813
10710000	0	1	0.21646249657294064
10713600	0	1	0.21108879522011995
10717200	0	1	0.21215141785371688
10720800	0	1	0.2731213028113179
10724400	0	1	0.2715997971459804
10728000	0	1	0.2666821411017475
10731600	0	1	0.26152109399821494
10735200	0	1	0.25636380666407493
10738800	0	1	0.25112244982550513
10742400	1	1	0.00029135450438613113
10746000	1	1	0.0001839974475694387
10749600	1	1	0.0006943939775811591
10753200	1	1	0.0016486256864485101
10756800	1	1	0.9985882017715937
10760400	1	1	0.9985321576318333
10764000	1	1	0.9997167694210809
10767600	1	1	0.9996857597394772
10771200	1	1	0.9998607397561105
10774800	1	1	0.7491612346957811
10778400	1	1	0.4981777735894417
10782000	1	1	0.2471503355989719
10785600	0	1	0.23888045774724423
10789200	0	1	0.23155064956403534
10792800	0	1	0.22484573448879322
10796400	0	1	0.21874616357506943
10800000	0	1	0.21396920321916618
10803600	0	1	0.2151081335599361
10807200	0	1	0.2718591079874259
10810800	0	1	0.2704507699090593
10814400	0	1	0.2657996829056492
10818000	0	1	0.26093901378864753
10821600	0	1	0.2560519178510516
10825200	0	1	0.25106691816131654
10828800	1	1	0.0002541161345340576
10832400	1	1	0.00018384502637974913
10836000	1	1	0.0006951268793420079
10839600	1	1	0.0016488233960227996
10843200	1	1	0.9985840027173452
10846800	1	1	0.9985364049931316
10850400	1	1	0.9997167696308118
10854000	1	1	0.9996854377257292
10857600	1	1	0.9998492633470545
10861200	1	1	0.7491296273939493
10864800	1	1	0.4981449989590791
10868400	1	1	0.24711650360408918
10872000	0	1	0.23904331766510578
10875600	0	1	0.2318501070496189
10879200	0	1	0.22526763706479785
10882800	0	1	0.2193015925493932
10886400	0	1	0.21454039807669348
10890000	0	1	0.21611069294734273
10893600	0	1	0.27186046131069896
10897200	0	1	0.2701984397801655
10900800	0	1	0.2656264566678397
10904400	0	1	0.2608451882636165
10908000	0	1	0.2560350037091295
10911600	0	1	0.2511112538166588
10915200	1	1	0.0002834560197486097
10918800	1	1	0.00018396539856916608
10922400	1	1	0.0006951200257927122
10926000	1	1	0.0016445176655798574
10929600	1	1	0.9985921703697701
10933200	1	1	0.9985279183938011
10936800	1	1	0.9997167662730846
10940400	1	1	0.9996856650320681
10944000	1	1	0.9998519779170482
10947600	1	1	0.7491276641399984
10951200	1	1	0.49814054316813133
10954800	1	1	0.24711109056877983
10958400	0	1	0.23904388043067554
10962000	0	1	0.23182627346131954
10965600	0	1	0.22522473930828235
10969200	0	1	0.21921007252661076
10972800	0	1	0.21449997217900377
10976400	0	1	0.21597150854313024
10980000	0	1	0.2717659474646459
10983600	0	1	0.2702216420373362
10987200	0	1	0.26565513286336995
10990800	0	1	0.26085567198480375
10994400	0	1	0.25601580241036237
10998000	0	1	0.25110317129138277
11001600	1	1	0.00027809890691212976
11005200	1	1	0.00018400084779869296
11008800	1	1	0.0006943965785682403
11012400	1	1	0.0016516733150853948
11016000	1	1	0.9985848889569302
11019600	1	1	0.998532674596256
11023200	1	1	0.999716751740454
11026800	1	1	0.999686672736224
11030400	1	1	0.9998705045084906
11034000	1	1	0.7491848211097927
11037600	1	1	0.4982017901671327
11041200	1	1	0.24717473676537843
11044800	0	1	0.23986208074058737
11048400	0	1	0.23330053221457636
11052000	0	1	0.22727978183853656
11055600	0	1	0.22183118339871669
11059200	0	1	0.21771838265261206
11062800	0	1	0.21928168127738204
11066400	0	1	0.2696998347886343
11070000	0	1	0.26865920083909056
11073600	0	1	0.26452008157850604
11077200	0	0	0.26011852198838736
11080800	0	0	0.25562432854627476
11084400	0	0	0.25102372614071455
11088000	1	1	0.00022884016614855115
11091600	1	1	0.0001837409920555537
11095200	1	1	0.0006943921903440778
11098800	1	1	0.0016486256685420977
11102400	1	1	0.9985882017751776
11106000	1	1	0.9985321580326137
11109600	1	1	0.9997167926679497
11113200	1	1	0.9996917919788187
11116800	1	1	0.9998781455716786
11120400	1	1	0.7491578888038791
11124000	1	1	0.49817727386080596
11127600	1	1	0.24715201714734383
11131200	0	1	0.2397823119457702
11134800	0	1	0.2331100745169213
11138400	0	1	0.2270068453834925
11142000	0	1	0.22143567748581094
11145600	0	1	0.21708608519797581
11149200	0	1	0.2182880502302208
11152800	0	1	0.2689783320464683
11156400	0	1	0.26872308597621913
11160000	0	1	0.2646012745617687
11163600	0	0	0.2601515962495066
11167200	0	0	0.2556314131096687
11170800	0	0	0.2509930467416426
11174400	1	1	0.00021341768744342283
11178000	1	1	0.00018358687836186763
11181600	1	1	0.0006936578081512299
11185200	1	1	0.0016513332251469836
11188800	1	1	0.9985807292260043
11192400	1	1	0.9985333257401232
11196000	1	1	0.9997167351997472
11199600	1	1	0.9996892807050666
11203200	1	1	0.9998744258350936
11206800	1	1	0.7491718391361184
11210400	1	1	0.49819048022213047
11214000	1	1	0.24716508842517282
11217600	0	1	0.240312951596128
11221200	0	1	0.23415591637856822
11224800	0	1	0.22852625323887998
11228400	0	1	0.22339345756833873
11232000	0	1	0.21932813573233848
11235600	0	1	0.2211998811405738
11239200	0	1	0.26880395741061747
11242800	0	1	0.2677951552064502
11246400	0	0	0.2638787570265869
11250000	0	0	0.25969503368614344
11253600	0	0	0.25541411473573095
11257200	0	0	0.251001833261962
11260800	1	1	0.00021738550829510583
11264400	1	1	0.00018369402616728381
11268000	1	1	0.0006943918630419317
11271600	1	1	0.0016486256652584578
11275200	1	1	0.9985882017717961
11278800	1	1	0.9985321576536217
11282400	1	1	0.9997167706848858
11286000	1	1	0.9996860876578546
11289600	1	1	0.99989115677517
11293200	1	1	0.7492522436942731
11296800	1	1	0.4982836193037824
11300400	1	1	0.24726432993962452
11304000	0	1	0.24106908017344014
11307600	0	1	0.23542854955265843
11311200	0	1	0.23028931777407652
11314800	0	1	0.22563714598615597
11318400	0	1	0.22235147090838117
11322000	0	1	0.22424493712764795
11325600	0	1	0.2669124748157371
11329200	0	1	0.26628786082761674
11332800	0	0	0.2628634400031944
11336400	0	0	0.25903747048269554
11340000	0	0	0.2550466292858711
11343600	0	0	0.250923676211316
11347200	1	1	0.0001840035796733122
11350800	1	1	0.00018355725214404871
11354400	1	1	0.0006943909098756954
11358000	1	1	0.0016486256557177589
11361600	1	1	0.99858820177166
11365200	1	1	0.9985321576390035
11368800	1	1	0.9997167698369724
11372400	1	1	0.9996858676502057
11376000	1	1	0.9998707361707004
11379600	1	1	0.7491356659958707
11383200	1	1	0.4981532277435185
11386800	1	1	0.2471263205971977
11390400	0	1	0.2402726517619874
11394000	0	1	0.2340797852998974
11397600	0	1	0.22840482825579855
11401200	0	1	0.22323496316909588
11404800	0	1	0.21918710469327274
11408400	0	1	0.22133497002602243
11412000	0	1	0.2692436252937448
11415600	0	1	0.2678851843168417
11419200	0	0	0.2639273902335948
11422800	0	0	0.25974189143140386
11426400	0	0	0.25544218873840185
11430000	0	0	0.2510256465615642
11433600	1	1	0.00022988946852291206
11437200	1	1	0.00018374529501287196
11440800	1	1	0.0006943922203313824
11444400	1	1	0.0016486256688437782
11448000	1	1	0.998588201771633
11451600	1	1	0.9985321576361101
11455200	1	1	0.9997167696691737
11458800	1	1	0.9996858241117098
11462400	1	1	0.999866701420545
11466000	1	1	0.749173056518238
11469600	1	1	0.4981886165362086
11473200	1	1	0.24716104806558248
11476800	0	1	0.23931065349677016
11480400	0	1	0.2322705647254494
11484000	0	1	0.22585273934360625
11487600	0	1	0.2200253890367608
11491200	0	1	0.2155661512201801
11494800	0	1	0.21682648044466488
11498400	0	1	0.2706925779893217
11502000	0	1	0.2697381905783471
11505600	0	1	0.2652225938143489
11509200	0	1	0.2605713484530475
11512800	0	0	0.2558559964988626
11516400	0	1	0.2510427196023523
11520000	1	1	0.00023952776957652673
11523600	1	1	0.0001837848239389345
11527200	1	1	0.000694392495807169
11530800	1	1	0.0016486256717374325
11534400	1	1	0.998588240061358
11538000	1	1	0.9985364449684556
11541600	1	1	0.9997167713234525
11545200	1	1	0.9996858698108495
11548800	1	1	0.9998708450398084
11552400	1	1	0.7491424463157141
11556000	1	1	0.498159246630633
11559600	1	1	0.24713210633810884
11563200	0	1	0.24021343361962869
11566800	0	1	0.23397151523180765
11570400	0	1	0.2282662428898355
11574000	0	1	0.22305433326159235
11577600	0	1	0.21907959395365753
11581200	0	1	0.22113601968564622
11584800	0	1	0.26904201820218315
11588400	0	1	0.2679507734280356
11592000	0	0	0.2640014739370017
11595600	0	0	0.25977529283575473
11599200	0	0	0.25546492092224726
11602800	0	0	0.25102761456047334
11606400	1	1	0.00023124077424262044
11610000	1	1	0.00018375791759298437
11613600	1	1	0.0006943958183606123
11617200	1	1	0.001652626454628314
11620800	1	1	0.998579838421518
11624400	1	1	0.9985370425527206
11628000	1	1	0.9997167466303492
11631600	1	1	0.9996863427244423
11635200	1	1	0.9998760865381466
11638800	1	1	0.7491800570901781
11642400	1	1	0.49819791235495153
11646000	1	1	0.2471720453176183
11649600	0	1	0.24000801369628397
11653200	0	1	0.23358132735218629
11656800	0	1	0.22767290233738924
11660400	0	1	0.2222831709371643
11664000	0	1	0.21821856181256352
11667600	0	1	0.21970073816491395
11671200	0	1	0.2693142914468996
11674800	0	1	0.2684031251577844
11678400	0	0	0.26429783611231733
11682000	0	0	0.2599748415506312
11685600	0	0	0.25554446462814473
11689200	0	0	0.2509986198785166
11692800	1	1	0.00021578290010202915
11696400	1	1	0.00018368745636248158
11700000	1	1	0.00069439181725744
11703600	1	1	0.0016486256648036274
11707200	1	1	0.9985882017717166
11710800	1	1	0.9985321576453391
11714400	1	1	0.9997167702043521
11718000	1	1	0.9996859629738742
11721600	1	1	0.9998795771969683
11725200	1	1	0.7491852788035994
11728800	1	1	0.4982055573974654
11732400	1	1	0.24718074664618345
11736000	0	1	0.24085676690098515
11739600	0	1	0.23510402753895177
11743200	0	1	0.22983814800654462
11746800	0	1	0.22501518963671388
11750400	0	1	0.22152444957614623
11754000	0	1	0.22403605070219199
11757600	0	1	0.2680224032720901
11761200	0	1	0.2667959741876891
11764800	0	0	0.2631812060779077
11768400	0	0	0.25925000912949075
11772000	0	0	0.2551823914039664
11775600	0	0	0.250988161446061
11779200	1	1	0.00021093064975021545
11782800	1	1	0.0001836228208980646
11786400	1	1	0.0006943948563513832
11790000	1	1	0.001652626458609768
11793600	1	1	0.9985838510067466
11797200	1	1	0.9985328400157485
11800800	1	1	0.9997169236465
11804400	1	1	0.9996908354281887
11808000	1	1	0.9998944096299094
11811600	1	1	0.7492634161613717
11815200	1	1	0.4982968708574025
11818800	1	1	0.24727875221887574
11822400	0	1	0.24222346356667043
11826000	0	0	0.23757248228994962
11829600	0	0	0.2332907926671006
11833200	0	0	0.2294232366987833
11836800	0	0	0.22687512823120992
11840400	0	1	0.23330180631769684
11844000	0	1	0.2635303969177693
11847600	0	1	0.26368225838186554
11851200	0	0	0.2611904986751153
11854800	0	0	0.2579399604667271
11858400	0	0	0.25448906363974994
11862000	0	0	0.25089898915646414
11865600	1	1	0.00017591219170131614
11869200	1	1	0.00018347804812556071
11872800	1	1	0.0006943936289825183
11876400	1	1	0.0016524357835933222
11880000	1	1	0.9985840587045149
11883600	1	1	0.9985328073116384
11887200	1	1	0.9997169123687147
11890800	1	1	0.9996876074472385
11894400	1	1	0.9998835614525723
11898000	1	1	0.7492180606529413
11901600	1	1	0.49824094198012103
11905200	1	1	0.24721857342597495
11908800	0	1	0.23900222507433364
11912400	0	1	0.2316771119491467
11916000	0	1	0.22499934400787844
11919600	0	1	0.2189100933894319
11923200	0	1	0.21387359871776476
11926800	0	1	0.21452215995244842
11930400	0	1	0.27011195395976995
11934000	0	1	0.2699554171159714
11937600	0	1	0.2655833748496659
11941200	0	1	0.2607958745585135
11944800	0	1	0.255925505128894
11948400	0	1	0.25096168599970703
11952000	1	1	0.0001988012012377955
11955600	1	1	0.0001836178611100179
11959200	1	1	0.0006943913322540965
11962800	1	1	0.0016486256599459353
11966400	1	1	0.9985882017716965
11970000	1	1	0.9985321576429645
11973600	1	1	0.9997167700667845
11977200	1	1	0.9996859272792871
11980800	1	1	0.9998762654316061
11984400	1	1	0.7491920261633412
11988000	1	1	0.4982141661118772
11991600	1	1	0.24718939776242127
11995200	0	1	0.2408378940110327
11998800	0	1	0.23507499868183376
12002400	0	1	0.2298219280882961
12006000	0	1	0.22504681655496786
12009600	0	1	0.22178289272093307
12013200	0	1	0.22455448926985275
12016800	0	1	0.2682383293529442
12020400	0	1	0.266966969719409
12024000	0	0	0.2632216785282284
12027600	0	0	0.25927580101869
12031200	0	0	0.2552005971214037
12034800	0	0	0.2510010700883826
12038400	1	1	0.0002170027323859685
12042000	1	1	0.0001836924569710057
12045600	1	1	0.0006943918521058597
12049200	1	1	0.0016486256651480583
12052800	1	1	0.9985882017718062
12056400	1	1	0.998532157654952
12060000	1	1	0.9997167707618818
12063600	1	1	0.9996861076359845
12067200	1	1	0.9998930138329745
12070800	1	1	0.7493489714779887
12074400	1	1	0.49838154908033394
12078000	1	1	0.24736292395070417
12081600	0	1	0.2417429066909967
12085200	0	1	0.2366073349254285
12088800	0	1	0.2318756971894525
12092400	0	0	0.22760375631382207
12096000	0	1	0.2255491863145726
12099600	0	1	0.2607948676187122
12103200	0	1	0.26414065725476743
12106800	0	1	0.26504371069031896
12110400	0	0	0.26204962797314213
12114000	0	0	0.2585075691983145
12117600	0	0	0.2547749438545259
12121200	0	0	0.2509121721579539
12124800	1	1	0.00018002745100468106
12128400	1	1	0.000183540972975247
12132000	1	1	0.0006943907964287477
12135600	1	1	0.0016486256545773907
12139200	1	1	0.9985882017966083
12142800	1	1	0.9985321604322125
12146400	1	1	0.9997169318539341
12150000	1	1	0.9996857943260966
12153600	1	1	0.9998821874473471
12157200	1	1	0.7492090346739037
12160800	1	1	0.49822932532474573
12164400	1	1	0.2472048151980677
12168000	0	1	0.24147628548005914
12171600	0	1	0.23624339849152043
12175200	0	1	0.23143940436379082
12178800	0	0	0.22706152758535225
12182400	0	0	0.22376630830962882
12186000	0	1	0.22818064972110697
12189600	0	1	0.2661467126869217
12193200	0	1	0.26554149183927195
12196800	0	0	0.26230031087434874
12200400	0	0	0.2586733622235113
12204000	0	0	0.2548837881041341
12207600	0	0	0.2509775578372059
12211200	1	1	0.00020613303811950533
12214800	1	1	0.00018360881831855596
12218400	1	1	0.0006951243222250162
12222000	1	1	0.0016519192491476588
12225600	1	1	0.9985801036023462
12229200	1	1	0.9985334368231268
12232800	1	1	0.9997174426536565
12236400	1	1	0.9997462958602041
12240000	1	1	0.9998570457774036
12243600	1	1	0.7491342242127482
12247200	1	1	0.4981504692860903
12250800	1	1	0.2471233697346166
12254400	0	1	0.24054645947494285
12258000	0	1	0.23458877381188956
12261600	0	1	0.22912404236954484
12265200	0	1	0.22410800573273104
12268800	0	1	0.22019616101426506
12272400	0	1	0.2226950118996711
12276000	0	1	0.26835109466073465
12279600	0	1	0.26734066435938486
12283200	0	0	0.2635858864741278
12286800	0	0	0.25950918283767993
12290400	0	0	0.25532308945369225
12294000	0	0	0.2510206258978692
12297600	1	1	0.00022742746541840536
12301200	1	1	0.00018374215936061726
12304800	1	1	0.0006943957061712219
12308400	1	1	0.001652626467542073
12312000	1	1	0.9985838510037341
12315600	1	1	0.9985328396957948
12319200	1	1	0.9997169056553479
12322800	1	1	0.9996862304387006
12326400	1	1	0.9998655963452671
12330000	1	1	0.7491162413119334
12333600	1	1	0.4981302136905737
12337200	1	1	0.2471014924514694
12340800	0	1	0.24004493456677706
12344400	0	1	0.2337021327907586
12348000	0	1	0.22788630345040523
12351600	0	1	0.2225532608943731
12355200	0	1	0.21838142180392311
12358800	0	1	0.2204469612398405
12362400	0	1	0.2697544577556243
12366000	0	1	0.26828753672595546
12369600	0	0	0.26423144013469757
12373200	0	0	0.259934411136632
12376800	0	0	0.2555536159970374
12380400	0	0	0.2510461856090499
12384000	1	1	0.0002418199547371116
12387600	1	1	0.0001837497238086389
12391200	1	1	0.0006943953663814639
12394800	1	1	0.001652245168693583
12398400	1	1	0.9985882940531312
12402000	1	1	0.9985328461897468
12405600	1	1	0.9997167448241335
12409200	1	1	0.9996862613009885
12412800	1	1	0.9998686820563158
12416400	1	1	0.7491883280764541
12420000	1	1	0.4982050812326456
12423600	1	1	0.24717793596003332
12427200	0	1	0.24004970465364056
12430800	0	1	0.23361779249341974
12434400	0	1	0.22773432905729044
12438000	0	1	0.22238233089213513
12441600	0	1	0.21844478837140988
12445200	0	1	0.22025256153645434
12448800	0	1	0.2694796143488247
12452400	0	1	0.2684074281668806
12456000	0	0	0.2643198384937137
12459600	0	0	0.2599807713249558
12463200	0	0	0.255571448505832
12466800	0	0	0.25103628534621
12470400	1	1	0.000236185283781507
12474000	1	1	0.00018378422766171062
12477600	1	1	0.000693651200613116
12481200	1	1	0.0016472068705060928
12484800	1	1	0.998580729238663
12488400	1	1	0.9985333285038341
12492000	1	1	0.9997168872593745
12495600	1	1	0.9996866792450763
12499200	1	1	0.9998691716745922
12502800	1	1	0.7492023717277647
12506400	1	1	0.4982193466118784
12510000	1	1	0.24719209232766595
12513600	0	1	0.2403728552034486
12517200	0	1	0.2342354450593857
12520800	0	1	0.22858673727146878
12524400	0	1	0.22343675634582308
12528000	0	1	0.21970258617116822
12531600	0	1	0.22192391223690092
12535200	0	1	0.2689834826641913
12538800	0	1	0.267697738382937
12542400	0	0	0.2638778405445627
12546000	0	0	0.25970315583512965
12549600	0	0	0.25543329716340823
12553200	0	0	0.2510315130840883
12556800	1	1	0.00023349832255438525
12560400	1	1	0.00018387733668083148
12564000	1	1	0.0006951354434737023
12567600	1	1	0.0016568329729967964
12571200	1	1	0.9985913198975972
12574800	1	1	0.9985295061778838
12578400	1	1	0.9997175205149592
12582000	1	1	0.999686890320778
12585600	1	1	0.9998510525984154
12589200	1	1	0.7491305407707618
12592800	1	1	0.4981463112761723
12596400	1	1	0.24711793165117732
12600000	0	1	0.23916320667647892
12603600	0	1	0.23202845865456023
12607200	0	1	0.22554100694923152
12610800	0	1	0.219654766388471
12614400	0	1	0.21504875471647872
12618000	0	1	0.2165884761063583
12621600	0	1	0.27097543345667724
12625200	0	1	0.26975629179991206
12628800	0	1	0.26547731130283914
12632400	0	1	0.2607387149524669
12636000	0	0	0.2559735386014663
12639600	0	1	0.25109509254550627
12643200	1	1	0.00027243270100214145
12646800	1	1	0.00018386858658228267
12650400	1	1	0.0006944007796298923
12654000	1	1	0.0016529528861522727
12657600	1	1	0.9985879951209184
12661200	1	1	0.9985321897832502
12664800	1	1	0.9997167650854113
12668400	1	1	0.9996849778760134
12672000	1	1	0.9997886073305118
12675600	1	1	0.7490186541280669
12679200	1	1	0.4980233877692833
12682800	1	1	0.24698940787715815
12686400	0	1	0.23455449387408658
12690000	0	1	0.22373757414831486
12693600	0	1	0.21401283240038962
12697200	0	1	0.2051872412949331
12700800	0	1	0.19757477447820193
12704400	0	1	0.19801236833058594
12708000	0	1	0.279748410445945
12711600	0	1	0.27724839496501685
12715200	0	1	0.2707832908232921
12718800	0	1	0.26420479884230313
12722400	0	1	0.2577797737145284
12726000	0	1	0.2513420315831883
12729600	1	1	0.00047243052391740466
12733200	1	1	0.0001847386264425971
12736800	1	1	0.0006943992860171862
12740400	1	1	0.0016488161045490112
12744000	1	1	0.9985879951067655
12747600	1	1	0.9985321897836166
12751200	1	1	0.9997167651144777
12754800	1	1	0.99968498541264
12758400	1	1	0.9998076022106889
12762000	1	1	0.7490613500811864
12765600	1	1	0.49806926002695456
12769200	1	1	0.2470365307871362
12772800	0	1	0.2353758941309597
12776400	0	1	0.22531175107186407
12780000	0	1	0.21620120031526247
12783600	0	1	0.2078754332503089
12787200	0	1	0.2007920592454235
12790800	0	1	0.20131510226017918
12794400	0	1	0.27805425788956406
12798000	0	1	0.27593584212802363
12801600	0	1	0.26987032096357333
12805200	0	1	0.26359656755935285
12808800	0	1	0.25743976216697717
12812400	0	1	0.25126699125393137
12816000	1	1	0.000406355430177277
12819600	1	1	0.00018446856482177656
12823200	1	1	0.000694397260852657
12826800	1	1	0.0016486257193431566
12830400	1	1	0.9985882017712258
12834000	1	1	0.9985321575910135
12837600	1	1	0.9997167670533578
12841200	1	1	0.9996851453950402
12844800	1	1	0.9998040563350051
12848400	1	1	0.7490514440839469
12852000	1	1	0.4980548276666576
12855600	1	1	0.24702031882478268
12859200	0	1	0.22039989856278489
12862800	0	1	0.19872494378671737
12866400	0	1	0.17945651300543208
12870000	0	1	0.16225275062544497
12873600	0	1	0.146646466429729
12877200	0	1	0.14486019903726097
12880800	0	1	0.2986778920430567
12884400	0	1	0.29446940849912584
12888000	0	1	0.2827642560489103
12891600	0	1	0.27157885436157586
12895200	0	1	0.26118658506005826
12898800	0	1	0.2512819148789299
12902400	1	1	0.0004192383825673637
12906000	1	1	0.00018452118731099301
12909600	1	1	0.0006943976275897198
12913200	1	1	0.0016486257230163516
12916800	1	1	0.9985882017713092
12920400	1	1	0.9985321576002972
12924000	1	1	0.9997167675918486
12927600	1	1	0.9996852851145358
12931200	1	1	0.999816915576686
12934800	1	1	0.7490486217012642
12938400	1	1	0.49805140552507826
12942000	1	1	0.24701715313820283
12945600	0	1	0.23006469284343786
12949200	0	1	0.2159307583926865
12952800	0	1	0.20318885195924452
12956400	0	1	0.1916256946824181
12960000	0	1	0.18131669070108414
12963600	0	1	0.18082213912174286
12967200	0	1	0.2852584609189054
12970800	0	1	0.2829446118429695
12974400	0	1	0.27488770372101945
12978000	0	1	0.26675003971126954
12981600	0	1	0.25891775859687755
12985200	0	1	0.25123197067545927
12988800	1	1	0.0003767144365260314
12992400	1	1	0.0001843473390357952
12996000	1	1	0.0006943964160088474
12999600	1	1	0.0016486257108900887
13003200	1	1	0.9985882017258659
13006800	1	1	0.9985321525133021
13010400	1	1	0.9997164725298585
13014000	1	1	0.9996087823001032
13017600	1	1	0.7601078491798089
13021200	1	1	0.5092005687961633
13024800	1	1	0.25817957727960283
13028400	1	1	0.007130593456203749
13032000	0	0	0.005971419952107121
13035600	0	0	0.0048067509894526884
13039200	0	0	0.003639887947380784
13042800	0	0	0.0024445043068843
13046400	0	0	0.0016460553928387852
13050000	0	0	0.0012354347834558073
13053600	0	0	0.0011716275904945241
13057200	0	0	0.0007614619077014272
13060800	0	1	0.05218601713958944
13064400	0	1	0.046854982017240344
13068000	0	1	0.010780482313152685
13071600	0	1	0.0015787607733306144
13075200	1	1	0.9985863484719636
13078800	1	1	0.9991329963927188
13082400	1	1	0.9996511161015951
13086000	1	1	0.999663133301444
13089600	1	1	0.9996750760351156
13093200	1	1	0.9997566414111319
13096800	1	1	0.9997810551996384
13100400	1	1	0.9997471399232056
13104000	1	1	0.7507260899990973
13107600	1	1	0.5014430232754613
13111200	1	1	0.25196737975423245
13114800	1	1	0.0009301311215760513
13118400	0	0	0.000684243335749006
13122000	0	0	0.0004779002483619052
13125600	0	0	0.00036437717944700515
13129200	0	0	0.00032201972419846893
13132800	0	0	0.000664041885767316
13136400	0	0	0.0009342058162565926
13140000	0	0	0.0014592173451219638
13143600	0	0	0.0013136532499654918
13147200	0	1	0.001284508485536975
13150800	0	1	0.018898631739576583
13154400	0	1	0.0016695692078328402
13158000	0	1	0.0015906103527230631
13161600	1	1	0.9983373092469666
13165200	1	1	0.9991180994727346
13168800	1	1	0.9996489186367222
13172400	1	1	0.999664737383604
13176000	1	1	0.999677451284348
13179600	1	1	0.9997568667934443
13183200	1	1	0.9997791908586258
13186800	1	1	0.9996396156841342
13190400	1	1	0.7506111110920959
13194000	1	1	0.5013508062513764
13197600	1	1	0.2518953960844934
13201200	1	1	0.0008567062786171587
13204800	0	0	0.0006362478828902869
13208400	0	0	0.00046128193882203424
13212000	0	0	0.00038108850220614887
13215600	0	0	0.00036686186015817966
13219200	0	0	0.000679691421515081
13222800	0	0	0.0008120629585734177
13226400	0	0	0.0011190192357954441
13230000	0	0	0.0007743657379436983
13233600	0	0	0.0006247499353110066
13237200	0	1	0.03754638452883099
13240800	0	1	0.006448957174740083
13244400	0	1	0.0015275706867767763
13248000	1	1	0.9985894514012577
13251600	1	1	0.9991314545193767
13255200	1	1	0.9996511304301477
13258800	1	1	0.9996631353448826
13262400	1	1	0.9996752769466607
13266000	1	1	0.9997566491450051
13269600	1	1	0.9997811951129268
13273200	1	1	0.99974878294419
13276800	1	1	0.7506947969043689
13280400	1	1	0.5013803292005733
13284000	1	1	0.251879675505567
13287600	1	1	0.0008429040982660419
13291200	0	0	0.0006089314070035961
13294800	0	0	0.0004238123660352256
13298400	0	0	0.00034628735751482246
13302000	0	0	0.000325901321239227
13305600	0	0	0.000667240523460566
13309200	0	0	0.0009658953479029456
13312800	0	0	0.0013438347006739593
13316400	0	0	0.0009438527359236155
13320000	0	1	0.002451011111231163
13323600	0	1	0.023966726930256085
13327200	0	1	0.0022491313393721416
13330800	0	1	0.0015535393951348357
13334400	1	1	0.998550086423366
13338000	1	1	0.9991334164590144
13341600	1	1	0.9996485322167927
13345200	1	1	0.9996646923436239
13348800	1	1	0.999674435470733
13352400	1	1	0.9997571274743889
13356000	1	1	0.9997797663489225
13359600	1	1	0.9996966089759273
13363200	1	1	0.7506577848945386
13366800	1	1	0.5013821103841768
13370400	1	1	0.25190945160813105
13374000	1	1	0.0008720316948698597
13377600	0	0	0.0006414207178816684
13381200	0	0	0.0004478896707745993
13384800	0	0	0.00034873700522103395
13388400	0	0	0.0002894746680857278
13392000	0	0	0.0006509915885647815
13395600	0	0	0.0009253448830194489
13399200	0	0	0.0013351877415909547
13402800	0	0	0.0012009746905320363
13406400	0	1	0.0016681355087837552
13410000	0	1	0.025654518504630533
13413600	0	1	0.002552552733673705
13417200	0	1	0.0015670050646466854
13420800	1	1	0.9985245667514488
13424400	1	1	0.9991316992547652
13428000	1	1	0.9996535287636652
13431600	1	1	0.9996648157264935
13435200	1	1	0.9996815285934567
13438800	1	1	0.9997551585268036
13442400	1	1	0.9997821350342003
13446000	1	1	0.9996987950195259
13449600	1	1	0.7506403290520763
13453200	1	1	0.5013412687127713
13456800	1	1	0.25185143966174844
13460400	1	1	0.0008133465828197113
13464000	0	0	0.0005944268059418787
13467600	0	0	0.0004194993785844553
13471200	0	0	0.0003327155710423679
13474800	0	0	0.00030890799259832447
13478400	0	0	0.0005964773849174157
13482000	0	0	0.0008525150048269764
13485600	0	0	0.001352146384729943
13489200	0	0	0.0016789721588850901
13492800	0	0	0.0009339655273720701
13496400	0	1	0.03921633748558627
13500000	0	1	0.007249634957228073
13503600	0	1	0.0015284336740917673
13507200	1	1	0.9985935436747388
13510800	1	1	0.9991329426647101
13514400	1	1	0.9996511518471966
13518000	1	1	0.9996631325206385
13521600	1	1	0.9996750586450661
13525200	1	1	0.9997566500980823
13528800	1	1	0.9997811729817704
13532400	1	1	0.9997513484267222
13536000	1	1	0.75067852605806
13539600	1	1	0.5013494921840236
13543200	1	1	0.2518341249311622
13546800	1	1	0.0007967132010704727
13550400	0	0	0.0005769079872974504
13554000	0	0	0.0004014637227049045
13557600	0	0	0.0003399082877562073
13561200	0	0	0.0003223858478497393
13564800	0	0	0.0006366914228844001
13568400	0	0	0.0008841461692886776
13572000	0	0	0.0013513696890069917
13575600	0	0	0.001616523285397075
13579200	0	0	0.0008548529810486187
13582800	0	1	0.037399065152879975
13586400	0	1	0.005849761117610608
13590000	0	1	0.0015205412154470962
13593600	1	1	0.9985935436479438
13597200	1	1	0.99913294266462
13600800	1	1	0.9996511518471967
13604400	1	1	0.9996631325206566
13608000	1	1	0.9996750586466536
13611600	1	1	0.9997566501815599
13615200	1	1	0.9997811772975533
13618800	1	1	0.9997515170415346
13622400	1	1	0.7507055555932496
13626000	1	1	0.5014007963765964
13629600	1	1	0.25190377391606406
13633200	1	1	0.000866077351995587
13636800	0	0	0.0006343944948002254
13640400	0	0	0.000445201910940558
13644000	0	0	0.0003516332576004911
13647600	0	0	0.0003048832890466626
13651200	0	0	0.0005868155401800339
13654800	0	0	0.0009050012866008358
13658400	0	0	0.0014325108870198496
13662000	0	0	0.001786124938829489
13665600	0	1	0.001107121375518844
13669200	0	1	0.02572484889923712
13672800	0	1	0.002567672823566168
13676400	0	1	0.0014607821032474682
13680000	1	1	0.998536459472821
13683600	1	1	0.999130161498825
13687200	1	1	0.9996508605298672
13690800	1	1	0.9996613124423345
13694400	1	1	0.9996749526611103
13698000	1	1	0.9997567008052538
13701600	1	1	0.99978026090243
13705200	1	1	0.9997163288809825
13708800	1	1	0.7506604380754915
13712400	1	1	0.5013601962764689
13716000	1	1	0.2518682612571426
13719600	1	1	0.0008299983192490158
13723200	0	0	0.0006087496089337157
13726800	0	0	0.00042922276564106443
13730400	0	0	0.0003451061035730141
13734000	0	0	0.0003202985866203173
13737600	0	0	0.0005680287208243905
13741200	0	0	0.0009067474427469751
13744800	0	0	0.0013065327818092898
13748400	0	0	0.0013229016462248122
13752000	0	0	0.0009025421662755625
13755600	0	1	0.035376494285733126
13759200	0	1	0.004974706430307515
13762800	0	1	0.0015145101536283708
13766400	1	1	0.998589645928039
13770000	1	1	0.9991314530430422
13773600	1	1	0.9996511313864199
13777200	1	1	0.9996631329110397
13780800	1	1	0.9996750675637084
13784400	1	1	0.9997566456060161
13788000	1	1	0.9997811103732186
13791600	1	1	0.99974909661863
13795200	1	1	0.7506868207435543
13798800	1	1	0.5013689353041911
13802400	1	1	0.25186203134427443
13806000	1	1	0.0008243140999771118
13809600	0	0	0.0006063229806471027
13813200	0	0	0.00043553147366112954
13816800	0	0	0.000366105638568288
13820400	0	0	0.00033614419651059715
13824000	0	0	0.00048128259808959394
13827600	0	0	0.0008142274878755876
13831200	0	0	0.001203320090335945
13834800	0	0	0.000769749761852308
13838400	0	1	0.0020337025508433363
13842000	0	1	0.0387401467729219
13845600	0	1	0.007296851382921225
13849200	0	1	0.001532538415674553
13852800	1	1	0.9985933363528323
13856400	1	1	0.9991314243847402
13860000	1	1	0.9996511496861845
13863600	1	1	0.9996631325097121
13867200	1	1	0.9996750586442515
13870800	1	1	0.9997566500612916
13874400	1	1	0.9997811710797437
13878000	1	1	0.9997512741173717
13881600	1	1	0.7506675561058415
13885200	1	1	0.5013346059713342
13888800	1	1	0.2518120169627124
13892400	1	1	0.0007757153784592665
13896000	0	0	0.0005582610974908332
13899600	0	0	0.00038965288272433985
13903200	0	0	0.00033131938809138455
13906800	0	0	0.0003318823537482644
13910400	0	0	0.0006490383906687977
13914000	0	0	0.000895663133072847
13917600	0	0	0.0012273765785411751
13921200	0	0	0.0011358251132387704
13924800	0	1	0.0013160585759042663
13928400	0	1	0.038785822532730635
13932000	0	1	0.007278529391835114
13935600	0	1	0.0015286586437840105
13939200	1	1	0.9985935436755046
13942800	1	1	0.9991329426647121
13946400	1	1	0.9996511518471967
13950000	1	1	0.9996631325206506
13953600	1	1	0.9996750586461132
13957200	1	1	0.9997566501531618
13960800	1	1	0.999781175829365
13964400	1	1	0.9997514596797855
13968000	1	1	0.7506957585605782
13971600	1	1	0.5013827798389232
13975200	1	1	0.2518802632878713
13978800	1	1	0.0008431559328141408
13982400	0	0	0.0006146438918830576
13986000	0	0	0.00043030323329231124
13989600	0	0	0.00035140247195224015
13993200	0	0	0.00032555201992928555
13996800	0	0	0.0006008418446805049
14000400	0	0	0.0008993805271990151
14004000	0	0	0.0014246096653475519
14007600	0	0	0.00168900590134648
14011200	0	0	0.0009216726101713701
14014800	0	1	0.02763295608590423
14018400	0	1	0.0029933291658773837
14022000	0	1	0.0015195859672257393
14025600	1	1	0.9985476479619323
14029200	1	1	0.9991316812408855
14032800	1	1	0.9996506665716793
14036400	1	1	0.9996633623997893
14040000	1	1	0.9996751759037721
14043600	1	1	0.9997568247406319
14047200	1	1	0.9997802775489597
14050800	1	1	0.9997200073639417
14054400	1	1	0.7506819912316027
14058000	1	1	0.5013950698480953
14061600	1	1	0.25191505979003304
14065200	1	1	0.0008759214990160142
14068800	0	0	0.0006512933003901459
14072400	0	0	0.0004661471734792709
14076000	0	0	0.0003639372118945071
14079600	0	0	0.0003303672981854328
14083200	0	0	0.0005792461664787597
14086800	0	0	0.0008925554502531403
14090400	0	0	0.0011849510817941516
14094000	0	0	0.0010269587271713202
14097600	0	0	0.0007998279789123546
14101200	0	1	0.032190868617737095
14104800	0	1	0.003930862895844531
14108400	0	1	0.0015226649431453196
14112000	1	1	0.998565952058407
14115600	1	1	0.9991345499243008
14119200	1	1	0.9996510536388323
14122800	1	1	0.9996624548104545
14126400	1	1	0.999675304823531
14130000	1	1	0.9997566378727355
14133600	1	1	0.9997812851079778
14137200	1	1	0.9997386986254811
14140800	1	1	0.7506884761692795
14144400	1	1	0.5013828840788555
14148000	1	1	0.25188852509341303
14151600	1	1	0.0008497094161986533
14155200	0	0	0.000628698447194883
14158800	0	0	0.0004479276575243551
14162400	0	0	0.0003542317371957356
14166000	0	0	0.0003061697539092378
14169600	0	0	0.0005134888015959552
14173200	0	0	0.0008741487832763973
14176800	0	0	0.001354678210749364
14180400	0	0	0.00151417820925164
14184000	0	0	0.0008871734535841973
14187600	0	1	0.03673567651762697
14191200	0	1	0.006146392509332959
14194800	0	1	0.0015331811118104177
14198400	1	1	0.9985818771156517
14202000	1	1	0.9991299395964256
14205600	1	1	0.999651111242564
14209200	1	1	0.9996629059833684
14212800	1	1	0.9996750704150922
14216400	1	1	0.9997565248005204
14220000	1	1	0.9997810607842602
14223600	1	1	0.999747395953574
14227200	1	1	0.750710700728317
14230800	1	1	0.5014164699613027
14234400	1	1	0.251927983288855
14238000	1	1	0.000890812494018464
14241600	0	0	0.0006548493631174341
14245200	0	0	0.000461044835416195
14248800	0	0	0.0003589999796155643
14252400	0	0	0.00030199895300623013
14256000	0	0	0.0006624230310563718
14259600	0	0	0.0009575757910567972
14263200	0	0	0.0013629042675699068
14266800	0	0	0.0014961187649586054
14270400	0	1	0.0011041319024715352
14274000	0	1	0.022910768312826436
14277600	0	1	0.0021100016914323253
14281200	0	1	0.0015317526932614209
14284800	1	1	0.9984879102124161
14288400	1	1	0.9991315594043294
14292000	1	1	0.9996504583663139
14295600	1	1	0.9996631334241338
14299200	1	1	0.9996748435615203
14302800	1	1	0.9997567949246103
14306400	1	1	0.9997806447626463
14310000	1	1	0.9996886876869558
14313600	1	1	0.7506674691701737
14317200	1	1	0.5014051672500403
14320800	1	1	0.25194652746969814
14324400	1	1	0.0009092890237909866
14328000	0	0	0.0006677227231647448
14331600	0	0	0.0004650686333699371
14335200	0	0	0.00035530431319396124
14338800	0	0	0.0003364666269674823
14342400	0	0	0.0006700654222504299
14346000	0	0	0.0009736079385513159
14349600	0	0	0.0013669683250561997
14353200	0	0	0.0012945537426534528
14356800	0	1	0.0010679635955576146
14360400	0	1	0.0201869531081012
14364000	0	1	0.0017828439916326255
14367600	0	1	0.001564174503027157
14371200	1	1	0.9984505210237272
14374800	1	1	0.9991237743144827
14378400	1	1	0.999650531887077
14382000	1	1	0.9996633837523378
14385600	1	1	0.999676374385133
14389200	1	1	0.9997574715656137
14392800	1	1	0.9997800626248461
14396400	1	1	0.9996606466778308
14400000	1	1	0.7506424022805935
14403600	1	1	0.5013884203364739
14407200	1	1	0.25193782815677246
14410800	1	1	0.0008998799326027086
14414400	0	0	0.0006669405763785631
14418000	0	0	0.00047659816288058744
14421600	0	0	0.0003796736705146873
14425200	0	0	0.00035855749649129097
14428800	0	0	0.0006616172877377179
14432400	0	0	0.0008687197225087403
14436000	0	0	0.0011163990719637172
14439600	0	0	0.0007638460717908262
14443200	0	1	0.0010151619556417778
14446800	0	1	0.02448490908466455
14450400	0	1	0.0021546299147210796
14454000	0	1	0.0014941673188901673
14457600	1	1	0.998532656505071
14461200	1	1	0.9991347094293215
14464800	1	1	0.9996513477138975
14468400	1	1	0.999663144237938
14472000	1	1	0.9996754139904536
14475600	1	1	0.9997570696834346
14479200	1	1	0.9997812543098759
14482800	1	1	0.9997086398130351
14486400	1	1	0.7506795235132285
14490000	1	1	0.5014026014682568
14493600	1	1	0.2519332105474127
14497200	1	1	0.0008939212633157227
14500800	0	0	0.0006741675263877891
14504400	0	0	0.0004959913200461633
14508000	0	0	0.0004003702675876985
14511600	0	0	0.0003633270898626961
14515200	0	0	0.0006521475445795604
14518800	0	0	0.0009748576630829354
14522400	0	0	0.0011555431505446644
14526000	0	0	0.0008210206590960726
14529600	0	0	0.0004379493900235102
14533200	0	1	0.03927396816443759
14536800	0	1	0.007164294868299829
14540400	0	1	0.0015277429914588663
14544000	1	1	0.9985935436723952
14547600	1	1	0.9991329426647025
14551200	1	1	0.9996511518472315
14554800	1	1	0.9996631325270694
14558400	1	1	0.9996750592069258
14562000	1	1	0.99975667963984
14565600	1	1	0.9997827005008187
14569200	1	1	0.9997494718211809
14572800	1	1	0.7506970435768439
14576400	1	1	0.5013841949262366
14580000	1	1	0.2518841991077083
14583600	1	1	0.0008454841920815492
14587200	0	0	0.0006248525108977798
14590800	0	0	0.00045038821437345396
14594400	0	0	0.00036745719215832795
14598000	0	0	0.0003284321895637325
14601600	0	0	0.0004851013707157153
14605200	0	0	0.0007805638689745249
14608800	0	0	0.0011861195529991016
14612400	0	0	0.0016030044218248668
14616000	0	0	0.0008862067189117947
14619600	0	1	0.03659512371095895
14623200	0	1	0.006105587607418672
14626800	0	1	0.0015248605718987428
14630400	1	1	0.9985826913080098
14634000	1	1	0.9991329769146182
14637600	1	1	0.9996511177375957
14641200	1	1	0.9996629059870771
14644800	1	1	0.9996750717257348
14648400	1	1	0.9997566422371649
14652000	1	1	0.9997810632725938
14655600	1	1	0.9997474110379243
14659200	1	1	0.7506930774653524
14662800	1	1	0.5013820933316383
14666400	1	1	0.25188015408276115
14670000	1	1	0.0008414086935075043
14673600	0	0	0.0006201814590969476
14677200	0	0	0.00044094551486215485
14680800	0	0	0.00035454739850054846
14684400	0	0	0.0002958177769824539
14688000	0	0	0.0005174059884428435
14691600	0	0	0.0008065438780240425
14695200	0	0	0.0012588113030083518
14698800	0	0	0.0012411843188579316
14702400	0	1	0.0015133473837931973
14706000	0	1	0.0359289255167873
14709600	0	1	0.005237246042595677
14713200	0	1	0.0015200221563032516
14716800	1	1	0.9985898545546239
14720400	1	1	0.9991329708142229
14724000	1	1	0.999651133602362
14727600	1	1	0.9996631329223883
14731200	1	1	0.99967506756439
14734800	1	1	0.9997566456353371
14738400	1	1	0.9997811118819777
14742000	1	1	0.9997491553280863
14745600	1	1	0.7506960442495438
14749200	1	1	0.5013871068104355
14752800	1	1	0.25188564322231616
14756400	1	1	0.0008468974935497024
14760000	0	0	0.0006256991489410451
14763600	0	0	0.00044521060533335893
14767200	0	0	0.00035225615546907876
14770800	0	0	0.0002873602334966083
14774400	0	0	0.0005016654972607078
14778000	0	0	0.0008360295920687065
14781600	0	0	0.0012212318560076859
14785200	0	0	0.0010312755697333843
14788800	0	1	0.0025976254687731745
14792400	0	1	0.03617611533175012
14796000	0	1	0.00615167921445641
14799600	0	1	0.0015255301037637391
14803200	1	1	0.9985865433722868
14806800	1	1	0.9991329949994633
14810400	1	1	0.9996511170793758
14814000	1	1	0.9996631332800134
14817600	1	1	0.9996750755285271
14821200	1	1	0.9997566398029921
14824800	1	1	0.9997809638931985
14828400	1	1	0.9997472100128284
14832000	1	1	0.7507006079448668
14835600	1	1	0.501393228762738
14839200	1	1	0.25189718227684216
14842800	1	1	0.0008580713523493825
14846400	0	0	0.0006364941467015035
14850000	0	0	0.00045606110559281515
14853600	0	0	0.00035627838318434885
14857200	0	0	0.0003115686263006721
14860800	0	0	0.000534822147004513
14864400	0	0	0.0007428448776132465
14868000	0	0	0.0012159807553793344
14871600	0	0	0.0011575011943015716
14875200	0	1	0.001183805319704722
14878800	0	1	0.03558229989767815
14882400	0	1	0.005116276274997189
14886000	0	1	0.0015199200787294903
14889600	1	1	0.9985850274572027
14893200	1	1	0.9991314410862177
14896800	1	1	0.9996511294246386
14900400	1	1	0.9996631329530793
14904000	1	1	0.9996750685042534
14907600	1	1	0.9997566451550504
14911200	1	1	0.9997811049733907
14914800	1	1	0.9997489069127181
14918400	1	1	0.750695855743966
14922000	1	1	0.5013856763477288
14925600	1	1	0.2518839712589063
14929200	1	1	0.0008452427272372957
14932800	0	0	0.0006267476412070655
14936400	0	0	0.0004428295600422181
14940000	0	0	0.00033854318759913394
14943600	0	0	0.00029204609202380255
14947200	0	0	0.0005049958682593196
14950800	0	0	0.0007640856783909342
14954400	0	0	0.0012419861348878746
14958000	0	0	0.0009238140495157615
14961600	0	1	0.004913913572473707
14965200	0	1	0.03888212211181213
14968800	0	1	0.00736093063724275
14972400	0	1	0.0015330919699462378
14976000	1	1	0.9985933363547125
14979600	1	1	0.9991314243847464
14983200	1	1	0.9996511496861867
14986800	1	1	0.9996631325101061
14990400	1	1	0.9996750586786772
14994000	1	1	0.9997566518713398
14997600	1	1	0.9997812646601145
15001200	1	1	0.9997512864549783
15004800	1	1	0.7506877570650995
15008400	1	1	0.5013682427958963
15012000	1	1	0.2518580209479183
15015600	1	1	0.0008197187221571061
15019200	0	0	0.000600460852906553
15022800	0	0	0.00042274010218127186
15026400	0	0	0.0003372503805120981
15030000	0	0	0.0002786628156518876
15033600	0	0	0.0005625428697367613
15037200	0	0	0.0007297813859114717
15040800	0	0	0.0012995995531873703
15044400	0	1	0.001092839296711019
15048000	0	1	0.008823226503392331
15051600	0	1	0.03626737004637017
15055200	0	1	0.005763166769662332
15058800	0	1	0.0015198312375969481
15062400	1	1	0.9985935436455337
15066000	1	1	0.999132942664612
15069600	1	1	0.9996511518471962
15073200	1	1	0.9996631325206399
15076800	1	1	0.9996750586451701
15080400	1	1	0.9997566501035632
15084000	1	1	0.9997811732651181
15087600	1	1	0.9997513594967388
15091200	1	1	0.7506801313473063
15094800	1	1	0.5013559451510353
15098400	1	1	0.2518419789328571
15102000	1	1	0.0008044605923616274
15105600	0	0	0.000586167477117364
15109200	0	0	0.0004128967864188712
15112800	0	0	0.00032793856462163325
15116400	0	0	0.00028443977603679184
15120000	0	0	0.0005616654603186706
15123600	0	0	0.0008342050652571206
15127200	0	0	0.0013124490814812922
15130800	0	1	0.0014969682071057375
15134400	0	1	0.0022382495768755763
15138000	0	1	0.03894876016960826
15141600	0	1	0.0072269063361337545
15145200	0	1	0.0015317233217401291
15148800	1	1	0.9985935436859095
15152400	1	1	0.9991329426647466
15156000	1	1	0.9996511518471968
15159600	1	1	0.9996631325206446
15163200	1	1	0.9996750586456128
15166800	1	1	0.9997566501268466
15170400	1	1	0.9997811744688884
15174000	1	1	0.9997514065268807
15177600	1	1	0.7506876719579804
15181200	1	1	0.5013698335707635
15184800	1	1	0.25186047405452083
15188400	1	1	0.0008222438590747818
15192000	0	0	0.0006031680615486311
15195600	0	0	0.00042627032766911837
15199200	0	0	0.0003324671290714351
15202800	0	0	0.0002828343396079714
15206400	0	0	0.0005575013683779793
15210000	0	0	0.0008542099295310694
15213600	0	0	0.001266158110587717
15217200	0	0	0.001629705989416666
15220800	0	1	0.0015134392029941882
15224400	0	1	0.0391790122836277
15228000	0	1	0.007264681371965625
15231600	0	1	0.001528564139927599
15235200	1	1	0.998593543675181
15238800	1	1	0.9991329426647121
15242400	1	1	0.9996511518471987
15246000	1	1	0.999663132521031
15249600	1	1	0.9996750586793561
15253200	1	1	0.9997566519010154
15256800	1	1	0.9997812661942976
15260400	1	1	0.9997513464310435
15264000	1	1	0.7506964657333399
15267600	1	1	0.5013849657838206
15271200	1	1	0.2518813654085361
15274800	1	1	0.0008427053825918172
15278400	0	0	0.0006221433673438696
15282000	0	0	0.00043933264936805457
15285600	0	0	0.00033518950387305716
15289200	0	0	0.00027860542310905465
15292800	0	0	0.0005527653136409673
15296400	0	0	0.0008073535313270658
15300000	0	0	0.0012823822349009345
15303600	0	0	0.0013028026427417442
15307200	0	1	0.0021340302940493073
15310800	0	1	0.03598452495489396
15314400	0	1	0.005357279576282264
15318000	0	1	0.001451103131738153
15321600	1	1	0.9985935434122049
15325200	1	1	0.9991329426638299
15328800	1	1	0.9996511518471956
15332400	1	1	0.9996631325206604
15336000	1	1	0.9996750586470063
15339600	1	1	0.9997566502000835
15343200	1	1	0.9997811782552353
15346800	1	1	0.9997515544582414
15350400	1	1	0.7507110603730539
15354000	1	1	0.5014120211066936
15357600	1	1	0.25192015837873716
15361200	1	1	0.0008824534977967907
15364800	0	0	0.0006474487540146395
15368400	0	0	0.0004523862974033781
15372000	0	0	0.00035291795630794295
15375600	0	0	0.00028051511844446914
15379200	0	0	0.0005819046636415603
15382800	0	0	0.0008339797371177108
15386400	0	0	0.0013417865821663886
15390000	0	1	0.001770688062406767
15393600	0	1	0.0029065334638758568
15397200	0	1	0.023722018210333925
15400800	0	1	0.0023273610760627963
15404400	0	1	0.0014575945809998708
15408000	1	1	0.9984923409201003
15411600	1	1	0.9991239178893107
15415200	1	1	0.9996502495555448
15418800	1	1	0.9996624473378423
15422400	1	1	0.9996745896120489
15426000	1	1	0.9997563177275223
15429600	1	1	0.9997797984451785
15433200	1	1	0.9997012068025373
15436800	1	1	0.7506738880434506
15440400	1	1	0.5014027956749542
15444000	1	1	0.2519355339259048
15447600	1	1	0.0008974450336893264
15451200	0	0	0.0006651665491645369
15454800	0	0	0.00047388027108577415
15458400	0	0	0.00036576777201717894
15462000	0	0	0.0003165464970175233
15465600	0	0	0.0005617857486238481
15469200	0	0	0.0008396600427248303
15472800	0	0	0.0012028216451763914
15476400	0	0	0.0007746228173038309
15480000	0	1	0.0034321191138895844
15483600	0	1	0.025012668684393044
15487200	0	1	0.002430274023378932
15490800	0	1	0.0015540280758437658
15494400	1	1	0.9985297612042392
15498000	1	1	0.9991302031901332
15501600	1	1	0.9996503181348804
15505200	1	1	0.9996633595111971
15508800	1	1	0.999675007137548
15512400	1	1	0.999756685309505
15516000	1	1	0.9997800582508395
15519600	1	1	0.9997064598620906
15523200	1	1	0.7506810326931538
15526800	1	1	0.5014078898125247
15530400	1	1	0.2519402533802914
15534000	1	1	0.0009022495178200356
15537600	0	0	0.0006672797024548983
15541200	0	0	0.0004716868816979234
15544800	0	0	0.0003632907779960761
15548400	0	0	0.0003133904710249396
15552000	0	0	0.0005585670266626745
15555600	0	0	0.0008779097371784869
15559200	0	0	0.0012677328211705896
15562800	0	0	0.001141162384418253
15566400	0	1	0.001651900348269038
15570000	0	1	0.023792850668939443
15573600	0	1	0.002109278651474729
15577200	0	1	0.0015500045207820197
15580800	1	1	0.998484838939245
15584400	1	1	0.9991207557022883
15588000	1	1	0.9996492740169749
15591600	1	1	0.9996633507099267
15595200	1	1	0.9996748103906555
15598800	1	1	0.9997566512348005
15602400	1	1	0.9997787682827926
15606000	1	1	0.9997045268681823
15609600	1	1	0.7506757965245073
15613200	1	1	0.5013991958989128
15616800	1	1	0.25192919636583977
15620400	1	1	0.0008909524186639746
15624000	0	0	0.0006599496340893771
15627600	0	0	0.00046966793816095604
15631200	0	0	0.0003604491458091902
15634800	0	0	0.0003153907149603583
15638400	0	0	0.0005462358518405798
15642000	0	0	0.0008394295481770811
15645600	0	0	0.0011507032366363695
15649200	0	0	0.0009441522074354145
15652800	0	1	0.002288093937833808
15656400	0	1	0.0260320289749859
15660000	0	1	0.0024440668994256238
15663600	0	1	0.0015271933528347658
15667200	1	1	0.9985384323911008
15670800	1	1	0.9991391762531221
15674400	1	1	0.9996504024987768
15678000	1	1	0.9996633641476425
15681600	1	1	0.999675397818408
15685200	1	1	0.9997568263857951
15688800	1	1	0.9997805014295847
15692400	1	1	0.9997148795716431
15696000	1	1	0.7506713599520972
15699600	1	1	0.5013793017296274
15703200	1	1	0.25189765109080386
15706800	1	1	0.0008589794337481517
15710400	0	0	0.0006387145988632442
15714000	0	0	0.0004620243575918365
15717600	0	0	0.0003753336863656593
15721200	0	0	0.00036432221122352114
15724800	0	0	0.0006242839208956135
15728400	0	0	0.000829834454925342
15732000	0	0	0.001080607490257603
15735600	0	0	0.0009833784859844302
15739200	0	0	0.000591610245062359
15742800	0	1	0.03643156097418937
15746400	0	1	0.0054648067425879
15750000	0	1	0.0015173142594496463
15753600	1	1	0.998593543636989
15757200	1	1	0.9991329426645823
15760800	1	1	0.9996511518471968
15764400	1	1	0.9996631325206731
15768000	1	1	0.999675058648103
15771600	1	1	0.9997566502577514
15775200	1	1	0.9997811812366645
15778800	1	1	0.9997516709444483
15782400	1	1	0.7507304083583761
15786000	1	1	0.5014439916987102
15789600	1	1	0.25196634741011226
15793200	1	1	0.0009300738123011661
15796800	0	0	0.0006848737816291512
15800400	0	0	0.00048606733543048826
15804000	0	0	0.000394925689001851
15807600	0	0	0.0003683869794510136
15811200	0	0	0.0006117414574370735
15814800	0	0	0.0008003322482109758
15818400	0	0	0.0012573615358643364
15822000	0	0	0.0012859328212274706
15825600	0	1	0.0010688149602551826
15829200	0	1	0.01855548225054074
15832800	0	1	0.0016990934283303099
15836400	0	1	0.001563849201376865
15840000	1	1	0.9984342361819561
15843600	1	1	0.99913570792064
15847200	1	1	0.9996488605311734
15850800	1	1	0.9996615083195127
15854400	1	1	0.9996728674185077
15858000	1	1	0.9997567642200927
15861600	1	1	0.999777518885363
15865200	1	1	0.9996380958669868
15868800	1	1	0.750635202841929
15872400	1	1	0.5013992292542491
15876000	1	1	0.25196395711395303
15879600	1	1	0.0009270630218510107
15883200	0	0	0.0006807241553217931
15886800	0	0	0.0004776212326046534
15890400	0	0	0.0003800416419998102
15894000	0	0	0.0003480075793861684
15897600	0	0	0.0005699214868060761
15901200	0	0	0.0009346392553761317
15904800	0	0	0.0013228433244406755
15908400	0	0	0.0019038995476796826
15912000	0	0	0.001028787363721783
15915600	0	1	0.018305430686247428
15919200	0	1	0.0015874161693951595
15922800	0	1	0.0015164482887716686
15926400	1	1	0.9983648975334847
15930000	1	1	0.999124527162301
15933600	1	1	0.9996499095234618
15937200	1	1	0.9996638200423605
15940800	1	1	0.9996755875348347
15944400	1	1	0.9997567058944988
15948000	1	1	0.999778260045805
15951600	1	1	0.9996432625410229
15955200	1	1	0.7506464528937868
15958800	1	1	0.5014139066335834
15962400	1	1	0.25198206880486934
15966000	1	1	0.0009456187532237835
15969600	0	0	0.000693379138189372
15973200	0	0	0.0004836038956616864
15976800	0	0	0.000375900049948691
15980400	0	0	0.00032375691118397774
15984000	0	0	0.0006770322449876526
15987600	0	0	0.0009499409608743723
15991200	0	0	0.0013161895748067724
15994800	0	0	0.0015982557357743328
15998400	0	1	0.0014551559800083946
16002000	0	1	0.016282178600821772
16005600	0	1	0.0013477247821895115
16009200	0	1	0.0014254131543752367
16012800	1	1	0.9981560989476403
16016400	1	1	0.9990922287090532
16020000	1	1	0.9996470052146545
16023600	1	1	0.9996619677144025
16027200	1	1	0.999674102327899
16030800	1	1	0.9997559939856523
16034400	1	1	0.9997787061061756
16038000	1	1	0.9996398003724454
16041600	1	1	0.7506304394519038
16045200	1	1	0.5013896421522549
16048800	1	1	0.2519509277559634
16052400	1	1	0.0009157912730710512
16056000	0	0	0.0006699496312742906
16059600	0	0	0.00046994133694688514
16063200	0	0	0.00037976747031525716
16066800	0	0	0.0003525852347049203
16070400	0	0	0.0006781912791981482
16074000	0	0	0.0009315682283397525
16077600	0	0	0.0013420628120031231
16081200	0	0	0.0018442304544948412
16084800	0	0	0.0008852224961565347
16088400	0	1	0.017966901877149923
16092000	0	1	0.001514338227214271
16095600	0	1	0.0015160417823814898
16099200	1	1	0.9983787235820618
16102800	1	1	0.9991075199093227
16106400	1	1	0.9996475897183709
16110000	1	1	0.9996631330600836
16113600	1	1	0.9996759989973498
16117200	1	1	0.9997568408361419
16120800	1	1	0.9997789586015766
16124400	1	1	0.9996383543481321
16128000	1	1	0.75064813386561
16131600	1	1	0.5014257810596899
16135200	1	1	0.2520009690795677
16138800	1	1	0.0009647468729075023
16142400	0	0	0.0007113061073831412
16146000	0	0	0.0004995569382491651
16149600	0	0	0.0003792533914083033
16153200	0	0	0.000338575202156892
16156800	0	0	0.0006852644607968015
16160400	0	0	0.0010118809381224388
16164000	0	0	0.0015283162876273057
16167600	0	0	0.0017373871181368392
16171200	0	0	0.000894552668574956
16174800	0	1	0.01574151539981685
16178400	0	1	0.0013605560063987936
16182000	0	1	0.001545491037383586
16185600	1	1	0.9983533184279811
16189200	1	1	0.999114999688856
16192800	1	1	0.9996475862771944
16196400	1	1	0.999659219457767
16200000	1	1	0.9996734990991184
16203600	1	1	0.9997556716945813
16207200	1	1	0.9997764635447574
16210800	1	1	0.999609806005042
16214400	1	1	0.7506278432326836
16218000	1	1	0.5014162044863263
16221600	1	1	0.25200044139241373
16225200	1	1	0.0009637322129982175
16228800	0	0	0.0007123450469399373
16232400	0	0	0.000501841642061018
16236000	0	0	0.00038501346134022847
16239600	0	0	0.00032210913819168206
16243200	0	0	0.0006403856709693688
16246800	0	0	0.0009104255038125588
16250400	0	0	0.001479451764506545
16254000	0	0	0.002109698161601858
16257600	0	0	0.0009945708687807647
16261200	0	1	0.01631607309655234
16264800	0	1	0.00141915669991522
16268400	0	1	0.0015410714056300762
16272000	1	1	0.9982596701545907
16275600	1	1	0.9991014060661105
16279200	1	1	0.9996489390575973
16282800	1	1	0.9996622275070196
16286400	1	1	0.9996751947882554
16290000	1	1	0.9997565751255774
16293600	1	1	0.999778675458262
16297200	1	1	0.9996181928515457
16300800	1	1	0.7506342922801784
16304400	1	1	0.5014177251683117
16308000	1	1	0.25199994128900777
16311600	1	1	0.0009629771460622603
16315200	0	0	0.0007139872471691054
16318800	0	0	0.0005062637958189671
16322400	0	0	0.00038921096427784526
16326000	0	0	0.0003453397980081498
16329600	0	0	0.0006652858655604712
16333200	0	0	0.0009021280885207717
16336800	0	0	0.0011613321542247627
16340400	0	0	0.0010371536883777136
16344000	0	1	0.0013266682069013166
16347600	0	1	0.01719781765390958
16351200	0	1	0.0014615579612119187
16354800	0	1	0.001538761115044471
16358400	1	1	0.9983433494417693
16362000	1	1	0.9991180866540681
16365600	1	1	0.9996478064393947
16369200	1	1	0.9996624539832237
16372800	1	1	0.9996758109854177
16376400	1	1	0.9997571809043209
16380000	1	1	0.999779075297236
16383600	1	1	0.9996272157060248
16387200	1	1	0.7506680334490051
16390800	1	1	0.5014731494557073
16394400	1	1	0.2520723375665042
16398000	1	1	0.0010364438567141382
16401600	0	0	0.0007743926703673129
16405200	0	0	0.0005552734377618376
16408800	0	0	0.0004261098186221193
16412400	0	0	0.00034065421317862484
16416000	0	0	0.0006509120849995463
16419600	0	0	0.0010283380884731248
16423200	0	0	0.001238189181962318
16426800	0	0	0.0014184358497045396
16430400	0	0	0.000996398827295099
16434000	0	1	0.012413297455915217
16437600	0	1	0.001165829427075614
16441200	0	1	0.0015709422336665478
16444800	1	1	0.9982797285142064
16448400	1	1	0.9990931431365138
16452000	1	1	0.9996474540598935
16455600	1	1	0.9996612793124652
16459200	1	1	0.9996732458388422
16462800	1	1	0.9997565719338808
16466400	1	1	0.9997772419810202
16470000	1	1	0.9995295140522071
16473600	1	1	0.750600108667648
16477200	1	1	0.5014424641722575
16480800	1	1	0.2520731340576523
16484400	1	1	0.0010368426535906784
16488000	0	0	0.00077192195300354
16491600	0	0	0.0005430846509833867
16495200	0	0	0.0004186366633493699
16498800	0	0	0.00035807722762027657
16502400	0	0	0.0005817571090245171
16506000	0	0	0.0008872022716517853
16509600	0	0	0.0017088484651588492
16513200	0	0	0.0017263009408716838
16516800	0	0	0.0009878834075375041
16520400	0	1	0.011902100258627259
16524000	0	1	0.001104813481148335
16527600	0	1	0.0015289575394097762
16531200	1	1	0.9982636186373001
16534800	1	1	0.9990976730356966
16538400	1	1	0.9996454355312171
16542000	1	1	0.9996575458249254
16545600	1	1	0.9996710694475824
16549200	1	1	0.999756589748372
16552800	1	1	0.9997788953041143
16556400	1	1	0.9995390637882153
16560000	1	1	0.7506174940597415
16563600	1	1	0.5014673621332825
16567200	1	1	0.25210530896113786
16570800	1	1	0.0010689648029855818
16574400	0	0	0.0008000054050801028
16578000	0	0	0.0005661185389294344
16581600	0	0	0.00042472264889328854
16585200	0	0	0.00037825473493890006
16588800	0	0	0.0006500831208985895
16592400	0	0	0.0008998450792327666
16596000	0	0	0.001688557666597626
16599600	0	0	0.001587261115622159
16603200	0	0	0.0007605715713350375
16606800	0	1	0.010624966387697048
16610400	0	1	0.0010541587940034872
16614000	0	1	0.0015243699701951803
16617600	1	1	0.9980693806807065
16621200	1	1	0.9990781655637998
16624800	1	1	0.9996490850416907
16628400	1	1	0.99966204267259
16632000	1	1	0.9996771083908637
16635600	1	1	0.9997689379418316
16639200	1	1	0.9997856642980734
16642800	1	1	0.9993835303198376
16646400	1	1	0.7505762758013959
16650000	1	1	0.501539009105196
16653600	1	1	0.2522708640500213
16657200	1	1	0.0012371523256352022
16660800	0	0	0.0009304537511538405
16664400	0	0	0.0006507027579609004
16668000	0	0	0.0004611482268147275
16671600	0	0	0.00034219359470026535
16675200	0	0	0.0006716252082147625
16678800	0	0	0.00108423010185314
16682400	0	0	0.001784889718661221
16686000	0	0	0.0019190303554224625
16689600	0	1	0.0017758706106474295
16693200	0	1	0.005908159707450662
16696800	0	1	0.0008316162919817437
16700400	0	1	0.001280725370247099
16704000	1	1	0.9966792403851721
16707600	1	1	0.998916243315867
16711200	1	1	0.9996586124525142
16714800	1	1	0.9996640543618543
16718400	1	1	0.9997127698623901
16722000	1	1	0.9997577926393046
16725600	1	1	0.9997626385484468
16729200	1	1	0.9985556969695831
16732800	1	1	0.7500366726538333
16736400	1	1	0.5012664923544762
16740000	1	1	0.2522148263361278
16743600	1	1	0.0011806053535156453
16747200	0	0	0.0008894377789883543
16750800	0	0	0.0006321063048532899
16754400	0	0	0.0004578732390138385
16758000	0	0	0.00036438875546593606
16761600	0	0	0.0006089195689298782
16765200	0	0	0.0009532255102120795
16768800	0	0	0.00139642405439557
16772400	0	0	0.0019070223680466094
16776000	0	1	0.0013801934845369828
16779600	0	1	0.005173225650729729
16783200	0	1	0.0007387933695292956
16786800	0	1	0.0011744554613317053
16790400	1	1	0.9976670313472266
16794000	1	1	0.9990763701154444
16797600	1	1	0.9996507051699329
16801200	1	1	0.9996592682111888
16804800	1	1	0.9996858070916098
16808400	1	1	0.9997660993363249
16812000	1	1	0.9997748276754902
16815600	1	1	0.9993250893897327
16819200	1	1	0.7504591208882931
16822800	1	1	0.5013738922769967
16826400	1	1	0.25206801631092063
16830000	1	1	0.0010317646851629048
16833600	0	0	0.0007754223824835407
16837200	0	0	0.0005547673149886151
16840800	0	0	0.0004157762955978126
16844400	0	0	0.00037026864904337735
16848000	0	0	0.0006486054328089623
16851600	0	0	0.0008954429927710372
16855200	0	0	0.001262906000835264
16858800	0	0	0.0015080697622586543
16862400	0	0	0.0007166958858795189
16866000	0	1	0.013220907894957184
16869600	0	1	0.0010946883658743544
16873200	0	1	0.0014910790662198271
16876800	1	1	0.9983442329042501
16880400	1	1	0.9991070896859007
16884000	1	1	0.9996473930514354
16887600	1	1	0.9996617849901831
16891200	1	1	0.9996766576745515
16894800	1	1	0.9997569102267817
16898400	1	1	0.9997776471616406
16902000	1	1	0.9996070305686084
16905600	1	1	0.7505992703427228
16909200	1	1	0.5013609825823554
16912800	1	1	0.2519274617839428
16916400	1	1	0.000890491709033199
16920000	0	0	0.0006562319524688287
16923600	0	0	0.0004674587385570324
16927200	0	0	0.0003771260497162437
16930800	0	0	0.0003597093598576788
16934400	0	0	0.0005718391913003156
16938000	0	0	0.0007809504072463786
16941600	0	0	0.0014229294336773294
16945200	0	0	0.001553686318411301
16948800	0	0	0.0007904721922982253
16952400	0	1	0.023419838698574582
16956000	0	1	0.002017081014735511
16959600	0	1	0.0014998084216442985
16963200	1	1	0.9984933559943102
16966800	1	1	0.9991254259261171
16970400	1	1	0.9996502855957793
16974000	1	1	0.9996626655183206
16977600	1	1	0.9996739323673457
16981200	1	1	0.9997553871679267
16984800	1	1	0.9997803241344142
16988400	1	1	0.9997066444666086
16992000	1	1	0.7506818350521205
16995600	1	1	0.5014125780656471
16999200	1	1	0.25194801066564254
17002800	1	1	0.0009123139775072959
17006400	0	0	0.0006647929084555458
17010000	0	0	0.0004644008091228201
17013600	0	0	0.0003742975166900749
17017200	0	0	0.00035058545228579426
17020800	0	0	0.0006345922549334563
17024400	0	0	0.0009755978755973143
17028000	0	0	0.0014357807460544216
17031600	0	0	0.0014542430046292146
17035200	0	1	0.0011841592069273563
17038800	0	1	0.016938768150434387
17042400	0	1	0.001304553295981122
17046000	0	1	0.0015237615904231598
17049600	1	1	0.9983627513680112
17053200	1	1	0.9991121004885875
17056800	1	1	0.9996479135387285
17060400	1	1	0.9996627034244898
17064000	1	1	0.9996774103049039
17067600	1	1	0.9997569008937736
17071200	1	1	0.9997804755242893
17074800	1	1	0.9996444961244247
17078400	1	1	0.7506570810761538
17082000	1	1	0.5014373616979477
17085600	1	1	0.2520132746749568
17089200	1	1	0.0009772201919210457
17092800	0	0	0.0007201482728725206
17096400	0	0	0.0004973742021373752
17100000	0	0	0.0003735717787431509
17103600	0	0	0.00036177895173429884
17107200	0	0	0.0006930753881051099
17110800	0	0	0.001022397351715999
17114400	0	0	0.001503620613226792
17118000	0	0	0.0014960622664520365
17121600	0	0	0.0009464349849765391
17125200	0	1	0.013158950659696234
17128800	0	1	0.001165472128489255
17132400	0	1	0.0015709947707911235
17136000	1	1	0.99835798821773
17139600	1	1	0.9990796445368713
17143200	1	1	0.9996479877779098
17146800	1	1	0.9996617483538074
17150400	1	1	0.9996739950033232
17154000	1	1	0.999757107347306
17157600	1	1	0.9997779818827146
17161200	1	1	0.9995969030778589
17164800	1	1	0.7506285793579248
17168400	1	1	0.5014314882009646
17172000	1	1	0.25202869729438093
17175600	1	1	0.000993775205719905
17179200	0	0	0.0007300232471808337
17182800	0	0	0.0005082697336576834
17186400	0	0	0.0003875114530768869
17190000	0	0	0.0003577828011614839
17193600	0	0	0.0006573798000784291
17197200	0	0	0.0009137313047370519
17200800	0	0	0.0014314066624231752
17204400	0	0	0.0023648976461461005
17208000	0	1	0.0011975400532669332
17211600	0	1	0.009917953568086448
17215200	0	1	0.0009078084734552742
17218800	0	1	0.0014375671426460766
17222400	1	1	0.9983388180238396
17226000	1	1	0.9990794368052854
17229600	1	1	0.9996501917193445
17233200	1	1	0.9996654459537785
17236800	1	1	0.9996791852556121
17240400	1	1	0.9997645756363316
17244000	1	1	0.999783377230335
17247600	1	1	0.9995181440407634
17251200	1	1	0.7506134507469384
17254800	1	1	0.5014846017657288
17258400	1	1	0.25214116546678605
17262000	1	1	0.001106791633563607
17265600	0	0	0.0008310949054135271
17269200	0	0	0.0005905671000841186
17272800	0	0	0.0004415711223417558
17276400	0	0	0.00033720049634373674
17280000	0	0	0.000609660043171763
17283600	0	0	0.0009211110602143394
17287200	0	0	0.0013679879265326965
17290800	0	0	0.0017122564611222815
17294400	0	1	0.0015425313432548555
17298000	0	1	0.008412595519398823
17301600	0	1	0.0009359572518972589
17305200	0	1	0.001244651755190534
17308800	1	1	0.9977485009870007
17312400	1	1	0.9990741229294015
17316000	1	1	0.9996507788688049
17319600	1	1	0.9996688261385739
17323200	1	1	0.9996711041704982
17326800	1	1	0.9997554976350106
17330400	1	1	0.9997738495514703
17334000	1	1	0.9994963601646156
17337600	1	1	0.7505805723358586
17341200	1	1	0.5014388021990546
17344800	1	1	0.2520821903103195
17348400	1	1	0.0010461507229512401
17352000	0	0	0.0007823463530785645
17355600	0	0	0.0005556899574508969
17359200	0	0	0.0004194196809661498
17362800	0	0	0.0003552531771921527
17366400	0	0	0.0006474282097928325
17370000	0	0	0.0009248193868188102
17373600	0	0	0.0012735353420354582
17377200	0	0	0.001596231480682343
17380800	0	0	0.0009805024554069034
17384400	0	1	0.010333000857845198
17388000	0	1	0.0010608807428188825
17391600	0	1	0.0015639960024753077
17395200	1	1	0.9982899404943886
17398800	1	1	0.9991044664154637
17402400	1	1	0.9996462325453613
17406000	1	1	0.9996582961167685
17409600	1	1	0.9996737949685677
17413200	1	1	0.9997559775548417
17416800	1	1	0.9997761591442411
17420400	1	1	0.999546291942402
17424000	1	1	0.7506144787684587
17427600	1	1	0.501452742152894
17431200	1	1	0.25208163039960263
17434800	1	1	0.001045897463730759
17438400	0	0	0.0007825037580385315
17442000	0	0	0.0005588949976318633
17445600	0	0	0.000437520581378846
17449200	0	0	0.00040169196296313634
17452800	0	0	0.0007282972398578495
17456400	0	0	0.0009596611271199554
17460000	0	0	0.0012867854940158685
17463600	0	0	0.0011971262381149195
17467200	0	0	0.0006735760552268831
17470800	0	1	0.010443099529301425
17474400	0	1	0.0010426120834029552
17478000	0	1	0.0015227233260440484
17481600	1	1	0.998353048970812
17485200	1	1	0.9991117064767726
17488800	1	1	0.9996463393499726
17492400	1	1	0.9996626988217757
17496000	1	1	0.999677417674837
17499600	1	1	0.9997581069376262
17503200	1	1	0.99977619605482
17506800	1	1	0.9995318874471721
17510400	1	1	0.750607743776327
17514000	1	1	0.5014594985037362
17517600	1	1	0.2520987297634229
17521200	1	1	0.0010628652591335426
17524800	0	0	0.0007943848707427767
17528400	0	0	0.0005579656674427499
17532000	0	0	0.0004174448976288793
17535600	0	0	0.00037227435170282433
17539200	0	0	0.0007023068593965235
17542800	0	0	0.0010380945379284245
17546400	0	0	0.001619082574994327
17550000	0	0	0.0016448948465779877
17553600	0	0	0.0006920255135474821
17557200	0	1	0.00855619750314292
17560800	0	1	0.0009319092653682524
17564400	0	1	0.0015336633243060518
17568000	1	1	0.9982139278771345
17571600	1	1	0.9991064930255827
17575200	1	1	0.9996455668524817
17578800	1	1	0.9996640017737877
17582400	1	1	0.9996751502709629
17586000	1	1	0.9997566855985445
17589600	1	1	0.9997759287800211
17593200	1	1	0.9995391294594663
17596800	1	1	0.7506229487311631
17600400	1	1	0.5014776210993821
17604000	1	1	0.25211868327262577
17607600	1	1	0.001083846845010489
17611200	0	0	0.0008127896859518751
17614800	0	0	0.0005843681621535194
17618400	0	0	0.0004508938402764982
17622000	0	0	0.0004060427003138697
17625600	0	0	0.0007115476734882521
17629200	0	0	0.0009776715661098073
17632800	0	0	0.0011572954447593587
17636400	0	0	0.0012575613528609544
17640000	0	0	0.0007561926386583898
17643600	0	1	0.006935846734069784
17647200	0	1	0.0008518926110782622
17650800	0	1	0.0015172955007490307
17654400	1	1	0.9980073898182938
17658000	1	1	0.9990939863394277
17661600	1	1	0.9996504808132471
17665200	1	1	0.9996615331354165
17668800	1	1	0.9996732116862719
17672400	1	1	0.9997554814042334
17676000	1	1	0.9997753634467954
17679600	1	1	0.9995488749471321
17683200	1	1	0.750603555827755
17686800	1	1	0.5014298050773994
17690400	1	1	0.25204719311346635
17694000	1	1	0.0010109096443336651
17697600	0	0	0.0007526242330201087
17701200	0	0	0.0005366579114530516
17704800	0	0	0.00040156968162116305
17708400	0	0	0.00034703102132021554
17712000	0	0	0.0006642049634695538
17715600	0	0	0.0009470942459177831
17719200	0	0	0.0012784106952458982
17722800	0	0	0.0015235403824916526
17726400	0	0	0.0009761301526689043
17730000	0	1	0.011582237949317637
17733600	0	1	0.0010508049613861036
17737200	0	1	0.0014535461095625815
17740800	1	1	0.9982620106535962
17744400	1	1	0.9991247391014351
17748000	1	1	0.9996491792933214
17751600	1	1	0.9996626706869874
17755200	1	1	0.9996743965290523
17758800	1	1	0.999756299536279
17762400	1	1	0.9997778243383192
17766000	1	1	0.99960412589405
17769600	1	1	0.7506320367644024
17773200	1	1	0.5014302343132426
17776800	1	1	0.25202221381770085
17780400	1	1	0.0009860520018071613
17784000	0	0	0.0007304977545571135
17787600	0	0	0.0005167316556398443
17791200	0	0	0.0003902906890417007
17794800	0	0	0.00033123301292794545
17798400	0	0	0.0006738761816177609
17802000	0	0	0.0009460261214902766
17805600	0	0	0.0014126451068434667
17809200	0	0	0.0015498573711656839
17812800	0	1	0.0011108443193183091
17816400	0	1	0.013280422291133085
17820000	0	1	0.0011392422047047902
17823600	0	1	0.0015398170191323216
17827200	1	1	0.9983396499600767
17830800	1	1	0.9991054549882117
17834400	1	1	0.9996481075556665
17838000	1	1	0.9996617417339329
17841600	1	1	0.9996735361186342
17845200	1	1	0.999755851297482
17848800	1	1	0.9997790533738823
17852400	1	1	0.9996041850496455
17856000	1	1	0.7506520852657923
17859600	1	1	0.5014650237031175
17863200	1	1	0.25206963806375526
17866800	1	1	0.001033062015480877
17870400	0	0	0.0007701787059521257
17874000	0	0	0.0005398328575898947
17877600	0	0	0.00040775273914027676
17881200	0	0	0.00034559724319964917
17884800	0	0	0.0007009537156788687
17888400	0	0	0.0010666732857421935
17892000	0	0	0.0012884470337749085
17895600	0	0	0.0018326326093825048
17899200	0	0	0.0007981055261764455
17902800	0	1	0.009828153533226558
17906400	0	1	0.0010316967245763797
17910000	0	1	0.0015508155576691481
17913600	1	1	0.9982741860556041
17917200	1	1	0.9991215435806847
17920800	1	1	0.9996477351594037
17924400	1	1	0.9996617485575404
17928000	1	1	0.9996740567900467
17931600	1	1	0.9997575300400334
17935200	1	1	0.9997772094337096
17938800	1	1	0.9995649851523936
17942400	1	1	0.7506068478132957
17946000	1	1	0.5014206327068508
17949600	1	1	0.25202818206214267
17953200	1	1	0.0009915657494175918
17956800	0	0	0.0007358565568892141
17960400	0	0	0.0005205787927058132
17964000	0	0	0.00038661186347861394
17967600	0	0	0.0003366430463323469
17971200	0	0	0.0007489757235867021
17974800	0	0	0.00079861339948969
17978400	0	0	0.001324601916847694
17982000	0	0	0.0016560164874278556
17985600	0	1	0.0010729420455284477
17989200	0	1	0.013366634874649556
17992800	0	1	0.0011321179979954241
17996400	0	1	0.0015545030676856872
18000000	1	1	0.9983854466084422
18003600	1	1	0.9990979731899261
18007200	1	1	0.99964506898012
18010800	1	1	0.9996591936366296
18014400	1	1	0.9996732754997864
18018000	1	1	0.999756069204197
18021600	1	1	0.9997781672212266
18025200	1	1	0.9996174800269428
18028800	1	1	0.7506239852922034
18032400	1	1	0.5013974733661339
18036000	1	1	0.25197180976585515
18039600	1	1	0.0009354657602529264
18043200	0	0	0.0006877257834751939
18046800	0	0	0.00048251298331557555
18050400	0	0	0.00038234197759716307
18054000	0	0	0.00035591008209159223
18057600	0	0	0.0006753088104636114
18061200	0	0	0.0009547491689571895
18064800	0	0	0.0014669052631407235
18068400	0	0	0.0016853565881607918
18072000	0	0	0.0007723841984974308
18075600	0	1	0.016707891243957298
18079200	0	1	0.001343288817584456
18082800	0	1	0.0015597551111327748
18086400	1	1	0.9984003607525173
18090000	1	1	0.999121824472126
18093600	1	1	0.9996508726581822
18097200	1	1	0.9996635898987426
18100800	1	1	0.9996747526244473
18104400	1	1	0.9997563553118104
18108000	1	1	0.9997787528506958
18111600	1	1	0.9996410699165797
18115200	1	1	0.7506564449559251
18118800	1	1	0.5014371932427165
18122400	1	1	0.2520172770126058
18126000	1	1	0.0009821724738953753
18129600	0	0	0.0007264838349782973
18133200	0	0	0.0005123084138855648
18136800	0	0	0.000398982132877452
18140400	0	0	0.0003251809645805454
18144000	0	0	0.0006254626371085977
18147600	0	0	0.0009655151194540169
18151200	0	0	0.00132813112651641
18154800	0	0	0.0018048155855950679
18158400	0	1	0.0012837469128378256
18162000	0	1	0.012359610489803758
18165600	0	1	0.0010758051530516007
18169200	0	1	0.001493514011521605
18172800	1	1	0.9983823264971472
18176400	1	1	0.9991261300236843
18180000	1	1	0.9996496635163985
18183600	1	1	0.999661540973276
18187200	1	1	0.9996744004566243
18190800	1	1	0.9997571391533692
18194400	1	1	0.9997789818034138
18198000	1	1	0.9995984014597277
18201600	1	1	0.7506471039234873
18205200	1	1	0.5014629492763962
18208800	1	1	0.2520726467355959
18212400	1	1	0.0010375808869858482
18216000	0	0	0.0007750877244255728
18219600	0	0	0.0005538941868753074
18223200	0	0	0.00041965813804286593
18226800	0	0	0.00033818659496096524
18230400	0	0	0.000668447813539669
18234000	0	0	0.0008911155963096281
18237600	0	0	0.0012018078633915584
18241200	0	0	0.0013913540461716854
18244800	0	1	0.0013122397424937217
18248400	0	1	0.008310596515819408
18252000	0	1	0.0009397608343455873
18255600	0	1	0.0014695339818241227
18259200	1	1	0.9983023998431764
18262800	1	1	0.9991112184022114
18266400	1	1	0.9996485584122802
18270000	1	1	0.9996654375885577
18273600	1	1	0.9996795033278357
18277200	1	1	0.9997609965849068
18280800	1	1	0.9997764254335475
18284400	1	1	0.9995597722303757
18288000	1	1	0.7506427130068143
18291600	1	1	0.501498843244226
18295200	1	1	0.25214001127260893
18298800	1	1	0.001105223515692017
18302400	0	0	0.0008297165780429736
18306000	0	0	0.0005910800316348268
18309600	0	0	0.00044915089646882197
18313200	0	0	0.00034849052823610456
18316800	0	0	0.0006809685258172586
18320400	0	0	0.0009737124048110632
18324000	0	0	0.0013468978858316917
18327600	0	0	0.0015271095011979514
18331200	0	0	0.0010306320800340019
18334800	0	1	0.005298684836068243
18338400	0	1	0.000848084729627598
18342000	0	1	0.001495887267647845
18345600	1	1	0.9981972207526142
18349200	1	1	0.9990948202270481
18352800	1	1	0.9996477852164442
18356400	1	1	0.9996586788516052
18360000	1	1	0.9996683430589094
18363600	1	1	0.9997552646664508
18367200	1	1	0.9997749076379235
18370800	1	1	0.9995215079183394
18374400	1	1	0.7505971845965874
18378000	1	1	0.5014491868401362
18381600	1	1	0.25208792734046753
18385200	1	1	0.001051962915028476
18388800	0	0	0.0007859984572320411
18392400	0	0	0.0005491191531899121
18396000	0	0	0.00039931028775386403
18399600	0	0	0.00032145820034046606
18403200	0	0	0.0006298590766189904
18406800	0	0	0.0007942260361580155
18410400	0	0	0.0012805912567502595
18414000	0	1	0.0017938393115375089
18417600	0	1	0.0025959255647146026
18421200	0	1	0.007743313391532277
18424800	0	1	0.0009429834722337212
18428400	0	1	0.001489248347049829
18432000	1	1	0.9983454742112772
18435600	1	1	0.9990843546884169
18439200	1	1	0.9996440033971852
18442800	1	1	0.9996565886081203
18446400	1	1	0.99967054054467
18450000	1	1	0.9997551971622898
18453600	1	1	0.9997786072364959
18457200	1	1	0.9995824566848321
18460800	1	1	0.7506243586066058
18464400	1	1	0.501436562926614
18468000	1	1	0.25204244540602466
18471600	1	1	0.001006084229101197
18475200	0	0	0.000744186926001346
18478800	0	0	0.0005149087845530022
18482400	0	0	0.0003791528193722879
18486000	0	0	0.0003371098474423471
18489600	0	0	0.0005779535797868854
18493200	0	0	0.0009063812020728663
18496800	0	0	0.0013407725221149937
18500400	0	1	0.001842009073803204
18504000	0	1	0.0022413741660735694
18507600	0	1	0.009987366972350463
18511200	0	1	0.0010067711899782877
18514800	0	1	0.0015171266968434368
18518400	1	1	0.9983894914133452
18522000	1	1	0.9991122140930491
18525600	1	1	0.9996429376733433
18529200	1	1	0.9996587030904955
18532800	1	1	0.9996725050179729
18536400	1	1	0.9997574567338232
18540000	1	1	0.9997791096454599
18543600	1	1	0.9995877761115424
18547200	1	1	0.7506493789911891
18550800	1	1	0.5014794965566765
18554400	1	1	0.25209903045087795
18558000	1	1	0.00106313887391291
18561600	0	0	0.000791513930208782
18565200	0	0	0.0005488587778051672
18568800	0	0	0.000397010432641995
18572400	0	0	0.0003252354256061547
18576000	0	0	0.0006769132926938618
18579600	0	0	0.0009346113789659234
18583200	0	0	0.0013900721726189036
18586800	0	0	0.0017202605865371922
18590400	0	1	0.001829868329215076
18594000	0	1	0.006444668881307287
18597600	0	1	0.0008947582393255304
18601200	0	1	0.0014496655829317013
18604800	1	1	0.9982022946548905
18608400	1	1	0.999106488978704
18612000	1	1	0.999651735933319
18615600	1	1	0.9996607066289174
18619200	1	1	0.9996774024556346
18622800	1	1	0.9997584318026352
18626400	1	1	0.9997803356474687
18630000	1	1	0.9995047153278078
18633600	1	1	0.7505904535391956
18637200	1	1	0.5014539385894098
18640800	1	1	0.25210274886787065
18644400	1	1	0.0010674909018504103
18648000	0	0	0.0007972485274381814
18651600	0	0	0.0005610511846889776
18655200	0	0	0.00041233639617384743
18658800	0	0	0.00036613850644720526
18662400	0	0	0.0006502612171187703
18666000	0	0	0.000752096669355864
18669600	0	0	0.0012865233864820412
18673200	0	0	0.0019694083524271857
18676800	0	1	0.0013479562958623556
18680400	0	1	0.005675753175612287
18684000	0	1	0.0008350500369334953
18687600	0	1	0.0014095069196212754
18691200	1	1	0.9985796562155739
18694800	1	1	0.9990216221656554
18698400	1	1	0.999649549249729
18702000	1	1	0.9996593772546145
18705600	1	1	0.9996815353869372
18709200	1	1	0.9997568223238893
18712800	1	1	0.9997774843370079
18716400	1	1	0.9995479625310858
18720000	1	1	0.7506153105492328
18723600	1	1	0.5014578598644073
18727200	1	1	0.25208918375018946
18730800	1	1	0.0010534501101597952
18734400	0	0	0.0007879866741773489
18738000	0	0	0.0005510573360837356
18741600	0	0	0.0004155498792203379
18745200	0	0	0.00032901376519435776
18748800	0	0	0.0006259012443378032
18752400	0	0	0.0008065489826149215
18756000	0	0	0.0012752700337542605
18759600	0	0	0.0019492622861122617
18763200	0	1	0.0015698324639881853
18766800	0	1	0.0055602330983370325
18770400	0	1	0.0008864344672604505
18774000	0	1	0.001497883065106423
18777600	1	1	0.9983822373408
18781200	1	1	0.9991184380607436
18784800	1	1	0.999648544175292
18788400	1	1	0.9996611222823198
18792000	1	1	0.9996771196417801
18795600	1	1	0.9997577490082544
18799200	1	1	0.999779475677273
18802800	1	1	0.9995701366479565
18806400	1	1	0.7506467328883717
18810000	1	1	0.5014936876101483
18813600	1	1	0.25212784438995917
18817200	1	1	0.0010928523280632721
18820800	0	0	0.0008215234029076029
18824400	0	0	0.0005812517004939728
18828000	0	0	0.0004314817390840483
18831600	0	0	0.00034378510513597576
18835200	0	0	0.0006990659264752622
18838800	0	0	0.001019842873945714
18842400	0	0	0.001271866639630831
18846000	0	0	0.0015971684973070115
18849600	0	0	0.0009603271870507115
18853200	0	1	0.004773635220189043
18856800	0	1	0.0008578184420705477
18860400	0	1	0.0015715674112365071
18864000	1	1	0.9983011289126937
18867600	1	1	0.9991380728165683
18871200	1	1	0.9996481110022888
18874800	1	1	0.9996628844235902
18878400	1	1	0.9996741249953904
18882000	1	1	0.9997566634993463
18885600	1	1	0.9997760841315619
18889200	1	1	0.999518108190667
18892800	1	1	0.7506192920992139
18896400	1	1	0.501492322091404
18900000	1	1	0.25214988694552504
18903600	1	1	0.0011138411636176556
18907200	0	0	0.0008376048653988001
18910800	0	0	0.0005866281560397794
18914400	0	0	0.00044053612360510494
18918000	0	0	0.00036400383880959834
18921600	0	0	0.0006022228449023392
18925200	0	0	0.001112782055812594
18928800	0	0	0.0015549053586179182
18932400	0	0	0.001397296687093828
18936000	0	0	0.0009165640548961687
18939600	0	1	0.004102432972493409
18943200	0	1	0.0008652389152913875
18946800	0	1	0.0014547095521521827
18950400	1	1	0.9983905337212233
18954000	1	1	0.9991494263445784
18957600	1	1	0.9996505355241961
18961200	1	1	0.9996627633433632
18964800	1	1	0.9996786823491921
18968400	1	1	0.9997574985724791
18972000	1	1	0.9997753037543787
18975600	1	1	0.9994746774107633
18979200	1	1	0.7505913237210055
18982800	1	1	0.5014798234301014
18986400	1	1	0.25215223142590076
18990000	1	1	0.00111596541371607
18993600	0	0	0.0008392244447195794
18997200	0	0	0.0005874328670526705
19000800	0	0	0.00042551561220613996
19004400	0	0	0.0003762472281821837
19008000	0	0	0.0005814234903752768
19011600	0	0	0.0008477885278672415
19015200	0	0	0.0013976981322829454
19018800	0	0	0.0021961421793847556
19022400	0	0	0.0010608298890631938
19026000	0	1	0.004067957530424076
19029600	0	1	0.0008469397259464797
19033200	0	1	0.0015031932810601627
19036800	1	1	0.9981898527407501
19040400	1	1	0.9991123583569741
19044000	1	1	0.9996509516009316
19047600	1	1	0.9996620728157439
19051200	1	1	0.9996778342044558
19054800	1	1	0.9997574766712651
19058400	1	1	0.9997790570021722
19062000	1	1	0.9994864990042337
19065600	1	1	0.7506156161915044
19069200	1	1	0.5015135939748463
19072800	1	1	0.252193729490827
19076400	1	1	0.001157861491569102
19080000	0	0	0.0008767678863001701
19083600	0	0	0.000624695599389104
19087200	0	0	0.0004520841226665592
19090800	0	0	0.00036218666791097036
19094400	0	0	0.0006486076821553095
19098000	0	0	0.001062725033125368
19101600	0	0	0.001366339248865479
19105200	0	0	0.0016374756621993325
19108800	0	0	0.000914907863883797
19112400	0	1	0.0027469653305027654
19116000	0	1	0.0007845255209356816
19119600	0	1	0.001524333605787231
19123200	1	1	0.9981650676531095
19126800	1	1	0.9991115603597412
19130400	1	1	0.9996457024106217
19134000	1	1	0.9996698130769898
19137600	1	1	0.99969334225016
19141200	1	1	0.9997679854449079
19144800	1	1	0.999777750986529
19148400	1	1	0.9993185209801532
19152000	1	1	0.7505056928384062
19155600	1	1	0.5014619305616212
19159200	1	1	0.25219019858025105
19162800	1	1	0.001154521548844764
19166400	0	0	0.000874466518433439
19170000	0	0	0.000624831769632257
19173600	0	0	0.00045605602854736406
19177200	0	0	0.0003654091804999939
19180800	0	0	0.0007254502327755173
19184400	0	0	0.0010378656485395044
19188000	0	0	0.0015243867682030105
19191600	0	0	0.001512867428216912
19195200	0	0	0.0007700596156981858
19198800	0	1	0.0025595833360056684
19202400	0	1	0.000796886380013933
19206000	0	1	0.0015034326968178476
19209600	1	1	0.9981739144723563
19213200	1	1	0.9991164241720731
19216800	1	1	0.9996484104702573
19220400	1	1	0.9996634255998827
19224000	1	1	0.9996791358955502
19227600	1	1	0.9997666769500422
19231200	1	1	0.999783592120303
19234800	1	1	0.9993579869168046
19238400	1	1	0.7505325775205252
19242000	1	1	0.501478587381574
19245600	1	1	0.2521980280056692
19249200	1	1	0.0011625815552911698
19252800	0	0	0.000880448622300066
19256400	0	0	0.0006270720273004743
19260000	0	0	0.00046401526203367316
19263600	0	0	0.0004089176096174083
19267200	0	0	0.0006854680668572634
19270800	0	0	0.0010444561400251254
19274400	0	0	0.0011985102883356681
19278000	0	0	0.0013871059233015893
19281600	0	0	0.0008068916134340588
19285200	0	1	0.0024646272130363234
19288800	0	1	0.0007585336769365344
19292400	0	1	0.0013250693147781217
19296000	1	1	0.998258975954694
19299600	1	1	0.9991164965834576
19303200	1	1	0.9996538746015621
19306800	1	1	0.9996668325463403
19310400	1	1	0.9997185646453053
19314000	1	1	0.9997823140870412
19317600	1	1	0.9997718186597286
19321200	1	1	0.9990535970625706
19324800	1	1	0.7503368718568402
19328400	1	1	0.5013890814826134
19332000	1	1	0.25219555535348614
19335600	1	1	0.0011605735157150696
19339200	0	0	0.0008756483271649208
19342800	0	0	0.0006245180589295167
19346400	0	0	0.00046690409043345557
19350000	0	0	0.00038165461547405913
19353600	0	0	0.0006764141266661528
19357200	0	0	0.0010883799391308922
19360800	0	0	0.0014117535811842762
19364400	0	0	0.001556629773818662
19368000	0	0	0.0010254416704862815
19371600	0	1	0.0017366701694348106
19375200	0	1	0.0007243817346209009
19378800	0	1	0.0013194902189303775
19382400	1	1	0.9980291026242738
19386000	1	1	0.9991337826508018
19389600	1	1	0.9996480741020455
19393200	1	1	0.9996712097479927
19396800	1	1	0.9996982169764214
19400400	1	1	0.9997734284392287
19404000	1	1	0.99978330627063
19407600	1	1	0.9991538969736009
19411200	1	1	0.7503986447481219
19414800	1	1	0.5014118531178416
19418400	1	1	0.2521881845546932
19422000	1	1	0.001152897084251543
19425600	0	0	0.0008718450606103868
19429200	0	0	0.0006226500297244824
19432800	0	0	0.00046183283444485573
19436400	0	0	0.00038276716683087735
19440000	0	0	0.0006188943126461322
19443600	0	0	0.0010497459207487372
19447200	0	0	0.001766694382272256
19450800	0	0	0.001508449288131302
19454400	0	0	0.0008824678052507443
19458000	0	1	0.0020100810341121857
19461600	0	1	0.000770068077760623
19465200	0	1	0.0013944998331643383
19468800	1	1	0.9982645093193119
19472400	1	1	0.9991241696338932
19476000	1	1	0.9996564338013011
19479600	1	1	0.9996862435390252
19483200	1	1	0.9996873464428987
19486800	1	1	0.999771152963826
19490400	1	1	0.9997841619177846
19494000	1	1	0.9990970399361712
19497600	1	1	0.750373067928601
19501200	1	1	0.5014145319995251
19504800	1	1	0.2522132313174359
19508400	1	1	0.0011771405142261679
19512000	0	0	0.0008956431336085576
19515600	0	0	0.0006414464217266245
19519200	0	0	0.0004679338423667848
19522800	0	0	0.0003941837708634478
19526400	0	0	0.0007396430558835545
19530000	0	0	0.001050090605924633
19533600	0	0	0.0012682296806362065
19537200	0	0	0.0014049577989660319
19540800	0	0	0.0007910216523659113
19544400	0	1	0.0017653777964223814
19548000	0	1	0.0007313511100183867
19551600	0	1	0.0014621216447604536
19555200	1	1	0.998254192669807
19558800	1	1	0.9991387865977226
19562400	1	1	0.9996510202205895
19566000	1	1	0.9996654309079016
19569600	1	1	0.9996903310808541
19573200	1	1	0.9997620254148316
19576800	1	1	0.9997967469657935
19580400	1	1	0.9991915385943986
19584000	1	1	0.7504233412630376
19587600	1	1	0.5014229365131567
19591200	1	1	0.2521864214096373
19594800	1	1	0.0011509021224732493
19598400	0	0	0.0008691775605535435
19602000	0	0	0.0006152224111917124
19605600	0	0	0.00044522918016211315
19609200	0	0	0.00038307104713319006
19612800	0	0	0.0007183837638509963
19616400	0	0	0.0010107055704838266
19620000	0	0	0.0012805853362462159
19623600	0	0	0.001533282535202725
19627200	0	0	0.0008721322231774554
19630800	0	1	0.0027606426494899542
19634400	0	1	0.0007779961811421179
19638000	0	1	0.0014080667536501487
19641600	1	1	0.9982624286016661
19645200	1	1	0.9991416051412161
19648800	1	1	0.9996482156008221
19652400	1	1	0.9996618809071914
19656000	1	1	0.9996809974412327
19659600	1	1	0.9997618646127262
19663200	1	1	0.9997772291194809
19666800	1	1	0.9994197457662628
19670400	1	1	0.7505719523151093
19674000	1	1	0.5015026463882577
19677600	1	1	0.25220930362339217
19681200	1	1	0.0011748475766546395
19684800	0	0	0.0008879582275168936
19688400	0	0	0.000634173573945613
19692000	0	0	0.00046460424079585946
19695600	0	0	0.00039938803610641287
19699200	0	0	0.0007283437173639851
19702800	0	0	0.0009102003174273651
19706400	0	0	0.0012419665751834015
19710000	0	0	0.0014018716176705875
19713600	0	0	0.0010978398078215683
19717200	0	1	0.0022077184662951904
19720800	0	1	0.000706086329543858
19724400	0	1	0.0014215982361651918
19728000	1	1	0.9985745789672444
19731600	1	1	0.9991061949481038
19735200	1	1	0.9996427398080654
19738800	1	1	0.9997013215578533
19742400	1	1	0.9996733990143817
19746000	1	1	0.9997497388188538
19749600	1	1	0.9997829369657399
19753200	1	1	0.9992223619787046
19756800	1	1	0.7504609379088159
19760400	1	1	0.5014643208231339
19764000	1	1	0.2522306930972387
19767600	1	1	0.0011959330520526174
19771200	0	0	0.0009054912890585249
19774800	0	0	0.0006439810562898376
19778400	0	0	0.0004709334276122113
19782000	0	0	0.0003767180705791292
19785600	0	0	0.000695095028907304
19789200	0	0	0.0009549917665214437
19792800	0	0	0.0012913082623318215
19796400	0	0	0.0015879917165799355
19800000	0	0	0.0012541531043819593
19803600	0	1	0.0020167014428526587
19807200	0	1	0.0007448755938829984
19810800	0	1	0.0014912237501772624
19814400	1	1	0.9976257964422038
19818000	1	1	0.999089844465527
19821600	1	1	0.9996475290016846
19825200	1	1	0.9996853518876664
19828800	1	1	0.9997095602699603
19832400	1	1	0.9997483543108131
19836000	1	1	0.9997683801300681
19839600	1	1	0.9992599342371495
19843200	1	1	0.7504675725236821
19846800	1	1	0.5014444411751781
19850400	1	1	0.2521896645927281
19854000	1	1	0.001154732723386071
19857600	0	0	0.000869076553755366
19861200	0	0	0.0006133707575001122
19864800	0	0	0.0004535584880944269
19868400	0	0	0.00037498879400206595
19872000	0	0	0.0007242571984509256
19875600	0	0	0.0010503885467016427
19879200	0	0	0.001376646449942882
19882800	0	0	0.001597739973681485
19886400	0	0	0.0013611845384774706
19890000	0	1	0.0014435850700607192
19893600	0	1	0.0007020509650202412
19897200	0	1	0.0013043904762519805
19900800	1	1	0.9978004581140111
19904400	1	1	0.9990920592619664
19908000	1	1	0.9996513792983718
19911600	1	1	0.9996635079382944
19915200	1	1	0.9996824060505748
19918800	1	1	0.9997630731855841
19922400	1	1	0.999784668245102
19926000	1	1	0.9994044944775327
19929600	1	1	0.7505298162624965
19933200	1	1	0.5014346922406627
19936800	1	1	0.2521206323655668
19940400	1	1	0.001085607123852785
19944000	0	0	0.0008092793122364178
19947600	0	0	0.0005677687526839402
19951200	0	0	0.0004249230742032046
19954800	0	0	0.0003774300921409723
19958400	0	0	0.0006748240572797676
19962000	0	0	0.0009871010764267892
19965600	0	0	0.001593295711468902
19969200	0	0	0.0019582600009259705
19972800	0	0	0.0010665295802652413
19976400	0	1	0.001993647376071435
19980000	0	1	0.0007784881155799157
19983600	0	1	0.0014596906988895931
19987200	1	1	0.998254780447564
19990800	1	1	0.9991225129355904
19994400	1	1	0.9996470482244236
19998000	1	1	0.9996594100277935
20001600	1	1	0.9996711037748066
20005200	1	1	0.9997562797051226
20008800	1	1	0.9997854879862099
20012400	1	1	0.999498593916016
20016000	1	1	0.7506070067615602
20019600	1	1	0.50149483398015
20023200	1	1	0.25216331888564947
20026800	1	1	0.0011290988656674993
20030400	0	0	0.0008523471446582305
20034000	0	0	0.0006093358134587719
20037600	0	0	0.00045521258472127
20041200	0	0	0.000411001346762297
20044800	0	0	0.0007026551631760111
20048400	0	0	0.0008460292728581243
20052000	0	0	0.0012071425886693613
20055600	0	0	0.0016094557116623786
20059200	0	0	0.0009299170601006916
20062800	0	1	0.0021380624118285353
20066400	0	1	0.0007774159875127017
20070000	0	1	0.001502473183421509
20073600	1	1	0.9982749977943965
20077200	1	1	0.9990849362669975
20080800	1	1	0.9996503508131541
20084400	1	1	0.9996640041612455
20088000	1	1	0.9996728113601457
20091600	1	1	0.9997688444923982
20095200	1	1	0.9997840545458238
20098800	1	1	0.9993955580312709
20102400	1	1	0.7505465678554151
20106000	1	1	0.5014703703074124
20109600	1	1	0.2521720451123671
20113200	1	1	0.0011366013121248885
20116800	0	0	0.0008560929434051279
20120400	0	0	0.0006033104471619458
20124000	0	0	0.00043729448290018394
20127600	0	0	0.0003920155410226551
20131200	0	0	0.0006980510209332614
20134800	0	0	0.0009580206750681847
20138400	0	0	0.0012615175835157025
20142000	0	0	0.0015824564330620572
20145600	0	0	0.0011749750216474989
20149200	0	1	0.0017862679052128131
20152800	0	1	0.0007542929799906195
20156400	0	1	0.0014446312489199344
20160000	1	1	0.9982971132288562
20163600	1	1	0.9990996818257857
20167200	1	1	0.9996451578279335
20170800	1	1	0.9996644721340521
20174400	1	1	0.9996767961028736
20178000	1	1	0.9997627789349067
20181600	1	1	0.9997847308658755
20185200	1	1	0.999415544539309
20188800	1	1	0.7505489418567941
20192400	1	1	0.5014615441083543
20196000	1	1	0.2521528815550167
20199600	1	1	0.0011184936576286821
20203200	0	0	0.0008337552384072814
20206800	0	0	0.0005891315976450965
20210400	0	0	0.0004539039084090934
20214000	0	0	0.00037894089646447516
20217600	0	0	0.0007061383171550782
20221200	0	0	0.0009435590931833499
20224800	0	0	0.0012875976792175495
20228400	0	0	0.0018522629307363475
20232000	0	0	0.0013804399641099948
20235600	0	1	0.0019159700916918957
20239200	0	1	0.0007068292811853934
20242800	0	1	0.0013739408820524913
20246400	1	1	0.9980729568942486
20250000	1	1	0.9990928500611133
20253600	1	1	0.9996475804101771
20257200	1	1	0.9996590527985565
20260800	1	1	0.9996765332206105
20264400	1	1	0.9997641398860521
20268000	1	1	0.9997773406626301
20271600	1	1	0.9994650520119721
20275200	1	1	0.7505820799262506
20278800	1	1	0.5014776471016642
20282400	1	1	0.25215525541058914
20286000	1	1	0.0011211093130961873
20289600	0	0	0.0008437373336039609
20293200	0	0	0.0006005030967343008
20296800	0	0	0.0004579583461492705
20300400	0	0	0.0004114346391701795
20304000	0	0	0.0006879141690206685
20307600	0	0	0.0008205366589729078
20311200	0	0	0.0013399168195335493
20314800	0	0	0.0016931340371595677
20318400	0	0	0.001048356312715255
20322000	0	1	0.0017231275854916446
20325600	0	1	0.0007558951764001126
20329200	0	1	0.0014537816727160783
20332800	1	1	0.9981641665745906
20336400	1	1	0.9990896579544879
20340000	1	1	0.9996466829146585
20343600	1	1	0.9996610773091507
20347200	1	1	0.9996751287198586
20350800	1	1	0.999757266974734
20354400	1	1	0.999776242914195
20358000	1	1	0.999528076131824
20361600	1	1	0.7506036301119992
20365200	1	1	0.501457442156702
20368800	1	1	0.2520993909954818
20372400	1	1	0.0010644368953002118
20376000	0	0	0.0007950562188777146
20379600	0	0	0.0005592917417486766
20383200	0	0	0.000423168526890286
20386800	0	0	0.0003968131477674298
20390400	0	0	0.0007112284373043085
20394000	0	0	0.0009507024373109036
20397600	0	0	0.001247808151688413
20401200	0	0	0.001374869311288911
20404800	0	0	0.0013765383149407103
20408400	0	1	0.0014753998645266567
20412000	0	1	0.0007628909040990674
20415600	0	1	0.001489343523666443
20419200	1	1	0.9984004980760355
20422800	1	1	0.9991426425552489
20426400	1	1	0.999650843661823
20430000	1	1	0.999662213418028
20433600	1	1	0.9996731598521278
20437200	1	1	0.9997553499884967
20440800	1	1	0.9997786572106101
20444400	1	1	0.9995781757707584
20448000	1	1	0.7506154449193412
20451600	1	1	0.5014354567549486
20455200	1	1	0.2520504670087629
20458800	1	1	0.0010145523266807187
20462400	0	0	0.0007501121576448565
20466000	0	0	0.0005237867642068005
20469600	0	0	0.0003963806180348628
20473200	0	0	0.00034888511470546914
20476800	0	0	0.0006911083926141683
20480400	0	0	0.0010812548884474994
20484000	0	0	0.001644379540479799
20487600	0	0	0.0019463791008911793
20491200	0	0	0.0008159303593994993
20494800	0	1	0.004275869902996197
20498400	0	1	0.0008241207163565608
20502000	0	1	0.0014810471252216025
20505600	1	1	0.9983744092556339
20509200	1	1	0.9991214608591333
20512800	1	1	0.9996465214441891
20516400	1	1	0.9996593941661333
20520000	1	1	0.9996707001682699
20523600	1	1	0.9997557432017373
20527200	1	1	0.9997799924228714
20530800	1	1	0.9996359493787776
20534400	1	1	0.7506509070075223
20538000	1	1	0.5014393009941852
20541600	1	1	0.25202819282398076
20545200	1	1	0.0009923522501537121
20548800	0	0	0.000733042681634308
20552400	0	0	0.0005097041163725761
20556000	0	0	0.00039144100793335425
20559600	0	0	0.00036361665276342663
20563200	0	0	0.0006738560690269552
20566800	0	0	0.0009454190167540437
20570400	0	0	0.0014203684930071234
20574000	0	0	0.0017174336289747314
20577600	0	0	0.0008970064308891528
20581200	0	1	0.006030570588123731
20584800	0	1	0.0008676365954272633
20588400	0	1	0.0014810392782233209
20592000	1	1	0.9983849867249497
20595600	1	1	0.9990781631131176
20599200	1	1	0.9996483154271486
20602800	1	1	0.9996619856758755
20606400	1	1	0.9996747051413429
20610000	1	1	0.9997564345171314
20613600	1	1	0.9997818413858409
20617200	1	1	0.9996467924252925
20620800	1	1	0.7506842257071416
20624400	1	1	0.50148504712129
20628000	1	1	0.2520827901417023
20631600	1	1	0.0010480637800045808
20635200	0	0	0.0007813742236359235
20638800	0	0	0.0005551314740834055
20642400	0	0	0.000433034972435847
20646000	0	0	0.00037465594713907035
20649600	0	0	0.0006756063816552499
20653200	0	0	0.0008823124053830386
20656800	0	0	0.0012149199395925854
20660400	0	0	0.0016299589307709236
20664000	0	0	0.00101074891357998
20667600	0	1	0.002962374600428202
20671200	0	1	0.0008135401206285746
20674800	0	1	0.00152456072303097
20678400	1	1	0.9983947107453917
20682000	1	1	0.9991171008804172
20685600	1	1	0.9996500665634347
20689200	1	1	0.9996603695672699
20692800	1	1	0.9996722573791822
20696400	1	1	0.9997551197435393
20700000	1	1	0.999778853158528
20703600	1	1	0.9995985860394498
20707200	1	1	0.7506675498902652
20710800	1	1	0.5015100777280806
20714400	1	1	0.25214528702590927
20718000	1	1	0.0011098793379912576
20721600	0	0	0.0008355642869363558
20725200	0	0	0.0005917312493787501
20728800	0	0	0.00044681032312171223
20732400	0	0	0.00039403283854182565
20736000	0	0	0.0007196665066182781
20739600	0	0	0.0009535403222574466
20743200	0	0	0.0012959064622349516
20746800	0	0	0.001640878415008435
20750400	0	0	0.0008967828120644742
20754000	0	1	0.001769442136560266
20757600	0	1	0.0007596797843107463
20761200	0	1	0.001535596217640797
20764800	1	1	0.9983914649322493
20768400	1	1	0.9991350592928281
20772000	1	1	0.9996506263448417
20775600	1	1	0.9996633637818557
20779200	1	1	0.9996745230087054
20782800	1	1	0.9997562139657094
20786400	1	1	0.9997762502835239
20790000	1	1	0.9995289786905518
20793600	1	1	0.750630249780927
20797200	1	1	0.5015060917187302
20800800	1	1	0.25216974723074154
20804400	1	1	0.0011347324587069544
20808000	0	0	0.0008528590189481225
20811600	0	0	0.0005998575243473851
20815200	0	0	0.00044792626377111456
20818800	0	0	0.0003775928042531137
20822400	0	0	0.000671605853506144
20826000	0	0	0.000910053120966479
20829600	0	0	0.001451506099127156
20833200	0	0	0.0017365960359820086
20836800	0	0	0.0012484418040225112
20840400	0	1	0.0019584057540438494
20844000	0	1	0.000687109114240671
20847600	0	1	0.0015085373285708573
20851200	1	1	0.9982507083417559
20854800	1	1	0.9991545818847969
20858400	1	1	0.9996533197592067
20862000	1	1	0.9996708835301891
20865600	1	1	0.9996889062422112
20869200	1	1	0.9997539831493824
20872800	1	1	0.9997783982393172
20876400	1	1	0.9994167620464623
20880000	1	1	0.7505702171291655
20883600	1	1	0.501503744664427
20887200	1	1	0.25221577414670326
20890800	1	1	0.0011808169184975574
20894400	0	0	0.000895467138070666
20898000	0	0	0.0006389286362195573
20901600	0	0	0.0004654689906262325
20905200	0	0	0.00038387288385395996
20908800	0	0	0.0007108477986018058
20912400	0	0	0.000994376426506549
20916000	0	0	0.0014884597841619295
20919600	0	0	0.0016026204214857904
20923200	0	0	0.0013249943192022808
20926800	0	1	0.001151284696578674
20930400	0	1	0.0006906251568948374
20934000	0	1	0.0014555582764684439
20937600	1	1	0.9982391816313776
20941200	1	1	0.9991219607987806
20944800	1	1	0.9996516000212234
20948400	1	1	0.9996920204081872
20952000	1	1	0.9997033242502751
20955600	1	1	0.9997521657691666
20959200	1	1	0.9997782476310672
20962800	1	1	0.9992173002993805
20966400	1	1	0.7506465047209377
20970000	1	1	0.5018220392430278
20973600	1	1	0.252729101688291
20977200	1	1	0.001705080833596059
20980800	0	0	0.0012809622842138678
20984400	0	0	0.0008890939239167186
20988000	0	0	0.0006599217061875503
20991600	0	0	0.001446232038164671
20995200	0	0	0.0007990814806613802
20998800	0	0	0.0004766655042304701
21002400	0	0	0.0008497000857121244
21006000	0	1	0.024787387736023413
21009600	0	1	0.026066050835628084
21013200	0	1	0.018498239913862295
21016800	0	1	0.010325366136009722
21020400	0	1	0.00112982537911841
21024000	1	1	0.0001797832383912772
21027600	1	1	0.9991825811102545
21031200	1	1	0.7503336538273682
21034800	1	1	0.9990028481949821
21038400	1	1	0.9995591934008052
21042000	1	1	0.9997317305115071
21045600	1	1	0.999881985176502
21049200	1	1	0.9997757893088635
21052800	1	1	0.7508325228835394
21056400	1	1	0.5015478187968
21060000	1	1	0.25208439253836495
21063600	1	1	0.001063379353433474
21067200	0	0	0.0007325049747364568
21070800	0	0	0.0003803319694998829
21074400	0	0	0.00015076058413658597
21078000	0	1	0.48311870287086783
21081600	0	1	0.4339220838150449
21085200	0	1	0.392682679116813
21088800	0	1	0.35834298514421037
21092400	0	1	0.3300366776567166
21096000	0	1	0.3055108060949604
21099600	0	1	0.2840003541486535
21103200	0	1	0.26532400171072407
21106800	0	1	0.24875360797799562
21110400	1	1	0.00020924390346913462
21114000	1	1	0.9991724616794785
21117600	1	1	0.7501954152963508
21121200	1	1	0.9990217546135889
21124800	1	1	0.9995606302689491
21128400	1	1	0.99973270554999
21132000	1	1	0.9998824529100364
21135600	1	1	0.9998024459375796
21139200	1	1	0.7508926749440689
21142800	1	1	0.5015732645919719
21146400	1	1	0.25207972008191104
21150000	1	1	0.0010588032157649412
21153600	0	0	0.0007278715375096129
21157200	0	0	0.0003732363341131797
21160800	0	0	0.00015249683499274935
21164400	0	1	0.4838099667685737
21168000	0	1	0.43511614815401495
21171600	0	1	0.3943562615483808
21175200	0	1	0.359791107609826
21178800	0	1	0.3305695916181186
21182400	0	1	0.3058791520680636
21186000	0	1	0.2842276339109175
21189600	0	1	0.2654496762091625
21193200	0	1	0.2487836969251696
21196800	1	1	0.00020819305436646117
21200400	1	1	0.9991938607694851
21204000	1	1	0.7502885523228227
21207600	1	1	0.9990472281221912
21211200	1	1	0.9995615165726045
21214800	1	1	0.9997315576655069
21218400	1	1	0.9998823040821967
21222000	1	1	0.9998018466311959
21225600	1	1	0.7509037200425351
21229200	1	1	0.5016063994308405
21232800	1	1	0.25213220745687565
21236400	1	1	0.0011125165557121339
21240000	0	0	0.00076867196073009
21243600	0	0	0.00040001359407294324
21247200	0	0	0.00015438604554990565
21250800	0	1	0.48086418792845703
21254400	0	1	0.43214208543092864
21258000	0	1	0.3912470592423916
21261600	0	1	0.3565524402094692
21265200	0	1	0.3275276979638449
21268800	0	1	0.3026183004852125
21272400	0	1	0.28120038648419715
21276000	0	1	0.2622941870601963
21279600	0	1	0.24562529694314655
21283200	1	1	0.00019683475564860758
21286800	1	1	0.9992409679347027
21290400	1	1	0.7503973272457218
21294000	1	1	0.9990374215847492
21297600	1	1	0.9995621228711734
21301200	1	1	0.9997344481583916
21304800	1	1	0.9998829444532286
21308400	1	1	0.9997899504548743
21312000	1	1	0.750920403721034
21315600	1	1	0.501690550881688
21319200	1	1	0.25227277788926444
21322800	1	1	0.001254744027766319
21326400	0	0	0.0008694319185311501
21330000	0	0	0.00045327670501530787
21333600	0	0	0.000165865881079475
21337200	0	1	0.23756800145503162
21340800	0	1	0.19566958289832237
21344400	0	1	0.1582278786073144
21348000	0	1	0.12578660817937912
21351600	0	1	0.09780548706519976
21355200	0	1	0.07314820710140439
21358800	0	1	0.049283393674564066
21362400	0	1	0.027180341281773903
21366000	0	1	0.005608729248620228
21369600	1	1	0.00018565350318933257
21373200	1	1	0.9992554653553678
21376800	1	1	0.7505544516851913
21380400	1	1	0.9990143704762552
21384000	1	1	0.9995604054498516
21387600	1	1	0.999738116370202
21391200	1	1	0.9998840180284992
21394800	1	1	0.9997534893765797
21398400	1	1	0.7508884606411258
21402000	1	1	0.501673016957491
21405600	1	1	0.2522702539851884
21409200	1	1	0.001251083240757769
21412800	0	0	0.0008709742829124663
21416400	0	0	0.0004612573380471991
21420000	0	0	0.000160396471778809
21423600	0	1	0.47151103848823217
21427200	0	1	0.4232689940768166
21430800	0	1	0.3831759208262811
21434400	0	1	0.34872660983982673
21438000	0	1	0.3204595242981139
21441600	0	1	0.2986183660393025
21445200	0	1	0.2771485789474274
21448800	0	1	0.25814115789907305
21452400	0	1	0.24141852235241584
21456000	1	1	0.00019729637966484445
21459600	1	1	0.9992636694170332
21463200	1	1	0.750635858626137
21466800	1	1	0.9990267159057689
21470400	1	1	0.9995857857577495
21474000	1	1	0.9997612231454297
21477600	1	1	0.9998827829349655
21481200	1	1	0.9996742282041502
21484800	1	1	0.7508091438036857
21488400	1	1	0.5016383577009853
21492000	1	1	0.2522709358377784
21495600	1	1	0.0012525408525379917
21499200	0	0	0.0008748813142128539
21502800	0	0	0.00046695218437312584
21506400	0	0	0.00015964450781924335
21510000	0	1	0.26713329892884896
21513600	0	1	0.22253311220552782
21517200	0	1	0.18407934058963152
21520800	0	1	0.1509988849262831
21524400	0	1	0.12328903142740591
21528000	0	1	0.09856354112343124
21531600	0	1	0.07533728818631417
21535200	0	1	0.054644960200307964
21538800	0	1	0.03573312609330273
21542400	1	1	0.00019208251848035744
21546000	1	1	0.9991993760759545
21549600	1	1	0.7503447828163003
21553200	1	1	0.9990552206312311
21556800	1	1	0.9995558307094248
21560400	1	1	0.9997330548222938
21564000	1	1	0.9998841372236958
21567600	1	1	0.9997449352927715
21571200	1	1	0.7508727114214688
21574800	1	1	0.5016628937033006
21578400	1	1	0.2522638946952288
21582000	1	1	0.0012455660296435947
21585600	0	0	0.0008697466883920247
21589200	0	0	0.00046515318684393615
21592800	0	0	0.00015922923463604135
21596400	0	1	0.25490370759717096
21600000	0	1	0.2112408911673138
21603600	0	1	0.17321125956199582
21607200	0	1	0.14009400903823768
21610800	0	1	0.11212101981990488
21614400	0	1	0.08696221127499341
21618000	0	1	0.06335677368034638
21621600	0	1	0.04204889330768947
21625200	0	1	0.02223566737490365
21628800	1	1	0.00018916195648954563
21632400	1	1	0.9992446416879518
21636000	1	1	0.7504808402294286
21639600	1	1	0.9990140765255866
21643200	1	1	0.9995602551641184
21646800	1	1	0.9997320836292962
21650400	1	1	0.9998852582583132
21654000	1	1	0.999749697356048
21657600	1	1	0.7508974190650576
21661200	1	1	0.5017071415121752
21664800	1	1	0.25232384528449925
21668400	1	1	0.0013069377242562012
21672000	0	0	0.0009083013390967824
21675600	0	0	0.00048470189298614486
21679200	0	0	0.00016711116997174854
21682800	0	1	0.21180421609852199
21686400	0	1	0.17198870826336476
21690000	0	1	0.13671198456832115
21693600	0	1	0.1057162355527937
21697200	0	1	0.09438221031816345
21700800	0	1	0.0702073194070063
21704400	0	1	0.046779817918686184
21708000	0	1	0.025155930806597913
21711600	0	1	0.0038587899960008183
21715200	1	1	0.00018402069093887303
21718800	1	1	0.9992446401240405
21722400	1	1	0.7505540547846142
21726000	1	1	0.9990503049550927
21729600	1	1	0.9995919467263388
21733200	1	1	0.9997573795691145
21736800	1	1	0.9998895327213946
21740400	1	1	0.9996612991654621
21744000	1	1	0.7507990317816939
21747600	1	1	0.5016249592325571
21751200	1	1	0.2522554020958211
21754800	1	1	0.0012371044033498465
21758400	0	0	0.0008567392386417972
21762000	0	0	0.0004501589107139566
21765600	0	0	0.0001634514205423275
21769200	0	1	0.2374964063065071
21772800	0	1	0.19502519643918464
21776400	0	1	0.15780519440360372
21780000	0	1	0.12514777130928406
21783600	0	1	0.09644883463863303
21787200	0	1	0.07102263479849456
21790800	0	1	0.04704257007448119
21794400	0	1	0.024941119093073873
21798000	0	1	0.0032861899494740715
21801600	1	1	0.00018216103524241691
21805200	1	1	0.999256653654855
21808800	1	1	0.7504528214722265
21812400	1	1	0.9990668862620302
21816000	1	1	0.9995690474377511
21819600	1	1	0.9997375524692186
21823200	1	1	0.9998925882272595
21826800	1	1	0.9997338775872974
21830400	1	1	0.7508723848179698
21834000	1	1	0.5016812950198026
21837600	1	1	0.25229712102422763
21841200	1	1	0.0012796944054562893
21844800	0	0	0.0008921330090182778
21848400	0	0	0.0004788599451023403
21852000	0	0	0.00016281946954890608
21855600	0	1	0.2376768978212222
21859200	0	1	0.19544440052574893
21862800	0	1	0.15829495736085647
21866400	0	1	0.12597000306214134
21870000	0	1	0.09751798131822356
21873600	0	1	0.07191962300940155
21877200	0	1	0.04789740633870117
21880800	0	1	0.025883976336557306
21884400	0	1	0.00403496379277608
21888000	1	1	0.00018384829432994002
21891600	1	1	0.999288327477401
21895200	1	1	0.7506581819287224
21898800	1	1	0.9990750109628986
21902400	1	1	0.9995630671164871
21906000	1	1	0.9997313993538782
21909600	1	1	0.9998868482508073
21913200	1	1	0.9997430585334053
21916800	1	1	0.7508593830174151
21920400	1	1	0.5016613365355197
21924000	1	1	0.25227134108799065
21927600	1	1	0.0012527610750839185
21931200	0	0	0.0008707344693260195
21934800	0	0	0.00046580350053896665
21938400	0	0	0.00016161522237896666
21942000	0	1	0.24195290988142976
21945600	0	1	0.1991179786092448
21949200	0	1	0.16139686753140026
21952800	0	1	0.12875649290070232
21956400	0	1	0.10053883663052468
21960000	0	1	0.0749626960248618
21963600	0	1	0.05117749038643212
21967200	0	1	0.029171872665138092
21970800	0	1	0.007835353051825273
21974400	1	1	0.00018843940425217608
21978000	1	1	0.999305246566494
21981600	1	1	0.750617030290111
21985200	1	1	0.999033051589898
21988800	1	1	0.9995564215145525
21992400	1	1	0.9997307847271404
21996000	1	1	0.999886742097105
21999600	1	1	0.9997376396715586
22003200	1	1	0.7508986878613512
22006800	1	1	0.5017360532467229
22010400	1	1	0.2523754056740207
22014000	1	1	0.001359726952394345
22017600	0	0	0.0009473422011030269
22021200	0	0	0.0005081041304138187
22024800	0	0	0.0001703990546774871
22028400	0	1	0.23372204204896196
22032000	0	1	0.19197020602055082
22035600	0	1	0.15514706418844929
22039200	0	1	0.12244853815847906
22042800	0	1	0.09530675850796007
22046400	0	1	0.06986628368277877
22050000	0	1	0.04603115606669186
22053600	0	1	0.023705503428692865
22057200	0	1	0.001519539337100377
22060800	1	1	0.00018098205593707395
22064400	1	1	0.9992625112834788
22068000	1	1	0.7505663808768417
22071600	1	1	0.9990077010336113
22075200	1	1	0.9995603975782064
22078800	1	1	0.999736600518967
22082400	1	1	0.9998849307322432
22086000	1	1	0.9997561068982974
22089600	1	1	0.7509370514506774
22093200	1	1	0.5017832195132955
22096800	1	1	0.2524310764655045
22100400	1	1	0.0014160769921440647
22104000	0	0	0.0009891509469855946
22107600	0	0	0.0005347971758877755
22111200	0	0	0.0001737760038186927
22114800	0	1	0.22338480837053648
22118400	0	1	0.18242237854490256
22122000	0	1	0.14606148586134274
22125600	0	1	0.11410161283788044
22129200	0	1	0.08997045814161948
22132800	0	1	0.06935024090398502
22136400	0	1	0.04557054373213427
22140000	0	1	0.02336055458027876
22143600	0	1	0.0009243386397392165
22147200	1	1	0.00017814933017295238
22150800	1	1	0.9992246049547119
22154400	1	1	0.7503561833551288
22158000	1	1	0.9990672448895141
22161600	1	1	0.9995642584380637
22165200	1	1	0.9997450413822305
22168800	1	1	0.9998910923045647
22172400	1	1	0.9997345940599268
22176000	1	1	0.7508997923522391
22179600	1	1	0.5017382651985288
22183200	1	1	0.2523806432543516
22186800	1	1	0.0013639060110649244
22190400	0	0	0.0009505180852759394
22194000	0	0	0.0005075969372839545
22197600	0	0	0.00017041592764536096
22201200	0	1	0.23189932085645656
22204800	0	1	0.19005816183481494
22208400	0	1	0.15370567561130588
22212000	0	1	0.12118778518821416
22215600	0	1	0.09433431893382033
22219200	0	1	0.07029630089276422
22222800	0	1	0.0462301644523837
22226400	0	1	0.02416113809166652
22230000	0	1	0.0018739420528878685
22233600	1	1	0.00018166948084298202
22237200	1	1	0.9992271636115555
22240800	1	1	0.75041634898614
22244400	1	1	0.99897811523647
22248000	1	1	0.9995561284481367
22251600	1	1	0.9997341221575229
22255200	1	1	0.9998905007628045
22258800	1	1	0.9997223993146754
22262400	1	1	0.7508613318651837
22266000	1	1	0.5016732356594135
22269600	1	1	0.252293064719909
22273200	1	1	0.001274453074861871
22276800	0	0	0.0008864823952852014
22280400	0	0	0.00046956727774994983
22284000	0	0	0.00016358616446785173
22287600	0	1	0.23807960425340596
22291200	0	1	0.19587888389024538
22294800	0	1	0.15884472193023555
22298400	0	1	0.12629742421904083
22302000	0	1	0.09757003664842934
22305600	0	1	0.07177314480602494
22309200	0	1	0.04785879647285401
22312800	0	1	0.02561766603237294
22316400	0	1	0.003690588535436006
22320000	1	1	0.00018410073823367339
22323600	1	1	0.9992384928475159
22327200	1	1	0.7504231998221659
22330800	1	1	0.9990152849956246
22334400	1	1	0.9995569655287718
22338000	1	1	0.9997318182634094
22341600	1	1	0.9998901749802773
22345200	1	1	0.9997406369984192
22348800	1	1	0.7508398060881838
22352400	1	1	0.501607540452088
22356000	1	1	0.25219122092036306
22359600	1	1	0.0011704396232473135
22363200	0	0	0.0008133892701156072
22366800	0	0	0.00042995602086585874
22370400	0	0	0.00015443323990068527
22374000	0	1	0.2456498088091241
22377600	0	1	0.20276509288996056
22381200	0	1	0.1651420773082803
22384800	0	1	0.13199032867808058
22388400	0	1	0.10309924458313224
22392000	0	1	0.07709995195202964
22395600	0	1	0.05324604103357025
22399200	0	1	0.031473100949691975
22402800	0	1	0.010593936793883409
22406400	1	1	0.00018555125363875247
22410000	1	1	0.999242200835645
22413600	1	1	0.7503342957784609
22417200	1	1	0.999053237431576
22420800	1	1	0.9995585001518983
22424400	1	1	0.9997343533353261
22428000	1	1	0.9998902167865823
22431600	1	1	0.9997745049359774
22435200	1	1	0.750929633964348
22438800	1	1	0.5017374088868873
22442400	1	1	0.2523522902724099
22446000	1	1	0.0013365193101413267
22449600	0	0	0.0009326897650250201
22453200	0	0	0.0005010769306819606
22456800	0	0	0.00016834840330503796
22460400	0	1	0.19698605122032084
22464000	0	1	0.16077621751031562
22467600	0	1	0.12800234821014156
22471200	0	1	0.09852087903775411
22474800	0	1	0.0742102579784008
22478400	0	1	0.06785974946809382
22482000	0	1	0.04495147782898695
22485600	0	1	0.023609095875030822
22489200	0	1	0.0019996944030056707
22492800	1	1	0.00018139343123488278
22496400	1	1	0.9992384910954509
22500000	1	1	0.750473691153888
22503600	1	1	0.9989957894137304
22507200	1	1	0.9995547946368414
22510800	1	1	0.9997329436436069
22514400	1	1	0.9998888123880011
22518000	1	1	0.9997429690856396
22521600	1	1	0.7509012453181882
22525200	1	1	0.501737636019437
22528800	1	1	0.25237785691318276
22532400	1	1	0.0013621205903777598
22536000	0	0	0.0009465643073433696
22539600	0	0	0.0005041296965378104
22543200	0	0	0.00017277662338571428
22546800	0	1	0.23340549197105157
22550400	0	1	0.1915274499295257
22554000	0	1	0.1550483163173873
22557600	0	1	0.12252059381262828
22561200	0	1	0.09478279640304453
22564800	0	1	0.0701574883532318
22568400	0	1	0.04642842555416284
22572000	0	1	0.02402287664803704
22575600	0	1	0.0017091348646136333
22579200	1	1	0.0001806693186465005
22582800	1	1	0.9992101943236468
22586400	1	1	0.7503613940999638
22590000	1	1	0.9989740400734098
22593600	1	1	0.9995525528471892
22597200	1	1	0.9997317912117388
22600800	1	1	0.9998893323106804
22604400	1	1	0.9997374398628744
22608000	1	1	0.7508544924000307
22611600	1	1	0.5016646414690972
22615200	1	1	0.2522829551615537
22618800	1	1	0.0012645912000690443
22622400	0	0	0.0008794609665905957
22626000	0	0	0.00047046004438682616
22629600	0	0	0.00016193775619584495
22633200	0	1	0.25695563753515416
22636800	0	1	0.2132744293350989
22640400	0	1	0.17481294159237556
22644000	0	1	0.1413043237663703
22647600	0	1	0.11233537763455335
22651200	0	1	0.08692593017249421
22654800	0	1	0.06354261627839293
22658400	0	1	0.04208151560198917
22662000	0	1	0.02237288985684077
22665600	1	1	0.00018856902417445576
22669200	1	1	0.9992482832066368
22672800	1	1	0.7505134587699303
22676400	1	1	0.9989908820159416
22680000	1	1	0.9995568325939119
22683600	1	1	0.9997341506992522
22687200	1	1	0.9998911975008192
22690800	1	1	0.9997006872602648
22694400	1	1	0.7508544935105286
22698000	1	1	0.5016845300084014
22701600	1	1	0.25231935940652833
22705200	1	1	0.0013019166292268449
22708800	0	0	0.0009083785570298223
22712400	0	0	0.0004864611376591194
22716000	0	0	0.0001640524847709754
22719600	0	1	0.2405067463610409
22723200	0	1	0.19779304566622302
22726800	0	1	0.16061702210986206
22730400	0	1	0.1281959490849851
22734000	0	1	0.0994942104735228
22737600	0	1	0.07368465252963656
22741200	0	1	0.04982995934332091
22744800	0	1	0.02764067196996575
22748400	0	1	0.006117475014301895
22752000	1	1	0.00018692313132114198
22755600	1	1	0.9992750855601539
22759200	1	1	0.7506213357088334
22762800	1	1	0.9989611714076563
22766400	1	1	0.9995590189619662
22770000	1	1	0.999743994953011
22773600	1	1	0.9998911893286683
22777200	1	1	0.999681291179603
22780800	1	1	0.7508599770699179
22784400	1	1	0.5017165983563159
22788000	1	1	0.2523735098406953
22791600	1	1	0.0013570076431177948
22795200	0	0	0.0009482261208661789
22798800	0	0	0.000511707020617984
22802400	0	0	0.00016799668803866492
22806000	0	1	0.23504336566065148
22809600	0	1	0.19348018709285317
22813200	0	1	0.15630256978177703
22816800	0	1	0.12389360640499754
22820400	0	1	0.09548772327178796
22824000	0	1	0.0705031786059308
22827600	0	1	0.0466124060338087
22831200	0	1	0.024337871745057475
22834800	0	1	0.0020439430301723775
22838400	1	1	0.0001817546803124184
22842000	1	1	0.9993386560072639
22845600	1	1	0.7506496763909779
22849200	1	1	0.998967591167659
22852800	1	1	0.9995785326903691
22856400	1	1	0.9997523723380072
22860000	1	1	0.9998907765419163
22863600	1	1	0.9996679069005051
22867200	1	1	0.7508230952568302
22870800	1	1	0.501665057947337
22874400	1	1	0.2523100721024933
22878000	1	1	0.0012924818545262153
22881600	0	0	0.000900966273235544
22885200	0	0	0.00048325918735234077
22888800	0	0	0.00016304058830031372
22892400	0	1	0.27471537273564267
22896000	0	1	0.22963021324283894
22899600	0	1	0.19087870297166712
22903200	0	1	0.15758533377028358
22906800	0	1	0.12890559067612772
22910400	0	1	0.1031868884101924
22914000	0	1	0.07980663549672248
22917600	0	1	0.05908001075504893
22921200	0	1	0.04018831648111981
22924800	1	1	0.000184014457547955
22928400	1	1	0.9992271590471242
22932000	1	1	0.7506234870845573
22935600	1	1	0.9990610912460636
22939200	1	1	0.9996121095823107
22942800	1	1	0.9997756553464688
22946400	1	1	0.9998908863744819
22950000	1	1	0.9995564082797148
22953600	1	1	0.750769507888249
22957200	1	1	0.5016697589059442
22960800	1	1	0.25236177500282303
22964400	1	1	0.0013453688172874664
22968000	0	0	0.0009396584819049404
22971600	0	0	0.0005062981485321731
22975200	0	0	0.00016714865874347052
22978800	0	1	0.2355997003166871
22982400	0	1	0.19369053894244193
22986000	0	1	0.1566934121790535
22989600	0	1	0.12402559024440431
22993200	0	1	0.09576028184454914
22996800	0	1	0.07026000198520473
23000400	0	1	0.04651640098267038
23004000	0	1	0.02423023942000087
23007600	0	1	0.0022792438581000956
23011200	1	1	0.0001804725369362274
23014800	1	1	0.9992271641005257
23018400	1	1	0.7504292129410435
23022000	1	1	0.9990101341183062
23025600	1	1	0.9995576456107782
23029200	1	1	0.9997348531007386
23032800	1	1	0.9998920530696258
23036400	1	1	0.9997163724838914
23040000	1	1	0.7508410778033224
23043600	1	1	0.5016524845101127
23047200	1	1	0.2522714998257135
23050800	1	1	0.0012532347793342508
23054400	0	0	0.0008723321621296179
23058000	0	0	0.00046572446266468606
23061600	0	0	0.00016095797556593187
23065200	0	1	0.23810978878223368
23068800	0	1	0.1958338124270037
23072400	0	1	0.15839293320111877
23076000	0	1	0.12552982942254304
23079600	0	1	0.09755517678230413
23083200	0	1	0.07210414369217549
23086800	0	1	0.04839402653564484
23090400	0	1	0.026444765597238507
23094000	0	1	0.004704838383917772
23097600	1	1	0.0001840290099065139
23101200	1	1	0.9992590080932607
23104800	1	1	0.7504513001820458
23108400	1	1	0.9989990961578651
23112000	1	1	0.999554589299319
23115600	1	1	0.9997335025059821
23119200	1	1	0.9998889568778813
23122800	1	1	0.9997529390716025
23126400	1	1	0.750856310534309
23130000	1	1	0.5016444841181188
23133600	1	1	0.25224237787501547
23137200	1	1	0.001223870980337316
23140800	0	0	0.0008499786670963949
23144400	0	0	0.00045174219936426537
23148000	0	0	0.0001601895113316676
23151600	0	1	0.24637499512809583
23155200	0	1	0.2030792121356927
23158800	0	1	0.16523314307061338
23162400	0	1	0.13222357912991295
23166000	0	1	0.10375419417445765
23169600	0	1	0.07838804372439326
23173200	0	1	0.05463375182144415
23176800	0	1	0.032867599069271704
23180400	0	1	0.012354850944456462
23184000	1	1	0.00018735070004118152
23187600	1	1	0.9992409643651368
23191200	1	1	0.750469642532809
23194800	1	1	0.9990318641577544
23198400	1	1	0.9995543205038103
23202000	1	1	0.9997316174497718
23205600	1	1	0.9998868300261152
23209200	1	1	0.9997573240171274
23212800	1	1	0.7508774167106461
23216400	1	1	0.501684944541195
23220000	1	1	0.2522998101302647
23223600	1	1	0.0012823430133482804
23227200	0	0	0.0008944374544463706
23230800	0	0	0.00048067601624394974
23234400	0	0	0.00016262203758595026
23238000	0	1	0.23591249920198812
23241600	0	1	0.19365421963408036
23245200	0	1	0.15665784301091798
23248800	0	1	0.12446331861552315
23252400	0	1	0.09619616995930569
23256000	0	1	0.0724021054812883
23259600	0	1	0.048582966241881326
23263200	0	1	0.026337176712226483
23266800	0	1	0.004639612891236587
23270400	1	1	0.00018430860697899316
23274000	1	1	0.9992181180850798
23277600	1	1	0.7504207544933119
23281200	1	1	0.999010178101076
23284800	1	1	0.9995596078609371
23288400	1	1	0.9997335627580162
23292000	1	1	0.9998902277279469
23295600	1	1	0.9997327637807089
23299200	1	1	0.7509011859582873
23302800	1	1	0.5017622884985684
23306400	1	1	0.2524222060200522
23310000	1	1	0.0014070491329433922
23313600	0	0	0.0009846645601439238
23317200	0	0	0.000533256918536895
23320800	0	0	0.0001713650603600585
23324400	0	1	0.23242572975843426
23328000	0	1	0.19058477226603532
23331600	0	1	0.1536741946535801
23335200	0	1	0.12122518840287884
23338800	0	1	0.09367148632526615
23342400	0	1	0.06959505918339708
23346000	0	1	0.045669838260351904
23349600	0	1	0.02352457743276263
23353200	0	1	0.0013125590643122218
23356800	1	1	0.0001791257796802618
23360400	1	1	0.9992566508711794
23364000	1	1	0.7504796369228592
23367600	1	1	0.9990218370321872
23371200	1	1	0.9995602001639987
23374800	1	1	0.9997434838158354
23378400	1	1	0.9998931306983369
23382000	1	1	0.9996959170878267
23385600	1	1	0.7508692575952787
23389200	1	1	0.5017209324956059
23392800	1	1	0.25237337358526396
23396400	1	1	0.001356926642631448
23400000	0	0	0.0009455981294090663
23403600	0	0	0.0005059278080473117
23407200	0	0	0.00017019985833153988
23410800	0	1	0.23552964963773243
23414400	0	1	0.19355021196003858
23418000	0	1	0.15634737008297173
23421600	0	1	0.1235324216831612
23425200	0	1	0.09557495519207605
23428800	0	1	0.07005779193950111
23432400	0	1	0.04618495785278777
23436000	0	1	0.02413943727521957
23439600	0	1	0.001852669671665352
23443200	1	1	0.0001790854406080215
23446800	1	1	0.9993586116537077
23450400	1	1	0.7508195088253676
23454000	1	1	0.998971403555633
23457600	1	1	0.9995619684452623
23461200	1	1	0.9997461217346192
23464800	1	1	0.9998934442603288
23468400	1	1	0.9996700654206796
23472000	1	1	0.7508429288741862
23475600	1	1	0.5016990298686074
23479200	1	1	0.2523553442429704
23482800	1	1	0.0013393693736807558
23486400	0	0	0.0009294158496086082
23490000	0	0	0.0004912192774517002
23493600	0	0	0.00017161489448416884
23497200	0	1	0.2341972021856281
23500800	0	1	0.19235887917135241
23504400	0	1	0.1558299874261937
23508000	0	1	0.12333034138018104
23511600	0	1	0.09547878119049892
23515200	0	1	0.07011341517973177
23518800	0	1	0.04603261982271252
23522400	0	1	0.02377519624853729
23526000	0	1	0.0015244025329157495
23529600	1	1	0.00017996313405439792
23533200	1	1	0.9992705662448869
23536800	1	1	0.750520642859545
23540400	1	1	0.9990131383938032
23544000	1	1	0.9995530698707813
23547600	1	1	0.9997361399762439
23551200	1	1	0.9998969679610428
23554800	1	1	0.9996893782774486
23558400	1	1	0.7508228380908035
23562000	1	1	0.5016460259513047
23565600	1	1	0.25227409240082177
23569200	1	1	0.0012559762707909459
23572800	0	0	0.0008732248723044146
23576400	0	0	0.00046556971285282114
23580000	0	0	0.00016213257043280708
23583600	0	1	0.23687094965085165
23587200	0	1	0.19429205792612989
23590800	0	1	0.15749863440499046
23594400	0	1	0.12524665982240876
23598000	0	1	0.09647008830319091
23601600	0	1	0.07050855624105348
23605200	0	1	0.046576092252224637
23608800	0	1	0.024366280732772517
23612400	0	1	0.0022313997203552496
23616000	1	1	0.00018112874088678572
23619600	1	1	0.9992613518199843
23623200	1	1	0.7504183104890975
23626800	1	1	0.9990288566431246
23630400	1	1	0.9995562594119081
23634000	1	1	0.9997342734159576
23637600	1	1	0.9998954571701683
23641200	1	1	0.9997373220478031
23644800	1	1	0.7508046795943724
23648400	1	1	0.5016005368300295
23652000	1	1	0.2522080396336489
23655600	1	1	0.0011868805065111815
23659200	0	0	0.0008193902924939802
23662800	0	0	0.00042574544630200896
23666400	0	0	0.00015891881686206863
23670000	0	1	0.24533844505867142
23673600	0	1	0.20222363202901655
23677200	0	1	0.16458517744873472
23680800	0	1	0.1315471183931795
23684400	0	1	0.10370936871288026
23688000	0	1	0.07854393405638667
23691600	0	1	0.05496092835325781
23695200	0	1	0.033237231315886115
23698800	0	1	0.012870924012740759
23702400	1	1	0.00018773204508554668
23706000	1	1	0.9992795592906134
23709600	1	1	0.7504854395502149
23713200	1	1	0.9990188578247057
23716800	1	1	0.9995568593569439
23720400	1	1	0.9997364403549952
23724000	1	1	0.9998865582998888
23727600	1	1	0.9997685586822719
23731200	1	1	0.7508551348940853
23734800	1	1	0.501637933969561
23738400	1	1	0.25223518537395917
23742000	1	1	0.0012151254416467724
23745600	0	0	0.0008413093148946329
23749200	0	0	0.000438391608033681
23752800	0	0	0.00016012014081507464
23756400	0	1	0.257431072304662
23760000	0	1	0.21356459540123057
23763600	0	1	0.17526130770888704
23767200	0	1	0.14193500377726745
23770800	0	1	0.11290871787412571
23774400	0	1	0.08768475517335322
23778000	0	1	0.06406251864748798
23781600	0	1	0.042828802071283784
23785200	0	1	0.0229804123337576
23788800	1	1	0.0001898779751269033
23792400	1	1	0.9992705659619661
23796000	1	1	0.7505068409741624
23799600	1	1	0.9989935323443663
23803200	1	1	0.9995544090821108
23806800	1	1	0.9997349105512694
23810400	1	1	0.9998872209446991
23814000	1	1	0.9997486705774329
23817600	1	1	0.7508052072866612
23821200	1	1	0.5015550642438141
23824800	1	1	0.25212410048285555
23828400	1	1	0.0011018556401312018
23832000	0	0	0.0007625691964923665
23835600	0	0	0.00039972643593399787
23839200	0	0	0.0001494359826460687
23842800	0	1	0.47929685926178867
23846400	0	1	0.43034086232353597
23850000	0	1	0.38935205822962815
23853600	0	1	0.355287336850412
23857200	0	1	0.326985504089365
23860800	0	1	0.30283919909608153
23864400	0	1	0.28120743543836935
23868000	0	1	0.2623632033480739
23871600	0	1	0.24576315337676166
23875200	1	1	0.0001970237395997225
23878800	1	1	0.9992648379934864
23882400	1	1	0.7503803882830657
23886000	1	1	0.9990415391991462
23889600	1	1	0.9995576670770918
23893200	1	1	0.9997341587547862
23896800	1	1	0.9998861193842392
23900400	1	1	0.9997916588685234
23904000	1	1	0.7508625019484133
23907600	1	1	0.5015913081635213
23911200	1	1	0.252141528677039
23914800	1	1	0.0011211410544287584
23918400	0	0	0.0007748100652722603
23922000	0	0	0.00040017541707237594
23925600	0	0	0.00015566087498838053
23929200	0	1	0.4767418523029594
23932800	0	1	0.4279498430762095
23936400	0	1	0.3868132789428675
23940000	0	1	0.35253391591604993
23943600	0	1	0.3244626563848173
23947200	0	1	0.3005007715497343
23950800	0	1	0.27875974857020613
23954400	0	1	0.2601065697082374
23958000	0	1	0.24365039910945233
23961600	1	1	0.00019384807865472365
23965200	1	1	0.9992322452533966
23968800	1	1	0.750326387825801
23972400	1	1	0.9990304993622114
23976000	1	1	0.9995518935347626
23979600	1	1	0.9997340629443862
23983200	1	1	0.9998915378257197
23986800	1	1	0.9997602130054586
23990400	1	1	0.7508708183038989
23994000	1	1	0.5016434414935982
23997600	1	1	0.2522276521407727
24001200	1	1	0.0012107474968286733
24004800	0	0	0.0008358186048582653
24008400	0	0	0.00043419275872429045
24012000	0	0	0.0001650364651472966
24015600	0	1	0.2170204194381789
24019200	0	1	0.17628023113714192
24022800	0	1	0.14043574639191672
24026400	0	1	0.10869458168234143
24030000	0	1	0.0941435887004135
24033600	0	1	0.07240536748050301
24037200	0	1	0.048957920400525476
24040800	0	1	0.027310768387704635
24044400	0	1	0.006188491484233642
24048000	1	1	0.0001833633103795902
24051600	1	1	0.9992494949477312
24055200	1	1	0.7503989811914752
24058800	1	1	0.9990286677963769
24062400	1	1	0.9995857739133951
24066000	1	1	0.9997319028097371
24069600	1	1	0.9998951424691574
24073200	1	1	0.9997079623242068
24076800	1	1	0.750782809488658
24080400	1	1	0.501526375157748
24084000	1	1	0.25208661103764635
24087600	1	1	0.001066596418641291
24091200	0	0	0.0007316461983058447
24094800	0	0	0.0003735298963485026
24098400	0	0	0.00015544713192438143
24102000	0	1	0.4814719470997936
24105600	0	1	0.4326224983059348
24109200	0	1	0.39175485027785545
24112800	0	1	0.35755535120937637
24116400	0	1	0.3288544242681454
24120000	0	1	0.30423697159647917
24123600	0	1	0.2824378124712492
24127200	0	1	0.26356743884098405
24130800	0	1	0.24691300412572603
24134400	1	1	0.0002002441766698047
24138000	1	1	0.9992518998804913
24141600	1	1	0.7503249815174564
24145200	1	1	0.9990105586868282
24148800	1	1	0.9995718733155465
24152400	1	1	0.9997357325350253
24156000	1	1	0.9998934475253436
24159600	1	1	0.9997530636210541
24163200	1	1	0.7508248343394687
24166800	1	1	0.5015565656475158
24170400	1	1	0.2521059677608388
24174000	1	1	0.0010866820129419774
24177600	0	0	0.0007468689135158236
24181200	0	0	0.0003870247971043506
24184800	0	0	0.00015587424124565875
24188400	0	1	0.2382889741729991
24192000	0	1	0.19536958863539525
24195600	0	1	0.15809369052838151
24199200	0	1	0.12565646520750645
24202800	0	1	0.09719520489971722
24206400	0	1	0.07170383441784246
24210000	0	1	0.04807008512828889
24213600	0	1	0.025840481825630857
24217200	0	1	0.004000250901795662
24220800	1	1	0.0001810919037178208
24224400	1	1	0.9992434355178814
24228000	1	1	0.7502333995948178
24231600	1	1	0.9990894574035558
24235200	1	1	0.999562234546416
24238800	1	1	0.9997339320865466
24242400	1	1	0.9998964858568666
24246000	1	1	0.9997881896068148
24249600	1	1	0.7508721191569745
24253200	1	1	0.5016173129537845
24256800	1	1	0.25217816587469444
24260400	1	1	0.0011604019223629466
24264000	0	0	0.0007988314476100224
24267600	0	0	0.00041298553066209645
24271200	0	0	0.0001620412966259931
24274800	0	1	0.23238923051597224
24278400	0	1	0.19039940776880665
24282000	0	1	0.1533535485754844
24285600	0	1	0.1207858015276995
24289200	0	1	0.09362853961141006
24292800	0	1	0.06995229685899261
24296400	0	1	0.04610161641518737
24300000	0	1	0.0240709676958315
24303600	0	1	0.0021551525874305673
24307200	1	1	0.0001791030127994719
24310800	1	1	0.9992385033698755
24314400	1	1	0.7502583731632329
24318000	1	1	0.9990592894608177
24321600	1	1	0.9995592372562417
24325200	1	1	0.9997347146187735
24328800	1	1	0.9999018478602102
24332400	1	1	0.9997423319689135
24336000	1	1	0.7508608340793216
24339600	1	1	0.5016328513536892
24343200	1	1	0.2522162524253265
24346800	1	1	0.0011992190102793395
24350400	0	0	0.0008296996621479633
24354000	0	0	0.00043468803879941894
24357600	0	0	0.00016241671442807705
24361200	0	1	0.23331731897505562
24364800	0	1	0.19131943719616468
24368400	0	1	0.1543599819801318
24372000	0	1	0.12164751011537278
24375600	0	1	0.0946329459911659
24379200	0	1	0.07209500668793796
24382800	0	1	0.0484301843121477
24386400	0	1	0.026271198003438957
24390000	0	1	0.004674131459507535
24393600	1	1	0.0001852138056469153
24397200	1	1	0.9992566555509458
24400800	1	1	0.7503826551120049
24404400	1	1	0.9991000260634924
24408000	1	1	0.9995582771991893
24411600	1	1	0.9997404483048198
24415200	1	1	0.9998993908451619
24418800	1	1	0.9996783675152365
24422400	1	1	0.7508313801663358
24426000	1	1	0.501663040778201
24429600	1	1	0.25229624901553277
24433200	1	1	0.001279823470052491
24436800	0	0	0.0008856612193765272
24440400	0	0	0.00046216467244823597
24444000	0	0	0.00016941596441067945
24447600	0	1	0.23206485203881966
24451200	0	1	0.19014635816508085
24454800	0	1	0.15375514433737167
24458400	0	1	0.12147405124640746
24462000	0	1	0.09485116644739842
24465600	0	1	0.07036234854768751
24469200	0	1	0.04631662412600721
24472800	0	1	0.024004375145981787
24476400	0	1	0.0018609256786534655
24480000	1	1	0.0001804289525981911
24483600	1	1	0.9993073109675102
24487200	1	1	0.7504104859728967
24490800	1	1	0.9990936752746677
24494400	1	1	0.9995369299666229
24498000	1	1	0.9997402972541846
24501600	1	1	0.9998956754403037
24505200	1	1	0.999706194479436
24508800	1	1	0.7508156579051815
24512400	1	1	0.5015991462236935
24516000	1	1	0.2521933018993129
24519600	1	1	0.001175513089331396
24523200	0	0	0.0008115376155237803
24526800	0	0	0.00042650370730653903
24530400	0	0	0.00016018717546572225
24534000	0	1	0.4796698983688871
24537600	0	1	0.4314157974751353
24541200	0	1	0.39090322506172115
24544800	0	1	0.35646545279829045
24548400	0	1	0.32848334357464815
24552000	0	1	0.30443518762624044
24555600	0	1	0.28275534751234893
24559200	0	1	0.2638047051359444
24562800	0	1	0.24716155389484412
24566400	1	1	0.00020974515301281404
24570000	1	1	0.9994066248846797
24573600	1	1	0.7515320740757684
24577200	1	1	0.9991686949738808
24580800	1	1	0.99956757208663
24584400	1	1	0.9997380203195597
24588000	1	1	0.9998889032844339
24591600	1	1	0.999614526230685
24595200	1	1	0.750742497939354
24598800	1	1	0.5015629411658128
24602400	1	1	0.2521876715310772
24606000	1	1	0.0011692415075011803
24609600	0	0	0.000808785718807945
24613200	0	0	0.0004253837153386235
24616800	0	0	0.0001581745671289873
24620400	0	1	0.4788795472376177
24624000	0	1	0.43022137018794837
24627600	0	1	0.3893651391108186
24631200	0	1	0.35499691437063474
24634800	0	1	0.32809726985748183
24638400	0	1	0.3045473095203734
24642000	0	1	0.2830238584561636
24645600	0	1	0.2643610106473459
24649200	0	1	0.24777291595075937
24652800	1	1	0.00020444967139992876
24656400	1	1	0.9991753690183021
24660000	1	1	0.7504327372925382
24663600	1	1	0.9989841396336263
24667200	1	1	0.9995450753498873
24670800	1	1	0.9997215566142361
24674400	1	1	0.9998999121609482
24678000	1	1	0.9996573159848482
24681600	1	1	0.750748939889685
24685200	1	1	0.5015302536793218
24688800	1	1	0.25212310536005045
24692400	1	1	0.0011035292371910938
24696000	0	0	0.0007608153196666253
24699600	0	0	0.0003971912188593001
24703200	0	0	0.00015490750832230886
24706800	0	1	0.23744129423500762
24710400	0	1	0.1951761251199121
24714000	0	1	0.1577355847090877
24717600	0	1	0.1250411905190745
24721200	0	1	0.09669738440898817
24724800	0	1	0.07066519374251208
24728400	0	1	0.04680639459257564
24732000	0	1	0.02454597779549886
24735600	0	1	0.0025336145692247615
24739200	1	1	0.00017911780893907714
24742800	1	1	0.9992220394471084
24746400	1	1	0.750175103488245
24750000	1	1	0.9990907214944764
24753600	1	1	0.9995603792390432
24757200	1	1	0.9997324177083355
24760800	1	1	0.9998911821758627
24764400	1	1	0.9998158037596965
24768000	1	1	0.7508227506395538
24771600	1	1	0.5014451480773948
24775200	1	1	0.25190105378012034
24778800	1	1	0.0008796151977408582
24782400	0	0	0.0005978188493242793
24786000	0	0	0.0003012728342321752
24789600	0	0	0.0001448706307534963
24793200	0	1	0.4857360276331872
24796800	0	1	0.43621339083360633
24800400	0	1	0.3947589189450318
24804000	0	1	0.3599245762988771
24807600	0	1	0.33126516192486927
24811200	0	1	0.30687247716304483
24814800	0	1	0.2853214867927148
24818400	0	1	0.26656460995463566
24822000	0	1	0.2501286906762075
24825600	1	1	0.0002466552040974684
24829200	1	1	0.9992434350245784
24832800	1	1	0.7502497098236114
24836400	1	1	0.999088683958636
24840000	1	1	0.9995656829262556
24843600	1	1	0.9997359749071753
24847200	1	1	0.9999009569649665
24850800	1	1	0.9997632133200282
24854400	1	1	0.7509025745710921
24858000	1	1	0.5017213021231225
24861600	1	1	0.25234497943964546
24865200	1	1	0.001329605265676275
24868800	0	0	0.0009256500009605034
24872400	0	0	0.0004944089759543263
24876000	0	0	0.00016913120230212724
24879600	0	1	0.2206620246249742
24883200	0	1	0.18031044064316104
24886800	0	1	0.14407893950212072
24890400	0	1	0.11211698611201842
24894000	0	1	0.09297011503200302
24897600	0	1	0.06963435467124218
24901200	0	1	0.04576980500209372
24904800	0	1	0.023411474309046186
24908400	0	1	0.0013381433951617173
24912000	1	1	0.00018048666659264666
24915600	1	1	0.9992937043187848
24919200	1	1	0.7505775836072474
24922800	1	1	0.9989850890218586
24926400	1	1	0.999570255744228
24930000	1	1	0.9997345942786594
24933600	1	1	0.9999017213075537
24937200	1	1	0.9996534548432325
24940800	1	1	0.750823296105556
24944400	1	1	0.5016684645925829
24948000	1	1	0.2523129315931337
24951600	1	1	0.0012970569682625864
24955200	0	0	0.0008990544006607337
24958800	0	0	0.00047549356093393576
24962400	0	0	0.00016938772570691167
24966000	0	1	0.21275014990694807
24969600	0	1	0.17297120307710132
24973200	0	1	0.1374076777022278
24976800	0	1	0.10585024968048912
24980400	0	1	0.09047407882006563
24984000	0	1	0.06897903218628677
24987600	0	1	0.04526149063599781
24991200	0	1	0.02299600111419494
24994800	0	1	0.0008609496726743077
24998400	1	1	0.00017660304611509138
25002000	1	1	0.9992385027569254
25005600	1	1	0.7502649505298777
25009200	1	1	0.9990517973067023
25012800	1	1	0.9995568152200499
25016400	1	1	0.9997341532253751
25020000	1	1	0.9999031911865837
25023600	1	1	0.999730846286593
25027200	1	1	0.7508477793830638
25030800	1	1	0.5016416450195047
25034400	1	1	0.25224456668483636
25038000	1	1	0.0012266962456227094
25041600	0	0	0.0008531822890820086
25045200	0	0	0.00045596698979734037
25048800	0	0	0.00015993949005494237
25052400	0	1	0.23526047899698235
25056000	0	1	0.1928278882518624
25059600	0	1	0.15632655378980037
25063200	0	1	0.12361634917922715
25066800	0	1	0.09570566058514635
25070400	0	1	0.0704839091457573
25074000	0	1	0.04643140342459667
25077600	0	1	0.024302597089541012
25081200	0	1	0.0021571864892738074
25084800	1	1	0.00018075768568356562
25088400	1	1	0.9992784512157579
25092000	1	1	0.7504087850206108
25095600	1	1	0.9990380706118975
25099200	1	1	0.999556106368613
25102800	1	1	0.9997361440571059
25106400	1	1	0.9999007160999523
25110000	1	1	0.9997149355341286
25113600	1	1	0.7508519776789309
25117200	1	1	0.501670782935172
25120800	1	1	0.2522940863990847
25124400	1	1	0.0012769076819452397
25128000	0	0	0.0008902273562084947
25131600	0	0	0.00047461224858061905
25135200	0	0	0.00016332113405344517
25138800	0	1	0.23587474792135665
25142400	0	1	0.19372264811330966
25146000	0	1	0.15697716220558103
25149600	0	1	0.12421481002914773
25153200	0	1	0.09617173674934552
25156800	0	1	0.07090000692589368
25160400	0	1	0.04697281336736998
25164000	0	1	0.024630626677774308
25167600	0	1	0.002517661971990242
25171200	1	1	0.0001823421330289736
25174800	1	1	0.9992850671595961
25178400	1	1	0.750466116601758
25182000	1	1	0.9990219989380599
25185600	1	1	0.9995520290873356
25189200	1	1	0.9997355629739424
25192800	1	1	0.9998969015058997
25196400	1	1	0.9997026044031614
25200000	1	1	0.7508438471483115
25203600	1	1	0.5016689220339403
25207200	1	1	0.2522975395596717
25210800	1	1	0.0012807772490383983
25214400	0	0	0.0008911414539443937
25218000	0	0	0.0004750722698502842
25221600	0	0	0.000164578355862831
25225200	0	1	0.22818429412883773
25228800	0	1	0.18698614487912718
25232400	0	1	0.15014954166765357
25236000	0	1	0.11776435001808475
25239600	0	1	0.09376197532964654
25243200	0	1	0.07013596035192877
25246800	0	1	0.04620056782650093
25250400	0	1	0.023790329753413456
25254000	0	1	0.0016453346341218607
25257600	1	1	0.00018051692566785845
25261200	1	1	0.9992937069743132
25264800	1	1	0.750495766308913
25268400	1	1	0.9990039940339174
25272000	1	1	0.9995603945157494
25275600	1	1	0.999736573397651
25279200	1	1	0.9998974915141132
25282800	1	1	0.9997169736218412
25286400	1	1	0.7508167439839138
25290000	1	1	0.5015804513071483
25293600	1	1	0.25215718846623664
25297200	1	1	0.0011383633627962456
25300800	0	0	0.0007868692305850073
25304400	0	0	0.00041221087062291197
25308000	0	0	0.00015635843258237495
25311600	0	1	0.23401526710874201
25315200	0	1	0.19146844739258195
25318800	0	1	0.15448927507052196
25322400	0	1	0.1223117793171705
25326000	0	1	0.09533170891880144
25329600	0	1	0.0705242082352923
25333200	0	1	0.046630030689619156
25336800	0	1	0.024310658479149438
25340400	0	1	0.002504544599765706
25344000	1	1	0.00017920035202540762
25347600	1	1	0.9992309921230104
25351200	1	1	0.7502131505338222
25354800	1	1	0.9990763340461616
25358400	1	1	0.9995625245669415
25362000	1	1	0.9997332392075219
25365600	1	1	0.9998979730582653
25369200	1	1	0.9997783649416091
25372800	1	1	0.7508171307367452
25376400	1	1	0.5014870237103566
25380000	1	1	0.2519830043112425
25383600	1	1	0.0009624590815132477
25387200	0	0	0.0006574547793430446
25390800	0	0	0.00033585149879710694
25394400	0	0	0.00014847873752081112
25398000	0	1	0.48314583673103717
25401600	0	1	0.4342770310522337
25405200	0	1	0.3932515429752058
25408800	0	1	0.35856459840414107
25412400	0	1	0.3305393237489351
25416000	0	1	0.30667997459801444
25419600	0	1	0.2848532988261246
25423200	0	1	0.26599260678826986
25426800	0	1	0.24941912923262663
25430400	1	1	0.0002190181124664546
25434000	1	1	0.9992542908240095
25437600	1	1	0.7502911497210188
25441200	1	1	0.9990741815616312
25444800	1	1	0.9995628019964256
25448400	1	1	0.9997372858412573
25452000	1	1	0.9999041026601541
25455600	1	1	0.9997178050601752
25459200	1	1	0.7507867040755853
25462800	1	1	0.5015401379739067
25466400	1	1	0.25210899116451924
25470000	1	1	0.0010895351948205644
25473600	0	0	0.0007460900227948208
25477200	0	0	0.0003845871334900067
25480800	0	0	0.0001571189646117971
25484400	0	1	0.478018011895229
25488000	0	1	0.4293084958196269
25491600	0	1	0.3889459509625945
25495200	0	1	0.3545574109587611
25498800	0	1	0.32683365735018965
25502400	0	1	0.3044926291382031
25506000	0	1	0.28268443517099767
25509600	0	1	0.26389387119646807
25513200	0	1	0.2473814120498246
25516800	1	1	0.00020292151209303722
25520400	1	1	0.9994366527448981
25524000	1	1	0.7515020989303732
25527600	1	1	0.9990562980252639
25531200	1	1	0.9995527965835042
25534800	1	1	0.9997320278763345
25538400	1	1	0.9998959473588382
25542000	1	1	0.9996823648498221
25545600	1	1	0.7507681531599782
25549200	1	1	0.5015346648508429
25552800	1	1	0.25211412560364593
25556400	1	1	0.0010951923916864277
25560000	0	0	0.00075106044654535
25563600	0	0	0.000386547810384669
25567200	0	0	0.0001579360393412405
25570800	0	1	0.25440038855945346
25574400	0	1	0.21046394088454243
25578000	0	1	0.17227145229959992
25581600	0	1	0.13894455183040835
25585200	0	1	0.11101870435276372
25588800	0	1	0.08673352426678498
25592400	0	1	0.06349816531686045
25596000	0	1	0.042241749357042405
25599600	0	1	0.022527162154134778
25603200	1	1	0.00018710119063480719
25606800	1	1	0.999275096373378
25610400	1	1	0.7504223206979711
25614000	1	1	0.9991065601695656
25617600	1	1	0.999568082537632
25621200	1	1	0.9997373290715128
25624800	1	1	0.9999018329389936
25628400	1	1	0.999702441938732
25632000	1	1	0.750769033764368
25635600	1	1	0.5015120074036493
25639200	1	1	0.25207172513635595
25642800	1	1	0.0010520601180893268
25646400	0	0	0.0007223107573233615
25650000	0	0	0.0003745229540915704
25653600	0	0	0.00015265788161000126
25657200	0	1	0.47961387634073377
25660800	0	1	0.4304828673774798
25664400	0	1	0.3897046303826369
25668000	0	1	0.35531477033258363
25671600	0	1	0.32736798352394814
25675200	0	1	0.3039646968000309
25678800	0	1	0.2824617741096516
25682400	0	1	0.2636689674845974
25686000	0	1	0.24714842737604958
25689600	1	1	0.00019896961208737618
25693200	1	1	0.9992659851663556
25696800	1	1	0.7507225014355645
25700400	1	1	0.9990060903998951
25704000	1	1	0.999539367229813
25707600	1	1	0.9997473408069895
25711200	1	1	0.9999014965622838
25714800	1	1	0.9997134263615222
25718400	1	1	0.7507950501136054
25722000	1	1	0.5015781053727432
25725600	1	1	0.25217304358496667
25729200	1	1	0.0011543034588549885
25732800	0	0	0.0007939404247359076
25736400	0	0	0.00041289371574023304
25740000	0	0	0.00016058232972480458
25743600	0	1	0.23961908489777511
25747200	0	1	0.19695557371314598
25750800	0	1	0.15953679682761668
25754400	0	1	0.12703948833970224
25758000	0	1	0.09865125031370726
25761600	0	1	0.07387511303468376
25765200	0	1	0.05003114420663705
25768800	0	1	0.027977655499924897
25772400	0	1	0.006591445417045474
25776000	1	1	0.00018589124033051998
25779600	1	1	0.9992762162626457
25783200	1	1	0.7504145718099295
25786800	1	1	0.99901830773552
25790400	1	1	0.9995522840367768
25794000	1	1	0.9997348756199662
25797600	1	1	0.9999011716206369
25801200	1	1	0.9997015696340749
25804800	1	1	0.7508583350296761
25808400	1	1	0.5016804495205124
25812000	1	1	0.25230469413698575
25815600	1	1	0.001289255472098891
25819200	0	0	0.0008953891524750762
25822800	0	0	0.00047630492296110873
25826400	0	0	0.00016821031887831497
25830000	0	1	0.18392811739042308
25833600	0	1	0.1480278993528639
25837200	0	1	0.1160241522578184
25840800	0	1	0.08696452845834637
25844400	0	1	0.07878339417565591
25848000	0	1	0.06757438503596344
25851600	0	1	0.04482676547434998
25855200	0	1	0.023324146079191945
25858800	0	1	0.0018620239662271252
25862400	1	1	0.0001816099550935008
25866000	1	1	0.9992828724183997
25869600	1	1	0.750532807163173
25873200	1	1	0.9989931101067788
25876800	1	1	0.9995338980089302
25880400	1	1	0.9997353313449621
25884000	1	1	0.9998979618162769
25887600	1	1	0.9997017896013426
25891200	1	1	0.7508354785394667
25894800	1	1	0.501640342418511
25898400	1	1	0.25225185240015713
25902000	1	1	0.0012350104436985425
25905600	0	0	0.0008538959625608038
25909200	0	0	0.00044922671143639287
25912800	0	0	0.00016501999926557897
25916400	0	1	0.23205089536742426
25920000	0	1	0.19000784030157725
25923600	0	1	0.1533500887555647
25927200	0	1	0.12101552193879825
25930800	0	1	0.09427824638722142
25934400	0	1	0.0699063844265575
25938000	0	1	0.04592378360031164
25941600	0	1	0.02364372280765563
25945200	0	1	0.0013270099516443634
25948800	1	1	0.00017900089697460208
25952400	1	1	0.9992705732679297
25956000	1	1	0.750393414231866
25959600	1	1	0.9990273116839057
25963200	1	1	0.9995526417538327
25966800	1	1	0.9997372104554935
25970400	1	1	0.9998997458794775
25974000	1	1	0.9997411081798581
25977600	1	1	0.7508204077235382
25981200	1	1	0.5015407986892656
25984800	1	1	0.25208063556979876
25988400	1	1	0.0010618284294949942
25992000	0	0	0.0007259694850999388
25995600	0	0	0.0003691116293498085
25999200	0	0	0.00015818566727032236
26002800	0	1	0.25503014867564844
26006400	0	1	0.2107170412178247
26010000	0	1	0.17277573112592104
26013600	0	1	0.13937872675968718
26017200	0	1	0.11069951778622177
26020800	0	1	0.08523066894860659
26024400	0	1	0.061829847319825305
26028000	0	1	0.04047476796109411
26031600	0	1	0.020540890770848252
26035200	1	1	0.00018618983039591237
26038800	1	1	0.9992762210210828
26042400	1	1	0.750353303448293
26046000	1	1	0.9990614487546224
26049600	1	1	0.9995576833128025
26053200	1	1	0.9997385225593561
26056800	1	1	0.9999051459566588
26060400	1	1	0.9997056601285755
26064000	1	1	0.7508196681587722
26067600	1	1	0.5016225828146267
26071200	1	1	0.25223291490506866
26074800	1	1	0.0012155045927720015
26078400	0	0	0.0008405038221164662
26082000	0	0	0.000442137844170696
26085600	0	0	0.0001629944967744873
26089200	0	1	0.2348424962143286
26092800	0	1	0.19240422116439934
26096400	0	1	0.15537236082888795
26100000	0	1	0.1227104395967651
26103600	0	1	0.09504184849587566
26107200	0	1	0.07038739956544511
26110800	0	1	0.046788058138514575
26114400	0	1	0.024486475526306097
26118000	0	1	0.0024888067367536087
26121600	1	1	0.00018300402392100996
26125200	1	1	0.9992659898588908
26128800	1	1	0.7504304328220842
26132400	1	1	0.9990121747413034
26136000	1	1	0.9995566562059002
26139600	1	1	0.9997385643211018
26143200	1	1	0.9999047197790464
26146800	1	1	0.9996545461308831
26150400	1	1	0.7508308742361224
26154000	1	1	0.5016762842162593
26157600	1	1	0.25232132119920936
26161200	1	1	0.001306163729757134
26164800	0	0	0.0009050114726794728
26168400	0	0	0.00047605446083843193
26172000	0	0	0.00017072337925630132
26175600	0	1	0.23260612892218321
26179200	0	1	0.19088994838768292
26182800	0	1	0.15423506747877205
26186400	0	1	0.12176501220854173
26190000	0	1	0.09494450585310782
26193600	0	1	0.07024356097871066
26197200	0	1	0.04625079380012304
26200800	0	1	0.02393362027914223
26204400	0	1	0.001543494583202331
26208000	1	1	0.00017959477880543457
26211600	1	1	0.9992784470799462
26215200	1	1	0.7504813355334115
26218800	1	1	0.9989931615951605
26222400	1	1	0.9995613350374644
26226000	1	1	0.9997386223267274
26229600	1	1	0.9999049821502809
26233200	1	1	0.999604149691106
26236800	1	1	0.7507543780332762
26240400	1	1	0.5015967489107865
26244000	1	1	0.25223912998705045
26247600	1	1	0.0012208441775122796
26251200	0	0	0.0008482650515876392
26254800	0	0	0.0004494342258597788
26258400	0	0	0.00015912823407600708
26262000	0	1	0.3453882657295648
26265600	0	1	0.29853689733258276
26269200	0	1	0.25876322337007646
26272800	0	1	0.2246124903143292
26276400	0	1	0.1962211253158207
26280000	0	1	0.1710790220828138
26283600	0	1	0.1485136655235714
26287200	0	1	0.12875127628030156
26290800	0	1	0.11128583139202586
26294400	1	1	0.00019281797982166596
26298000	1	1	0.999308326594627
26301600	1	1	0.7507686515232457
26305200	1	1	0.9990277146573276
26308800	1	1	0.9995685105338534
26312400	1	1	0.9997550973466061
26316000	1	1	0.9998991263784268
26319600	1	1	0.9995448667263399
26323200	1	1	0.7507602782008412
26326800	1	1	0.5016501453677792
26330400	1	1	0.25233181981486696
26334000	1	1	0.0013157444988813485
26337600	0	0	0.0009216670997260096
26341200	0	0	0.0004984485844915157
26344800	0	0	0.00016372666225821945
26348400	0	1	0.2104027475925003
26352000	0	1	0.17100238856108044
26355600	0	1	0.13536456002084524
26359200	0	1	0.10394129482056175
26362800	0	1	0.09095343670827341
26366400	0	1	0.06967005438042005
26370000	0	1	0.04627645488195147
26373600	0	1	0.0241717129690159
26377200	0	1	0.002115477903367032
26380800	1	1	0.0001809139009654619
26384400	1	1	0.9992659883367443
26388000	1	1	0.7504746491930864
26391600	1	1	0.9991186358977455
26395200	1	1	0.9995755767895333
26398800	1	1	0.9997456785227933
26402400	1	1	0.9999054010785479
26406000	1	1	0.9995167544680146
26409600	1	1	0.750696796908069
26413200	1	1	0.5015762823353854
26416800	1	1	0.25224996269535416
26420400	1	1	0.001232525890998929
26424000	0	0	0.0008517321892666466
26427600	0	0	0.000447548352169602
26431200	0	0	0.00016623020786982662
26434800	0	1	0.1600502088620534
26438400	0	1	0.13143854952438386
26442000	0	1	0.1053275072511316
26445600	0	1	0.08127467928542438
26449200	0	1	0.07789454903890536
26452800	0	1	0.06079434859832687
26456400	0	1	0.04122271543293552
26460000	0	1	0.02251370824851813
26463600	0	1	0.0037317552410364423
26467200	1	1	0.00018386583094271344
26470800	1	1	0.9992739663122919
26474400	1	1	0.7504139034394364
26478000	1	1	0.9989808080727102
26481600	1	1	0.9995585104142912
26485200	1	1	0.9997418967758028
26488800	1	1	0.9999073705836138
26492400	1	1	0.999530755857823
26496000	1	1	0.7507031664871814
26499600	1	1	0.501554014020595
26503200	1	1	0.25220439121533966
26506800	1	1	0.001186811834066214
26510400	0	0	0.0008176305918178796
26514000	0	0	0.0004232377168691543
26517600	0	0	0.00016371912275620103
26521200	0	1	0.23646486970029207
26524800	0	1	0.19417257525515447
26528400	0	1	0.15728156835239904
26532000	0	1	0.12454992648100215
26535600	0	1	0.09649929732824555
26539200	0	1	0.07123656605574526
26542800	0	1	0.04726613306004602
26546400	0	1	0.025249741170108326
26550000	0	1	0.003334923084457387
26553600	1	1	0.0001821027592256853
26557200	1	1	0.9992601853284566
26560800	1	1	0.7503436417496097
26564400	1	1	0.9990318233366312
26568000	1	1	0.9995484166517207
26571600	1	1	0.9997387470508877
26575200	1	1	0.9999005829116745
26578800	1	1	0.9997072687830406
26582400	1	1	0.7508144098298604
26586000	1	1	0.5016002056917894
26589600	1	1	0.25219547320355246
26593200	1	1	0.0011778434559362634
26596800	0	0	0.0008116548986691531
26600400	0	0	0.0004229848132077943
26604000	0	0	0.00016241675732160432
26607600	0	1	0.22477424398999168
26611200	0	1	0.18375297520366135
26614800	0	1	0.14703080353234826
26618400	0	1	0.11488278069870379
26622000	0	1	0.08946999337713152
26625600	0	1	0.06977088888184985
26629200	0	1	0.045912385331213515
26632800	0	1	0.023690667435962175
26636400	0	1	0.0013307220505631185
26640000	1	1	0.00017730880861586444
26643600	1	1	0.9992566644214425
26647200	1	1	0.7502679846283761
26650800	1	1	0.9990716492204964
26654400	1	1	0.9995586473293064
26658000	1	1	0.9997346253359581
26661600	1	1	0.9998957095022092
26665200	1	1	0.9997895521910345
26668800	1	1	0.7508545717849606
26672400	1	1	0.501576673963247
26676000	1	1	0.2521180667596206
26679600	1	1	0.0010993918668148073
26683200	0	0	0.0007572415632567448
26686800	0	0	0.0003951138984315506
26690400	0	0	0.00015550558299471504
26694000	0	1	0.23970512477677552
26697600	0	1	0.19680972118605985
26701200	0	1	0.1592565060479996
26704800	0	1	0.12641385746704129
26708400	0	1	0.10413624197560904
26712000	0	1	0.07972742389989503
26715600	0	1	0.05604509247805173
26719200	0	1	0.034392034927858195
26722800	0	1	0.013893169652051717
26726400	1	1	0.00018616108215096822
26730000	1	1	0.9992784532208554
26733600	1	1	0.7503737795973837
26737200	1	1	0.9990369096875484
26740800	1	1	0.9995562692255613
26744400	1	1	0.9997368822423365
26748000	1	1	0.9999066875193848
26751600	1	1	0.9996788180565547
26755200	1	1	0.7508289688375938
26758800	1	1	0.5016610870139303
26762400	1	1	0.25229679577518116
26766000	1	1	0.001280634211011915
26769600	0	0	0.0008880443913625171
26773200	0	0	0.0004688262588405049
26776800	0	0	0.00016711992283067876
26780400	0	1	0.2288004081778842
26784000	0	1	0.1876414852034296
26787600	0	1	0.15068669413890953
26791200	0	1	0.11836956369905506
26794800	0	1	0.09365632198281927
26798400	0	1	0.06982041939208616
26802000	0	1	0.046031064899527
26805600	0	1	0.023990515524426596
26809200	0	1	0.0016950383272283235
26812800	1	1	0.00018118315143574466
26816400	1	1	0.9992968925294633
26820000	1	1	0.7504994024827177
26823600	1	1	0.9989961639591505
26827200	1	1	0.9995519884901513
26830800	1	1	0.9997375847003408
26834400	1	1	0.9999039338828162
26838000	1	1	0.9996405422485398
26841600	1	1	0.7507798046241679
26845200	1	1	0.5015989206989696
26848800	1	1	0.2522232525128592
26852400	1	1	0.001205319431274769
26856000	0	0	0.0008399814883158517
26859600	0	0	0.000450247621531587
26863200	0	0	0.0001569002715708579
26866800	0	1	0.22204849229384907
26870400	0	1	0.181071995693468
26874000	0	1	0.144950213682509
26877600	0	1	0.11289425967577016
26881200	0	1	0.0963050020090822
26884800	0	1	0.07268977793336465
26888400	0	1	0.04893821775652295
26892000	0	1	0.026933034218870753
26895600	0	1	0.005360448297310621
26899200	1	1	0.00018434584576900077
26902800	1	1	0.9992384961910623
26906400	1	1	0.7503661607013667
26910000	1	1	0.9990073126038216
26913600	1	1	0.9995554063069485
26917200	1	1	0.9997370018286811
26920800	1	1	0.9999014788531416
26924400	1	1	0.9996918820787123
26928000	1	1	0.7508070418347585
26931600	1	1	0.5016035314649813
26935200	1	1	0.25220711256966294
26938800	1	1	0.0011890815624829361
26942400	0	0	0.0008215901539544925
26946000	0	0	0.0004310616137708043
26949600	0	0	0.00016066169809568525
26953200	0	1	0.47228234367413074
26956800	0	1	0.4242424868653945
26960400	0	1	0.3842451105182267
26964000	0	1	0.35027478646919286
26967600	0	1	0.3281783863050313
26971200	0	1	0.3062018056490563
26974800	0	1	0.28449361665187406
26978400	0	1	0.2656040662724759
26982000	0	1	0.24896528262012008
26985600	1	1	0.00021275874435067548
26989200	1	1	0.9992530720335564
26992800	1	1	0.7510925039336936
26996400	1	1	0.9989445851327096
27000000	1	1	0.9996087081958196
27003600	1	1	0.9997667167056234
27007200	1	1	0.9998914183287697
27010800	1	1	0.9995232502380748
27014400	1	1	0.7507044442609053
27018000	1	1	0.5015706316372037
27021600	1	1	0.2522324046270339
27025200	1	1	0.0012148297742283272
27028800	0	0	0.0008422011488669497
27032400	0	0	0.00044612606335463727
27036000	0	0	0.0001613126673920551
27039600	0	1	0.21680220663916575
27043200	0	1	0.1759364273971328
27046800	0	1	0.1400322969765856
27050400	0	1	0.1087175450435507
27054000	0	1	0.09292906515715925
27057600	0	1	0.07160777942600435
27061200	0	1	0.047971582982896305
27064800	0	1	0.02599448410425259
27068400	0	1	0.004655373902661971
27072000	1	1	0.00018449226111584875
27075600	1	1	0.9993496942743506
27079200	1	1	0.7507569912848989
27082800	1	1	0.9990835154478498
27086400	1	1	0.9995399464116455
27090000	1	1	0.999724308356676
27093600	1	1	0.9999034367717473
27097200	1	1	0.999642393455681
27100800	1	1	0.7507379376811911
27104400	1	1	0.5015373790643244
27108000	1	1	0.2521434616155543
27111600	1	1	0.001124154716392849
27115200	0	0	0.0007717587374444781
27118800	0	0	0.0003983361783015998
27122400	0	0	0.00015908771313829544
27126000	0	1	0.23850695769501248
27129600	0	1	0.1955581144027054
27133200	0	1	0.1581142024456126
27136800	0	1	0.12562500784415698
27140400	0	1	0.09770397761719822
27144000	0	1	0.07263579901882211
27147600	0	1	0.048712476486574105
27151200	0	1	0.02669418115852424
27154800	0	1	0.005372018409590708
27158400	1	1	0.00018252911427126358
27162000	1	1	0.9992915705765392
27165600	1	1	0.7504417636061886
27169200	1	1	0.9990333078038595
27172800	1	1	0.9995635213462947
27176400	1	1	0.9997282251236469
27180000	1	1	0.9999014242729266
27183600	1	1	0.9997339966757509
27187200	1	1	0.7507854888845273
27190800	1	1	0.5015126485261934
27194400	1	1	0.25205712033318417
27198000	1	1	0.0010375441164196244
27201600	0	0	0.0007103095849141113
27205200	0	0	0.0003647347456993864
27208800	0	0	0.0001537681737280933
27212400	0	1	0.47922522837219417
27216000	0	1	0.43032013885276765
27219600	0	1	0.3891462333625373
27223200	0	1	0.3545343633502626
27226800	0	1	0.3257547694703206
27230400	0	1	0.30147770930716755
27234000	0	1	0.27963396557354064
27237600	0	1	0.26102108759787596
27241200	0	1	0.24451543595009007
27244800	1	1	0.00019336120674146482
27248400	1	1	0.9992671459012866
27252000	1	1	0.7503302930255776
27255600	1	1	0.9990582932824472
27259200	1	1	0.99955604528652
27262800	1	1	0.999736132846037
27266400	1	1	0.9999029654423943
27270000	1	1	0.9997255969686903
27273600	1	1	0.7507981953142729
27277200	1	1	0.5015980773450608
27280800	1	1	0.2522060985808319
27284400	1	1	0.0011874188737063386
27288000	0	0	0.0008213920562753538
27291600	0	0	0.0004339964100481338
27295200	0	0	0.00015936827993550553
27298800	0	1	0.23714258822566903
27302400	0	1	0.19442158307657978
27306000	0	1	0.15769943062410274
27309600	0	1	0.12486305216526232
27313200	0	1	0.09723071387378211
27316800	0	1	0.07275326459682062
27320400	0	1	0.04885795376184762
27324000	0	1	0.02682599327159507
27327600	0	1	0.005501928861070681
27331200	1	1	0.00018453992655844784
27334800	1	1	0.9992806692749941
27338400	1	1	0.7504534015741526
27342000	1	1	0.9990407353962003
27345600	1	1	0.9995512028837381
27349200	1	1	0.9997384467672842
27352800	1	1	0.9999082227737849
27356400	1	1	0.999585060327899
27360000	1	1	0.7507525400773067
27363600	1	1	0.5015997684733359
27367200	1	1	0.25224601485406384
27370800	1	1	0.0012284762406594319
27374400	0	0	0.0008510486600637338
27378000	0	0	0.00044892869435793527
27381600	0	0	0.00016274302718358464
27385200	0	1	0.23724553000093734
27388800	0	1	0.19474014174466273
27392400	0	1	0.1576632664604128
27396000	0	1	0.1250141906612992
27399600	0	1	0.09739609774678283
27403200	0	1	0.07220196457650836
27406800	0	1	0.04828576200880833
27410400	0	1	0.026374578548446777
27414000	0	1	0.004676751202904586
27417600	1	1	0.00018150875570222441
27421200	1	1	0.9993568510089743
27424800	1	1	0.7505928158994212
27428400	1	1	0.9988643551446377
27432000	1	1	0.9995691108598413
27435600	1	1	0.9997393449776374
27439200	1	1	0.9999042633476424
27442800	1	1	0.9996069794159259
27446400	1	1	0.7507844164503765
27450000	1	1	0.5016514149957566
27453600	1	1	0.25231437946923385
27457200	1	1	0.0012986846155766658
27460800	0	0	0.0008986447418145628
27464400	0	0	0.00047321387606595887
27468000	0	0	0.00017041830678571901
27471600	0	1	0.23201869402706732
27475200	0	1	0.19007979662521335
27478800	0	1	0.15346858208008998
27482400	0	1	0.12153641718305358
27486000	0	1	0.09472590727049944
27489600	0	1	0.07020100737363315
27493200	0	1	0.04638425136140799
27496800	0	1	0.02401272487926858
27500400	0	1	0.001728366198735678
27504000	1	1	0.00017753619738799427
27507600	1	1	0.9993154192323845
27511200	1	1	0.750613353640272
27514800	1	1	0.9989451376851265
27518400	1	1	0.9995496796811987
27522000	1	1	0.9997471244591514
27525600	1	1	0.9999102029357566
27529200	1	1	0.9994628265125707
27532800	1	1	0.7506945899483171
27536400	1	1	0.5016231729547252
27540000	1	1	0.25233660006988945
27543600	1	1	0.0013212194731275042
27547200	0	0	0.0009157036593011316
27550800	0	0	0.00048155060267659127
27554400	0	0	0.00017076139473409322
27558000	0	1	0.35482849654954945
27561600	0	1	0.30819216683485834
27565200	0	1	0.2683474051257026
27568800	0	1	0.23436539337175824
27572400	0	1	0.20766511486435663
27576000	0	1	0.184057874561966
27579600	0	1	0.16191692402193847
27583200	0	1	0.1423900755833288
27586800	0	1	0.12510489198781774
27590400	1	1	0.0001980677767485622
27594000	1	1	0.9993193979117713
27597600	1	1	0.7509453220035408
27601200	1	1	0.9992690390338971
27604800	1	1	0.9996236143957284
27608400	1	1	0.9997650956332286
27612000	1	1	0.9998828999967838
27615600	1	1	0.9993483292304967
27619200	1	1	0.7505973550195187
27622800	1	1	0.501525627498901
27626400	1	1	0.25223873106546424
27630000	1	1	0.0012210617704800962
27633600	0	0	0.0008438126270251434
27637200	0	0	0.00044210506887344935
27640800	0	0	0.0001628965143259265
27644400	0	1	0.4784100380956567
27648000	0	1	0.4300750968139657
27651600	0	1	0.38910596448025797
27655200	0	1	0.3547839155187565
27658800	0	1	0.32704002032505664
27662400	0	1	0.30363825996140964
27666000	0	1	0.28184155078146544
27669600	0	1	0.2631422478442797
27673200	0	1	0.2464698765891394
27676800	1	1	0.0002039185238785667
27680400	1	1	0.9991451977039298
27684000	1	1	0.7511156484275165
27687600	1	1	0.9990090431565617
27691200	1	1	0.9995494764923896
27694800	1	1	0.9997494507997073
27698400	1	1	0.9998991287820901
27702000	1	1	0.9995298981984208
27705600	1	1	0.7507041565823522
27709200	1	1	0.5015616093655755
27712800	1	1	0.2522159011875768
27716400	1	1	0.0011971164107102152
27720000	0	0	0.0008330940422619578
27723600	0	0	0.00044590814592674206
27727200	0	0	0.0001665187700670508
27730800	0	1	0.08216403496215624
27734400	0	1	0.07209302658069518
27738000	0	1	0.06230942025894151
27741600	0	1	0.05336656943912263
27745200	0	1	0.05423289654688967
27748800	0	1	0.05383720116375968
27752400	0	1	0.0451149731451995
27756000	0	1	0.03637042041228591
27759600	0	1	0.02757443855270266
27763200	1	1	0.0001840481442019564
27766800	1	1	0.9992542826247632
27770400	1	1	0.7504198883360237
27774000	1	1	0.9991551216108454
27777600	1	1	0.999575830794797
27781200	1	1	0.9997524492184203
27784800	1	1	0.9998987933966096
27788400	1	1	0.9995810148473323
27792000	1	1	0.7506880707266669
27795600	1	1	0.5014931257451767
27799200	1	1	0.25210478089390975
27802800	1	1	0.0010845160194446677
27806400	0	0	0.000743744651054359
27810000	0	0	0.00038486466444962765
27813600	0	0	0.00015529993084728653
27817200	0	1	0.46619532308648576
27820800	0	1	0.4183059319621905
27824400	0	1	0.37797749073583475
27828000	0	1	0.34409303307717826
27831600	0	1	0.3256026283558181
27835200	0	1	0.3052933389226594
27838800	0	1	0.28381631170768723
27842400	0	1	0.26507984668354556
27846000	0	1	0.24868655513159765
27849600	1	1	0.00021033160612966527
27853200	1	1	0.9992384944388768
27856800	1	1	0.7503987173086577
27860400	1	1	0.9990462728164917
27864000	1	1	0.999583200738535
27867600	1	1	0.9997390572121152
27871200	1	1	0.9998953828677787
27874800	1	1	0.9996951457027115
27878400	1	1	0.7507704456194109
27882000	1	1	0.5015283877907976
27885600	1	1	0.2520996306603396
27889200	1	1	0.0010800915513083723
27892800	0	0	0.0007429936829986333
27896400	0	0	0.0003836425025363675
27900000	0	0	0.00015437009808922793
27903600	0	1	0.4812248434707064
27907200	0	1	0.43259356950753214
27910800	0	1	0.3920770597198667
27914400	0	1	0.3574044969214454
27918000	0	1	0.3299195896233039
27921600	0	1	0.30565543311669313
27925200	0	1	0.2838711716259352
27928800	0	1	0.26489149904056536
27932400	0	1	0.2484220633659478
27936000	1	1	0.00020910618635799636
27939600	1	1	0.9992762131688651
27943200	1	1	0.7505146374520192
27946800	1	1	0.9990432176013797
27950400	1	1	0.9995539212554531
27954000	1	1	0.9997421307118975
27957600	1	1	0.9999070983788626
27961200	1	1	0.9995542064435075
27964800	1	1	0.7507465456445741
27968400	1	1	0.50160350303824
27972000	1	1	0.2522588380429834
27975600	1	1	0.0012422435031505497
27979200	0	0	0.0008620782864274998
27982800	0	0	0.00045606833045326123
27986400	0	0	0.00016399805477054278
27990000	0	1	0.20084866776841
27993600	0	1	0.16303231000216303
27997200	0	1	0.1288937982068397
28000800	0	1	0.09839177022709786
28004400	0	1	0.08910435724265532
28008000	0	1	0.06924504855469
28011600	0	1	0.04596750139174176
28015200	0	1	0.024329875946898567
28018800	0	1	0.0028387925148900296
28022400	1	1	0.0001827204367399455
28026000	1	1	0.9992717051422003
28029600	1	1	0.7504187712655291
28033200	1	1	0.9989836375996913
28036800	1	1	0.9995590536885032
28040400	1	1	0.9997414834605108
28044000	1	1	0.9999074049008846
28047600	1	1	0.9995640360008912
28051200	1	1	0.7507008305922739
28054800	1	1	0.5015240611230136
28058400	1	1	0.2521489744468975
28062000	1	1	0.0011294291866515097
28065600	0	0	0.0007822514549840401
28069200	0	0	0.0004133939291684152
28072800	0	0	0.00015310244269817913
28076400	0	1	0.472061660014404
28080000	0	1	0.42348924012536615
28083600	0	1	0.3825459974204536
28087200	0	1	0.3487072215597126
28090800	0	1	0.32272225579815395
28094400	0	1	0.2990364088354678
28098000	0	1	0.2774596323255629
28101600	0	1	0.2586196957092943
28105200	0	1	0.2420993313789157
28108800	1	1	0.00019343737161319394
28112400	1	1	0.9993243222261038
28116000	1	1	0.7506912865086701
28119600	1	1	0.9989914056678052
28123200	1	1	0.9995552598527818
28126800	1	1	0.9997441288637832
28130400	1	1	0.9999080927526215
28134000	1	1	0.9995518290719178
28137600	1	1	0.7506952812889507
28141200	1	1	0.501534076793371
28144800	1	1	0.2521729515167242
28148400	1	1	0.0011539235818784446
28152000	0	0	0.0007959768285635967
28155600	0	0	0.0004167551517224841
28159200	0	0	0.00015828613784219528
28162800	0	1	0.243036291836355
28166400	0	1	0.1999632557417039
28170000	0	1	0.1627038958686808
28173600	0	1	0.12968461512777787
28177200	0	1	0.1016140955874942
28180800	0	1	0.0760510926763159
28184400	0	1	0.05244874857136482
28188000	0	1	0.030564723267815144
28191600	0	1	0.009687040011993149
28195200	1	1	0.00018564645400993173
28198800	1	1	0.9992861611580188
28202400	1	1	0.7504205357753823
28206000	1	1	0.9990259754013333
28209600	1	1	0.9995547998507393
28213200	1	1	0.9997405210855812
28216800	1	1	0.9999097559783728
28220400	1	1	0.9995629233874295
28224000	1	1	0.7506973359824232
28227600	1	1	0.501537445555924
28231200	1	1	0.25217885952430963
28234800	1	1	0.001159232650951306
28238400	0	0	0.0008006660008439112
28242000	0	0	0.00041976977976627955
28245600	0	0	0.0001577623710601674
28249200	0	1	0.2358246632875785
28252800	0	1	0.1932771657285926
28256400	0	1	0.15627293075021517
28260000	0	1	0.12363447123637217
28263600	0	1	0.09771463434926841
28267200	0	1	0.07594015158029836
28270800	0	1	0.05208510578608888
28274400	0	1	0.030109909822880147
28278000	0	1	0.009204761064507338
28281600	1	1	0.00018546391344607575
28285200	1	1	0.9992872483199802
28288800	1	1	0.7504532565043012
28292400	1	1	0.9989910241551925
28296000	1	1	0.9995533890599994
28299600	1	1	0.9997394190391017
28303200	1	1	0.9999095373512168
28306800	1	1	0.9995791086012695
28310400	1	1	0.7507176744823654
28314000	1	1	0.5015401562103878
28317600	1	1	0.2521653458305728
28321200	1	1	0.0011465883077708572
28324800	0	0	0.0007891473291999955
28328400	0	0	0.0004104442825438891
28332000	0	0	0.0001595827898772516
28335600	0	1	0.24423916605861704
28339200	0	1	0.20116148855533886
28342800	0	1	0.16353105847674113
28346400	0	1	0.1306585697021033
28350000	0	1	0.10208097688399471
28353600	0	1	0.07643873027315348
28357200	0	1	0.0526122386574885
28360800	0	1	0.030800961503103692
28364400	0	1	0.009840916263111536
28368000	1	1	0.00018724276691064472
28371600	1	1	0.9993062816391494
28375200	1	1	0.7505089380834657
28378800	1	1	0.9990086568870632
28382400	1	1	0.9995550350274551
28386000	1	1	0.9997414823049977
28389600	1	1	0.9999104520670653
28393200	1	1	0.9995247912109342
28396800	1	1	0.7506795153241157
28400400	1	1	0.501528232491104
28404000	1	1	0.2521756748616605
28407600	1	1	0.0011565837186510144
28411200	0	0	0.0007984599762382575
28414800	0	0	0.00041962009275196095
28418400	0	0	0.0001579038697633201
28422000	0	1	0.2288662125480244
28425600	0	1	0.18729511261418258
28429200	0	1	0.15038034879173465
28432800	0	1	0.11810579772200883
28436400	0	1	0.10024358868249096
28440000	0	1	0.07534468688498833
28443600	0	1	0.051606443259579034
28447200	0	1	0.029768174493713755
28450800	0	1	0.009057818413420338
28454400	1	1	0.00018719134454964418
28458000	1	1	0.999305251014269
28461600	1	1	0.7504942805506544
28465200	1	1	0.9989930032813596
28468800	1	1	0.9995521549512227
28472400	1	1	0.9997414172565537
28476000	1	1	0.9999060664914844
28479600	1	1	0.999624746525456
28483200	1	1	0.7507764031020848
28486800	1	1	0.5016425670074424
28490400	1	1	0.25230461727884385
28494000	1	1	0.0012880938588603844
28497600	0	0	0.0008954827292562558
28501200	0	0	0.00047983110280215986
28504800	0	0	0.00016519125502889194
28508400	0	1	0.23050466032289393
28512000	0	1	0.18874302536579735
28515600	0	1	0.15201422773032738
28519200	0	1	0.11988592349515638
28522800	0	1	0.09454754490031782
28526400	0	1	0.07036573545894018
28530000	0	1	0.04632122498028701
28533600	0	1	0.023987310477715382
28537200	0	1	0.0018735697290123456
28540800	1	1	0.00017990593978293876
28544400	1	1	0.9992894130554705
28548000	1	1	0.7504965241163247
28551600	1	1	0.9990196871423644
28555200	1	1	0.9995593418366163
28558800	1	1	0.9997447779722601
28562400	1	1	0.9999050821340665
28566000	1	1	0.9995986621632998
28569600	1	1	0.7507854655999224
28573200	1	1	0.5016704839648628
28576800	1	1	0.25234826291261325
28580400	1	1	0.0013326094411313444
28584000	0	0	0.0009263995618845068
28587600	0	0	0.000489791574192814
28591200	0	0	0.0001703214395458515
28594800	0	1	0.2695411617317243
28598400	0	1	0.2304220048224303
28602000	0	1	0.19547760033569186
28605600	0	1	0.16487393826910704
28609200	0	1	0.15767581024420202
28612800	0	1	0.14205112097104403
28616400	0	1	0.12059236462324141
28620000	0	1	0.10162011095287238
28623600	0	1	0.08455999032320664
28627200	1	1	0.00018543610197871094
28630800	1	1	0.9991680282171922
28634400	1	1	0.7505624517241634
28638000	1	1	0.9990965216863124
28641600	1	1	0.9995899200788817
28645200	1	1	0.9997421307569555
28648800	1	1	0.999900744360096
28652400	1	1	0.9993603226884271
28656000	1	1	0.7506319074476863
28659600	1	1	0.501602960278273
28663200	1	1	0.2523506439084519
28666800	1	1	0.0013344604475135076
28670400	0	0	0.0009279473236532788
28674000	0	0	0.0004950060462517854
28677600	0	0	0.00017309837390901318
28681200	0	1	0.11956512214836372
28684800	0	1	0.09994484778236469
28688400	0	1	0.08130646632155948
28692000	0	1	0.06401419513894033
28695600	0	1	0.06220905950047471
28699200	0	1	0.05841291399597197
28702800	0	1	0.043071194949644856
28706400	0	1	0.028324702982210598
28710000	0	1	0.01368224722951715
28713600	1	1	0.00019133925857542095
28717200	1	1	0.9991650553632355
28720800	1	1	0.7505673482200236
28724400	1	1	0.9990382841689961
28728000	1	1	0.9995654804033561
28731600	1	1	0.9997380975414345
28735200	1	1	0.9998957764454511
28738800	1	1	0.999526826124635
28742400	1	1	0.7506952619939652
28746000	1	1	0.5015551298508727
28749600	1	1	0.2522118084628594
28753200	1	1	0.0011929507064220946
28756800	0	0	0.0008283592967998503
28760400	0	0	0.00044177577915173303
28764000	0	0	0.00015844400353952419
28767600	0	1	0.3838274018932866
28771200	0	1	0.35443818293924695
28774800	0	1	0.32815670781108464
28778400	0	1	0.30477574356820125
28782000	0	1	0.302041649746375
28785600	0	1	0.2944907685869066
28789200	0	1	0.2776427729781351
28792800	0	1	0.2627028479786174
28796400	0	1	0.24895862408093336
28800000	1	1	0.00021025872417206138
28803600	1	1	0.9992384846903237
28807200	1	1	0.7506655767673007
28810800	1	1	0.9990045757840592
28814400	1	1	0.9995699494548299
28818000	1	1	0.999758078311427
28821600	1	1	0.99989833036661
28825200	1	1	0.9994777122050725
28828800	1	1	0.750605020830823
28832400	1	1	0.5014197509812242
28836000	1	1	0.2520387173058577
28839600	1	1	0.0010155325346982015
28843200	0	0	0.0007148177025126366
28846800	0	0	0.00039968763256038073
28850400	0	0	0.00017532139684966826
28854000	0	0	0.004082559970288661
28857600	0	0	0.0020917266780014145
28861200	0	0	0.0009300033188783853
28864800	0	1	0.0023436084962518058
28868400	0	1	0.9993861612326023
28872000	0	1	0.9997116395579164
28875600	0	0	0.9989324949551117
28879200	0	0	0.997944245648906
28882800	0	0	0.9969596214776715
28886400	1	1	0.7461384505974484
28890000	1	1	0.4956662681090999
28893600	1	1	0.24871727340536762
28897200	1	1	0.9995313864770603
28900800	1	1	0.9998049795518849
28904400	1	1	0.9998476795130414
28908000	1	1	0.9993318079303212
28911600	1	1	0.8233097112634268
28915200	1	1	0.6839356229496202
28918800	1	1	0.48475924249811353
28922400	1	1	0.25153064083835397
28926000	1	1	0.0005917197850038971
28929600	0	0	0.00045778489972532883
28933200	0	0	0.00031865400569675793
28936800	0	0	0.00024394817781075323
28940400	0	0	0.00042127790328850195
28944000	0	0	0.0005924892730542526
28947600	0	0	0.0006597515937021452
28951200	0	1	0.002043549912880111
28954800	0	1	0.9993950332514964
28958400	0	1	0.9996970464712626
28962000	0	0	0.9987990512695496
28965600	0	0	0.9977286424346355
28969200	0	0	0.9966601802971983
28972800	1	1	0.7458374392782143
28976400	1	1	0.49536707376710065
28980000	1	1	0.24747145758954528
28983600	1	1	0.9995314269245158
28987200	1	1	0.9998010669131225
28990800	1	1	0.9998528596583545
28994400	1	1	0.9995149595849407
28998000	1	1	0.8234946449913404
29001600	1	1	0.6840210604132152
29005200	1	1	0.48481601129650087
29008800	1	1	0.25157500149575907
29012400	1	1	0.0006328289177229684
29016000	0	0	0.0004871170929731887
29019600	0	0	0.00033605107777802265
29023200	0	0	0.0002499221857404147
29026800	0	0	0.00041051871453190577
29030400	0	0	0.000589134622522296
29034000	0	0	0.0007432712366354425
29037600	0	1	0.0021533249752732466
29041200	0	1	0.9993623893025416
29044800	0	1	0.9996542159468027
29048400	0	0	0.9986138422162487
29052000	0	0	0.9974152863540316
29055600	0	0	0.9962210222686199
29059200	1	1	0.7454039988559228
29062800	1	1	0.49492454808138553
29066400	1	1	0.24663338379517755
29070000	1	1	0.9995212801853086
29073600	1	1	0.9997963925061921
29077200	1	1	0.9998373126252399
29080800	1	1	0.9996243073151933
29084400	1	1	0.8237156220418039
29088000	1	1	0.6841215369906597
29091600	1	1	0.48487899981192273
29095200	1	1	0.25162114567838245
29098800	1	1	0.0006748816780725728
29102400	0	0	0.0005142591032511153
29106000	0	0	0.00035362009867320374
29109600	0	0	0.0002723096818979263
29113200	0	0	0.00042523915075948996
29116800	0	0	0.0005775337132059592
29120400	0	0	0.0007176963469052072
29124000	0	1	0.0035233704770757635
29127600	0	1	0.9993214645884752
29131200	0	1	0.9995759122182831
29134800	0	0	0.9983843975031409
29138400	0	0	0.997076126329549
29142000	0	0	0.9957692802809563
29145600	1	1	0.7449508452303555
29149200	1	1	0.49450611045591447
29152800	1	1	0.2470518077145803
29156400	1	1	0.9994790098642486
29160000	1	1	0.9997983473423858
29163600	1	1	0.9998483758387495
29167200	1	1	0.9996564010167374
29170800	1	1	0.8235095651274137
29174400	1	1	0.6840831360130012
29178000	1	1	0.48489767971331266
29181600	1	1	0.25166475633015495
29185200	1	1	0.0007200692044372679
29188800	0	0	0.0005534616660892847
29192400	0	0	0.00038276667549710865
29196000	0	0	0.0002772006626394096
29199600	0	0	0.0004284435658147687
29203200	0	0	0.0005887279947927445
29206800	0	0	0.000739913993368212
29210400	0	1	0.002318111629236891
29214000	0	1	0.9993190843701915
29217600	0	1	0.9996045167643672
29221200	0	0	0.9984399185438013
29224800	0	0	0.997146506371998
29228400	0	0	0.9958596882729474
29232000	1	1	0.7450443641806159
29235600	1	1	0.4946019683136744
29239200	1	1	0.24752570463174814
29242800	1	1	0.999499402297706
29246400	1	1	0.9998008530760683
29250000	1	1	0.9998452296934695
29253600	1	1	0.99950308501538
29257200	1	1	0.8233167631278513
29260800	1	1	0.6839762874523151
29264400	1	1	0.4848184205838933
29268000	1	1	0.25159607219946367
29271600	1	1	0.0006532802988987222
29275200	0	0	0.0005030368909545936
29278800	0	0	0.00035048129676400446
29282400	0	0	0.00026647250117367143
29286000	0	0	0.00041156716757398805
29289600	0	0	0.0005544456808034764
29293200	0	0	0.0007129151684262625
29296800	0	1	0.0022581974095970915
29300400	0	1	0.9993604347207001
29304000	0	1	0.99962812198546
29307600	0	0	0.9985070265804086
29311200	0	0	0.9972668868955874
29314800	0	0	0.9960309329438488
29318400	1	1	0.7452123651267115
29322000	1	1	0.494752828352449
29325600	1	1	0.24709222018959148
29329200	1	1	0.9995189113833202
29332800	1	1	0.999800172149542
29336400	1	1	0.9998488231839013
29340000	1	1	0.9995158197660867
29343600	1	1	0.8234341378383319
29347200	1	1	0.6840075179052985
29350800	1	1	0.4848192014395074
29354400	1	1	0.2515849508451881
29358000	1	1	0.0006434265854424852
29361600	0	0	0.0004955671230048954
29365200	0	0	0.0003442332992476912
29368800	0	0	0.00026875948086679157
29372400	0	0	0.0003809567094331936
29376000	0	0	0.000594045104370085
29379600	0	0	0.00072384873388065
29383200	0	1	0.0022163660994089143
29386800	0	1	0.9993616134930461
29390400	0	1	0.9996176006614381
29394000	0	0	0.9984412830843039
29397600	0	0	0.9971509269849533
29401200	0	0	0.9958706591166934
29404800	1	1	0.7450492712919823
29408400	1	1	0.4945889363857566
29412000	1	1	0.24634716227017703
29415600	1	1	0.9995008399416726
29419200	1	1	0.9997897019285973
29422800	1	1	0.9998426305784974
29426400	1	1	0.9996339599317609
29430000	1	1	0.8236685626185379
29433600	1	1	0.6841055258008022
29437200	1	1	0.484874249059546
29440800	1	1	0.2516246156530016
29444400	1	1	0.0006838096512955899
29448000	0	0	0.000524567258103263
29451600	0	0	0.00036511884292673595
29455200	0	0	0.00028729237007952754
29458800	0	0	0.00044478315544534586
29462400	0	0	0.0005482113629124671
29466000	0	0	0.0006826049116119077
29469600	0	1	0.0025483022238970126
29473200	0	1	0.9994205819763402
29476800	0	0	0.9995007031203414
29480400	0	0	0.9981579526565315
29484000	0	0	0.9967361445793206
29487600	0	0	0.9953227064412863
29491200	1	1	0.744506570174911
29494800	1	1	0.4940530346281804
29498400	1	1	0.2461321927117635
29502000	1	1	0.9995070548894749
29505600	1	1	0.9997899264072818
29509200	1	1	0.9998409463430243
29512800	1	1	0.9996456233549836
29516400	1	1	0.8236819993877158
29520000	1	1	0.6841190137502982
29523600	1	1	0.48489087118877855
29527200	1	1	0.25164144485655643
29530800	1	1	0.0006992093595842254
29534400	0	0	0.0005345860496313773
29538000	0	0	0.00036286763401847434
29541600	0	0	0.0002766564728928379
29545200	0	0	0.0004385761468367589
29548800	0	0	0.0005961993221940159
29552400	0	0	0.0007478294747970908
29556000	0	1	0.0022178009470344724
29559600	0	1	0.9992751263867425
29563200	0	1	0.9994608152160669
29566800	0	0	0.9978367533417436
29570400	0	0	0.9961509456541634
29574000	0	0	0.9944777470304234
29577600	1	1	0.7436566940946435
29581200	1	1	0.4931937747900172
29584800	1	1	0.24485065663530495
29588400	1	1	0.9995053733460733
29592000	1	1	0.999794282025692
29595600	1	1	0.9998415787574954
29599200	1	1	0.9996659354967846
29602800	1	1	0.823776771352213
29606400	1	1	0.6841400843402377
29610000	1	1	0.4848836657862878
29613600	1	1	0.2516214172928498
29617200	1	1	0.0006784388191410938
29620800	0	0	0.0005184554200362482
29624400	0	0	0.0003529356475224394
29628000	0	0	0.00028072978743403726
29631600	0	0	0.0004269719960132103
29635200	0	0	0.0005748388893916486
29638800	0	0	0.0006853692487453848
29642400	0	1	0.0022566201133055836
29646000	0	1	0.9993690696655689
29649600	0	1	0.9995358855532381
29653200	0	0	0.9981646260267453
29656800	0	0	0.9967038781387987
29660400	0	0	0.995245880739339
29664000	1	1	0.7444200481461646
29667600	1	1	0.4939358403017062
29671200	1	1	0.24552885382356338
29674800	1	1	0.9995037741916152
29678400	1	1	0.9997900971776194
29682000	1	1	0.9998410528890226
29685600	1	1	0.9996782537842368
29689200	1	1	0.8238149202655506
29692800	1	1	0.6841626796688125
29696400	1	1	0.4849020574345092
29700000	1	1	0.25163747420417176
29703600	1	1	0.0006941450000487562
29707200	0	0	0.0005276411707298009
29710800	0	0	0.0003603222085936573
29714400	0	0	0.0002826360647806882
29718000	0	0	0.0004512871366718409
29721600	0	0	0.000587547627560741
29725200	0	0	0.0006968836084083512
29728800	0	1	0.0018676679963073133
29732400	0	1	0.9993643668911169
29736000	0	1	0.9995050636935701
29739600	0	0	0.9979886267969074
29743200	0	0	0.996407998905433
29746800	0	0	0.9948366606041732
29750400	1	1	0.7440216250113837
29754000	1	1	0.4935683334534219
29757600	1	1	0.24533875510196268
29761200	1	1	0.9994968800599489
29764800	1	1	0.9997904676336663
29768400	1	1	0.9998415424871823
29772000	1	1	0.9996947473244754
29775600	1	1	0.8237785238212609
29779200	1	1	0.6841736298613172
29782800	1	1	0.48493530490760905
29786400	1	1	0.25168042140937125
29790000	1	1	0.0007371608031828036
29793600	0	0	0.0005610997564178719
29797200	0	0	0.0003825413759684465
29800800	0	0	0.00029922286670174474
29804400	0	0	0.000469895580463105
29808000	0	0	0.0005699228653007291
29811600	0	0	0.0007204533229889837
29815200	0	1	0.002521680179308768
29818800	0	1	0.9993796488828461
29822400	0	1	0.9993601103117343
29826000	0	0	0.9977574486039501
29829600	0	0	0.9961079854997722
29833200	0	0	0.994463041987406
29836800	1	1	0.7436495560829197
29840400	1	1	0.4932030815656865
29844000	1	1	0.24509702556341625
29847600	1	1	0.9994744446172482
29851200	1	1	0.9997901304008258
29854800	1	1	0.999840780765528
29858400	1	1	0.9996636113034639
29862000	1	1	0.823578373337663
29865600	1	1	0.6841078257730062
29869200	1	1	0.4848971192971422
29872800	1	1	0.2516521581602606
29876400	1	1	0.0007056355679547634
29880000	0	0	0.0005404695553959882
29883600	0	0	0.0003733606128392947
29887200	0	0	0.00027059462710470603
29890800	0	0	0.0004248283528455075
29894400	0	0	0.0005790386302084058
29898000	0	0	0.0007392060655815385
29901600	0	1	0.001694986250742017
29905200	0	1	0.9994229205644678
29908800	0	1	0.9996463944198992
29912400	0	0	0.9985812307216526
29916000	0	0	0.9973753465849798
29919600	0	0	0.9961743490826416
29923200	1	1	0.7453556946496651
29926800	1	1	0.49489517938420063
29930400	1	1	0.24712328627527716
29934000	1	1	0.9995334128047346
29937600	1	1	0.9997959631849854
29941200	1	1	0.999842582017936
29944800	1	1	0.999561519955395
29948400	1	1	0.8233692355783814
29952000	1	1	0.684017617944447
29955600	1	1	0.484863863020866
29959200	1	1	0.25164342476808593
29962800	1	1	0.0006963152030322301
29966400	0	0	0.0005330876488833115
29970000	0	0	0.0003656011692986371
29973600	0	0	0.000267665135285789
29977200	0	0	0.00043850158073754475
29980800	0	0	0.0005955587371765397
29984400	0	0	0.0007275110572329184
29988000	0	1	0.0022464447769953485
29991600	0	1	0.9993606713550953
29995200	0	1	0.9996773682964009
29998800	0	0	0.9987741080776963
30002400	0	0	0.99769562767643
30006000	0	0	0.9966238098704778
30009600	1	1	0.7458247578635139
30013200	1	1	0.49549199861008314
30016800	1	1	0.25174272243650025
30020400	1	1	0.9996105733860938
30024000	1	1	0.999797405906887
30027600	1	1	0.9998316959983131
30031200	1	1	0.9993937967886221
30034800	1	1	0.8230655465953199
30038400	1	1	0.6838717369844397
30042000	1	1	0.4847652920978748
30045600	1	1	0.2515659043081098
30049200	1	1	0.0006285356534631518
30052800	0	0	0.0004864289473273551
30056400	0	0	0.0003354998705831032
30060000	0	0	0.00025913148640788197
30063600	0	0	0.0004221758831564851
30067200	0	0	0.0005837991187773806
30070800	0	0	0.0007346112304611852
30074400	0	1	0.002210441922981762
30078000	0	1	0.9993424478674203
30081600	0	1	0.9996703300011717
30085200	0	0	0.9987161052739193
30088800	0	0	0.9975930173466133
30092400	0	0	0.9964729988586569
30096000	1	1	0.7456676029279717
30099600	1	1	0.4952867878602167
30103200	1	1	0.2529202628505389
30106800	1	1	0.9995329357548657
30110400	1	1	0.9998046960386576
30114000	1	1	0.9998371159678148
30117600	1	1	0.9994762064212948
30121200	1	1	0.8233299733838744
30124800	1	1	0.6839740598875699
30128400	1	1	0.48481859089169754
30132000	1	1	0.2515993275850787
30135600	1	1	0.0006568350838131913
30139200	0	0	0.0005035059031927486
30142800	0	0	0.00034558004025948895
30146400	0	0	0.000270729345268627
30150000	0	0	0.00041323173698754154
30153600	0	0	0.0005758201438616733
30157200	0	0	0.0007308381638324521
30160800	0	1	0.0022529046511424616
30164400	0	1	0.9993290287651501
30168000	0	1	0.9996184733623379
30171600	0	0	0.9984812849899607
30175200	0	0	0.9972036576916021
30178800	0	0	0.9959337149468062
30182400	1	1	0.7451152180065151
30186000	1	1	0.4946820632550063
30189600	1	1	0.2479371903669404
30193200	1	1	0.9995480035172408
30196800	1	1	0.9997943188428574
30200400	1	1	0.9998451662316998
30204000	1	1	0.9995327542480693
30207600	1	1	0.823423128287647
30211200	1	1	0.6840050096389294
30214800	1	1	0.4848193284234167
30218400	1	1	0.25158721831250885
30222000	1	1	0.0006441427922179956
30225600	0	0	0.0004934120256775746
30229200	0	0	0.0003419676893235964
30232800	0	0	0.0002589141003387905
30236400	0	0	0.0004411163634665517
30240000	0	0	0.0006005405248614465
30243600	0	0	0.0006918058494493324
30247200	0	1	0.003497849491647759
30250800	0	1	0.9992224460644309
30254400	0	1	0.9996463294370281
30258000	0	0	0.9985824349903478
30261600	0	0	0.9973813567548264
30265200	0	0	0.9961883483044647
30268800	1	1	0.7453793944009126
30272400	1	1	0.4949552655062603
30276000	1	1	0.2477421220010031
30279600	1	1	0.9995313354445047
30283200	1	1	0.9997914824090905
30286800	1	1	0.9998332430418232
30290400	1	1	0.9996037155707124
30294000	1	1	0.8236427401820043
30297600	1	1	0.6841068997396943
30301200	1	1	0.48488025848223804
30304800	1	1	0.25162958110290257
30308400	1	1	0.0006846123995827961
30312000	0	0	0.0005219430780983158
30315600	0	0	0.00035438216851187333
30319200	0	0	0.00028039986439761015
30322800	0	0	0.0004282630702226545
30326400	0	0	0.0005848780036681514
30330000	0	0	0.0007133466692675441
30333600	0	1	0.0020612984911798924
30337200	0	1	0.9993729969444084
30340800	0	1	0.9995746162891738
30344400	0	0	0.9983037538410455
30348000	0	0	0.996922295493352
30351600	0	0	0.9955472401066022
30355200	1	1	0.7447330574628438
30358800	1	1	0.4942736367780297
30362400	1	1	0.2461784482912776
30366000	1	1	0.9994815077553172
30369600	1	1	0.9997894311689548
30373200	1	1	0.9998405752897698
30376800	1	1	0.999649304121967
30380400	1	1	0.8236929952449626
30384000	1	1	0.6841497868672956
30387600	1	1	0.4849237799499257
30391200	1	1	0.2516731680366804
30394800	1	1	0.0007266412258706099
30398400	0	0	0.0005564575813777124
30402000	0	0	0.0003819224907977171
30405600	0	0	0.00026822019995579016
30409200	0	0	0.00042801446044777556
30412800	0	0	0.000611334331548911
30416400	0	0	0.000745997605628848
30420000	0	1	0.0018764356353571116
30423600	0	1	0.9993454480702958
30427200	0	1	0.9996813846069426
30430800	0	0	0.9987352850656028
30434400	0	0	0.9976079357854383
30438000	0	0	0.9964823490028892
30441600	1	1	0.7456640576873539
30445200	1	1	0.49526649424451263
30448800	1	1	0.2946113311967904
30452400	1	1	0.999442384053389
30456000	1	1	0.9997854067474439
30459600	1	1	0.9998336486215496
30463200	1	1	0.9995424558416376
30466800	1	1	0.8235010439054398
30470400	1	1	0.6840475584069456
30474000	1	1	0.48484699695916095
30477600	1	1	0.2516080557612702
30481200	1	1	0.000669187051920401
30484800	0	0	0.0005162281354782671
30488400	0	0	0.0003571074834425785
30492000	0	0	0.0002679588751958626
30495600	0	0	0.0004199931318957834
30499200	0	0	0.0005884869460038536
30502800	0	0	0.0007583240638650388
30506400	0	1	0.0026161108446734823
30510000	0	1	0.999399367672745
30513600	0	1	0.9995071071887239
30517200	0	0	0.9981397450329956
30520800	0	0	0.9967067027053828
30524400	0	0	0.9952803493811374
30528000	1	1	0.7444640842617094
30531600	1	1	0.494017365744531
30535200	1	1	0.24595381888004259
30538800	1	1	0.9994810982118244
30542400	1	1	0.9997878557181695
30546000	1	1	0.9998388391653872
30549600	1	1	0.9996711545291698
30553200	1	1	0.8236994593316982
30556800	1	1	0.6841324326121605
30560400	1	1	0.48490057962936495
30564000	1	1	0.2516488644851794
30567600	1	1	0.0007052610696356668
30571200	0	0	0.0005372311039409163
30574800	0	0	0.0003674860332716875
30578400	0	0	0.0002924542372814322
30582000	0	0	0.00044984286356640403
30585600	0	0	0.0005741011356143138
30589200	0	0	0.0007076065267611529
30592800	0	1	0.0022953387667272764
30596400	0	1	0.9993407343704086
30600000	0	1	0.9995070254608963
30603600	0	0	0.9980648747023078
30607200	0	0	0.9965542527203851
30610800	0	0	0.9950504833822712
30614400	1	1	0.7442387097824544
30618000	1	1	0.49379538936129574
30621600	1	1	0.24612361428225635
30625200	1	1	0.9994931307741485
30628800	1	1	0.9997890321202755
30632400	1	1	0.9998405064821063
30636000	1	1	0.9996514151437004
30639600	1	1	0.8236287065155307
30643200	1	1	0.6841161309067798
30646800	1	1	0.4848967633470034
30650400	1	1	0.2516506862046102
30654000	1	1	0.0007075669978699136
30657600	0	0	0.0005385700021881659
30661200	0	0	0.00036817194266527964
30664800	0	0	0.0002898535206807229
30668400	0	0	0.0004516232650921194
30672000	0	0	0.0005755933839895566
30675600	0	0	0.0007476733879623641
30679200	0	1	0.002322838698967122
30682800	0	1	0.9993395858279104
30686400	0	1	0.9995676637576708
30690000	0	0	0.9982858116357495
30693600	0	0	0.9969097819542958
30697200	0	0	0.9955427506958096
30700800	1	1	0.7447332856723162
30704400	1	1	0.4943040229479512
30708000	1	1	0.2469328891115438
30711600	1	1	0.9995012079722948
30715200	1	1	0.9998000848381574
30718800	1	1	0.9998501530034188
30722400	1	1	0.9995427934963935
30726000	1	1	0.8233924190418455
30729600	1	1	0.6839971260725854
30733200	1	1	0.4848247373757807
30736800	1	1	0.2515991096611312
30740400	1	1	0.0006579093456677895
30744000	0	0	0.0005039067083383912
30747600	0	0	0.00035090523744706536
30751200	0	0	0.00025351338205698617
30754800	0	0	0.0004510111268913275
30758400	0	0	0.0006147793686711218
30762000	0	0	0.0007355033770797523
30765600	0	1	0.002176010501266919
30769200	0	1	0.9993285950471102
30772800	0	1	0.9995854468483564
30776400	0	0	0.9983287088378184
30780000	0	0	0.9969550745502922
30783600	0	0	0.9955827514305987
30787200	1	1	0.7447641093927572
30790800	1	1	0.4943216246817953
30794400	1	1	0.2465184686787699
30798000	1	1	0.9994766814679389
30801600	1	1	0.9997945304627431
30805200	1	1	0.9998460283876961
30808800	1	1	0.9995919254248529
30812400	1	1	0.8235892418695627
30816000	1	1	0.6840533631174068
30819600	1	1	0.4848315063830802
30823200	1	1	0.2515850019442957
30826800	1	1	0.0006447467600340034
30830400	0	0	0.0004917595094104278
30834000	0	0	0.0003358298310436814
30837600	0	0	0.00026646151083247155
30841200	0	0	0.00045054285885846363
30844800	0	0	0.0005921136838226617
30848400	0	0	0.0007302430705710614
30852000	0	1	0.002200042782594757
30855600	0	1	0.9993633617154013
30859200	0	1	0.9996923173886849
30862800	0	0	0.9988352987560111
30866400	0	0	0.9977699972927999
30870000	0	0	0.9967123397050708
30873600	1	1	0.7458985449424153
30877200	1	1	0.49548874049484043
30880800	1	1	0.2486222469094139
30884400	1	1	0.9994925864289615
30888000	1	1	0.9997943759048654
30891600	1	1	0.9998372976655158
30895200	1	1	0.9995112244207724
30898800	1	1	0.8235722471607718
30902400	1	1	0.6840327558295021
30906000	1	1	0.4848132110277302
30909600	1	1	0.251568154436073
30913200	1	1	0.0006288760429661335
30916800	0	0	0.0004790117050626293
30920400	0	0	0.00032741100905204465
30924000	0	0	0.0002645933830597002
30927600	0	0	0.00045888658771480937
30931200	0	0	0.0005968117699540786
30934800	0	0	0.0007391789976818893
30938400	0	1	0.0023444398280906614
30942000	0	1	0.9993331554116422
30945600	0	1	0.9995522398176903
30949200	0	0	0.9981968307659904
30952800	0	0	0.9967404552287392
30956400	0	0	0.9952922876485535
30960000	1	1	0.744475926284353
30963600	1	1	0.4940210192202638
30967200	1	1	0.24584697337013392
30970800	1	1	0.9995087487189958
30974400	1	1	0.9997907303867186
30978000	1	1	0.9998395381434876
30981600	1	1	0.9996864728731799
30985200	1	1	0.823842549796329
30988800	1	1	0.6842180164930135
30992400	1	1	0.4849624621000133
30996000	1	1	0.25169660463861243
30999600	1	1	0.0007429373025945218
31003200	0	0	0.0005620543523222675
31006800	0	0	0.00038309444144014876
31010400	0	0	0.0002833197851162856
31014000	0	0	0.00044251726256314865
31017600	0	0	0.0005782015162729738
31021200	0	0	0.0007183512843316141
31024800	0	1	0.0022020279642278127
31028400	0	1	0.9993333637664912
31032000	0	1	0.9996549793316414
31035600	0	0	0.9986445907298265
31039200	0	0	0.9974691198295405
31042800	0	0	0.9962926106968462
31046400	1	1	0.7454683324371694
31050000	1	1	0.4950456380953876
31053600	1	1	0.25042832294410916
31057200	1	1	0.9995257676160276
31060800	1	1	0.999824289031232
31064400	1	1	0.9998356333028445
31068000	1	1	0.9994122067015158
31071600	1	1	0.8232230576261036
31075200	1	1	0.6839000306960576
31078800	1	1	0.48475180387839756
31082400	1	1	0.25153720771694715
31086000	1	1	0.0006032015884349505
31089600	0	0	0.00046274947832448433
31093200	0	0	0.0003152186973758289
31096800	0	0	0.00025987234193049197
31100400	0	0	0.0005085101196713457
31104000	0	0	0.0006079971317196
31107600	0	0	0.0007204041515121901
31111200	0	1	0.00252748534028278
31114800	0	1	0.9993145277489089
31118400	0	1	0.9996382000814228
31122000	0	0	0.9985809119181465
31125600	0	0	0.9973688976892345
31129200	0	0	0.9961608623021546
31132800	1	1	0.7453504692355694
31136400	1	1	0.4949277832975425
31140000	1	1	0.2479542618877911
31143600	1	1	0.9995111759133849
31147200	1	1	0.9997865990958366
31150800	1	1	0.9998257227514896
31154400	1	1	0.9995770084480452
31158000	1	1	0.8238001064603322
31161600	1	1	0.684143107084067
31165200	1	1	0.4848840935587806
31168800	1	1	0.2516216130873834
31172400	1	1	0.0006801199458676394
31176000	0	0	0.0005150813349642159
31179600	0	0	0.00034712531046318716
31183200	0	0	0.0002750368568662059
31186800	0	0	0.00046376912897856773
31190400	0	0	0.0006143473140666923
31194000	0	0	0.0007379001065219087
31197600	0	1	0.002225616275296828
31201200	0	1	0.9993453497853597
31204800	0	1	0.9995552741414728
31208400	0	0	0.9982243443124906
31212000	0	0	0.9967928705276698
31215600	0	0	0.9953601059041928
31219200	1	1	0.7445430997179024
31222800	1	1	0.49409846787457473
31226400	1	1	0.24577954891667753
31230000	1	1	0.9995084396181576
31233600	1	1	0.9997902839428849
31237200	1	1	0.999837387387345
31240800	1	1	0.9996610175604644
31244400	1	1	0.8238022713700228
31248000	1	1	0.6841724553425544
31251600	1	1	0.484926928735543
31255200	1	1	0.2516685585110825
31258800	1	1	0.0007245017311921073
31262400	0	0	0.0005496514243590215
31266000	0	0	0.00036694449680269134
31269600	0	0	0.0002691741732546334
31273200	0	0	0.0005136083463862282
31276800	0	0	0.0006659681277786431
31280400	0	0	0.000771347165690425
31284000	0	1	0.00226435791757289
31287600	0	1	0.9993240686946145
31291200	0	1	0.9995303630358493
31294800	0	0	0.9981922351355718
31298400	0	0	0.9967373023648741
31302000	0	0	0.9952854434750893
31305600	1	1	0.7444808325917092
31309200	1	1	0.4940607930551312
31312800	1	1	0.24670474119685148
31316400	1	1	0.9995249852102197
31320000	1	1	0.9997968452982732
31323600	1	1	0.9998462575794117
31327200	1	1	0.999511318597603
31330800	1	1	0.8235252285435619
31334400	1	1	0.6840389163263202
31338000	1	1	0.48483181709023954
31341600	1	1	0.25158971622110654
31345200	1	1	0.0006457200884478356
31348800	0	0	0.000485672431346557
31352400	0	0	0.00033020467107521803
31356000	0	0	0.00026987597113117855
31359600	0	0	0.00046257452976811267
31363200	0	0	0.0006142507355569153
31366800	0	0	0.0007379759678668984
31370400	0	1	0.002225630254511227
31374000	0	1	0.9993453090550252
31377600	0	1	0.9995551627308278
31381200	0	0	0.9982256976272758
31384800	0	0	0.9967944826015138
31388400	0	0	0.9953616497077347
31392000	1	1	0.7445446435358772
31395600	1	1	0.49410001162017353
31399200	1	1	0.24578109250090047
31402800	1	1	0.9995084396188927
31406400	1	1	0.9997902839387147
31410000	1	1	0.9998373871929276
31413600	1	1	0.9996610086065477
31417200	1	1	0.823805222712049
31420800	1	1	0.6841742486508705
31424400	1	1	0.48492715145428705
31428000	1	1	0.2516685221535821
31431600	1	1	0.0007244643825221582
31435200	0	0	0.0005496773297486232
31438800	0	0	0.00036696366682229225
31442400	0	0	0.0002691716842849351
31446000	0	0	0.000513584817572479
31449600	0	0	0.000665851045975331
31453200	0	0	0.0007715176767461564
31456800	0	1	0.00226439916478875
31460400	0	1	0.9993239506861169
31464000	0	1	0.9995304656724793
31467600	0	0	0.9981924002804734
31471200	0	0	0.996735657955855
31474800	0	0	0.9952831482564486
31478400	1	1	0.7444785531164775
31482000	1	1	0.4940585296212664
31485600	1	1	0.24670249454965706
31489200	1	1	0.9995249851374012
31492800	1	1	0.9997968442131273
31496400	1	1	0.9998462089627246
31500000	1	1	0.9995088279871708
31503600	1	1	0.8235218978943121
31507200	1	1	0.6840239928116326
31510800	1	1	0.4848205120185864
31514400	1	1	0.25158009183032004
31518000	1	1	0.0006364135176253816
31521600	0	0	0.00046956825943263777
31525200	0	0	0.0003122109838624447
31528800	0	0	0.00025770161611222
31532400	0	0	0.0006072305966839812
