,datetime,season,hours,price
0,2025-01-01 00:00:00,WinterHDP,00:00,0.072
1,2025-01-01 01:00:00,WinterHDP,01:00,0.044
2,2025-01-01 02:00:00,WinterHDP,02:00,0.02
3,2025-01-01 03:00:00,WinterHDP,03:00,0.011
4,2025-01-01 04:00:00,WinterHDP,04:00,0.033
5,2025-01-01 05:00:00,WinterHDP,05:00,0.11
6,2025-01-01 06:00:00,WinterHDP,06:00,0.267
7,2025-01-01 07:00:00,WinterHDP,07:00,0.308
8,2025-01-01 08:00:00,WinterHDP,08:00,0.216
9,2025-01-01 09:00:00,WinterHDP,09:00,0.158
10,2025-01-01 10:00:00,WinterHDP,10:00,0.126
11,2025-01-01 11:00:00,WinterHDP,11:00,0.105
12,2025-01-01 12:00:00,WinterHDP,12:00,0.132
13,2025-01-01 13:00:00,WinterHDP,13:00,0.183
14,2025-01-01 14:00:00,WinterHDP,14:00,0.249
15,2025-01-01 15:00:00,WinterHDP,15:00,0.312
16,2025-01-01 16:00:00,WinterHDP,16:00,0.396
17,2025-01-01 17:00:00,WinterHDP,17:00,0.525
18,2025-01-01 18:00:00,WinterHDP,18:00,0.497
19,2025-01-01 19:00:00,WinterHDP,19:00,0.452
20,2025-01-01 20:00:00,WinterHDP,20:00,0.392
21,2025-01-01 21:00:00,WinterHDP,21:00,0.311
22,2025-01-01 22:00:00,WinterHDP,22:00,0.2
23,2025-01-01 23:00:00,WinterHDP,23:00,0.111
24,2025-01-02 00:00:00,WinterHDP,00:00,0.072
25,2025-01-02 01:00:00,WinterHDP,01:00,0.044
26,2025-01-02 02:00:00,WinterHDP,02:00,0.02
27,2025-01-02 03:00:00,WinterHDP,03:00,0.011
28,2025-01-02 04:00:00,WinterHDP,04:00,0.033
29,2025-01-02 05:00:00,WinterHDP,05:00,0.11
30,2025-01-02 06:00:00,WinterHDP,06:00,0.267
31,2025-01-02 07:00:00,WinterHDP,07:00,0.308
32,2025-01-02 08:00:00,WinterHDP,08:00,0.216
33,2025-01-02 09:00:00,WinterHDP,09:00,0.158
34,2025-01-02 10:00:00,WinterHDP,10:00,0.126
35,2025-01-02 11:00:00,WinterHDP,11:00,0.105
36,2025-01-02 12:00:00,WinterHDP,12:00,0.132
37,2025-01-02 13:00:00,WinterHDP,13:00,0.183
38,2025-01-02 14:00:00,WinterHDP,14:00,0.249
39,2025-01-02 15:00:00,WinterHDP,15:00,0.312
40,2025-01-02 16:00:00,WinterHDP,16:00,0.396
41,2025-01-02 17:00:00,WinterHDP,17:00,0.525
42,2025-01-02 18:00:00,WinterHDP,18:00,0.497
43,2025-01-02 19:00:00,WinterHDP,19:00,0.452
44,2025-01-02 20:00:00,WinterHDP,20:00,0.392
45,2025-01-02 21:00:00,WinterHDP,21:00,0.311
46,2025-01-02 22:00:00,WinterHDP,22:00,0.2
47,2025-01-02 23:00:00,WinterHDP,23:00,0.111
48,2025-01-03 00:00:00,WinterHDP,00:00,0.072
49,2025-01-03 01:00:00,WinterHDP,01:00,0.044
50,2025-01-03 02:00:00,WinterHDP,02:00,0.02
51,2025-01-03 03:00:00,WinterHDP,03:00,0.011
52,2025-01-03 04:00:00,WinterHDP,04:00,0.033
53,2025-01-03 05:00:00,WinterHDP,05:00,0.11
54,2025-01-03 06:00:00,WinterHDP,06:00,0.267
55,2025-01-03 07:00:00,WinterHDP,07:00,0.308
56,2025-01-03 08:00:00,WinterHDP,08:00,0.216
57,2025-01-03 09:00:00,WinterHDP,09:00,0.158
58,2025-01-03 10:00:00,WinterHDP,10:00,0.126
59,2025-01-03 11:00:00,WinterHDP,11:00,0.105
60,2025-01-03 12:00:00,WinterHDP,12:00,0.132
61,2025-01-03 13:00:00,WinterHDP,13:00,0.183
62,2025-01-03 14:00:00,WinterHDP,14:00,0.249
63,2025-01-03 15:00:00,WinterHDP,15:00,0.312
64,2025-01-03 16:00:00,WinterHDP,16:00,0.396
65,2025-01-03 17:00:00,WinterHDP,17:00,0.525
66,2025-01-03 18:00:00,WinterHDP,18:00,0.497
67,2025-01-03 19:00:00,WinterHDP,19:00,0.452
68,2025-01-03 20:00:00,WinterHDP,20:00,0.392
69,2025-01-03 21:00:00,WinterHDP,21:00,0.311
70,2025-01-03 22:00:00,WinterHDP,22:00,0.2
71,2025-01-03 23:00:00,WinterHDP,23:00,0.111
72,2025-01-04 00:00:00,WinterHDP,00:00,0.072
73,2025-01-04 01:00:00,WinterHDP,01:00,0.044
74,2025-01-04 02:00:00,WinterHDP,02:00,0.02
75,2025-01-04 03:00:00,WinterHDP,03:00,0.011
76,2025-01-04 04:00:00,WinterHDP,04:00,0.033
77,2025-01-04 05:00:00,WinterHDP,05:00,0.11
78,2025-01-04 06:00:00,WinterHDP,06:00,0.267
79,2025-01-04 07:00:00,WinterHDP,07:00,0.308
80,2025-01-04 08:00:00,WinterHDP,08:00,0.216
81,2025-01-04 09:00:00,WinterHDP,09:00,0.158
82,2025-01-04 10:00:00,WinterHDP,10:00,0.126
83,2025-01-04 11:00:00,WinterHDP,11:00,0.105
84,2025-01-04 12:00:00,WinterHDP,12:00,0.132
85,2025-01-04 13:00:00,WinterHDP,13:00,0.183
86,2025-01-04 14:00:00,WinterHDP,14:00,0.249
87,2025-01-04 15:00:00,WinterHDP,15:00,0.312
88,2025-01-04 16:00:00,WinterHDP,16:00,0.396
89,2025-01-04 17:00:00,WinterHDP,17:00,0.525
90,2025-01-04 18:00:00,WinterHDP,18:00,0.497
91,2025-01-04 19:00:00,WinterHDP,19:00,0.452
92,2025-01-04 20:00:00,WinterHDP,20:00,0.392
93,2025-01-04 21:00:00,WinterHDP,21:00,0.311
94,2025-01-04 22:00:00,WinterHDP,22:00,0.2
95,2025-01-04 23:00:00,WinterHDP,23:00,0.111
96,2025-01-05 00:00:00,WinterHDP,00:00,0.072
97,2025-01-05 01:00:00,WinterHDP,01:00,0.044
98,2025-01-05 02:00:00,WinterHDP,02:00,0.02
99,2025-01-05 03:00:00,WinterHDP,03:00,0.011
100,2025-01-05 04:00:00,WinterHDP,04:00,0.033
101,2025-01-05 05:00:00,WinterHDP,05:00,0.11
102,2025-01-05 06:00:00,WinterHDP,06:00,0.267
103,2025-01-05 07:00:00,WinterHDP,07:00,0.308
104,2025-01-05 08:00:00,WinterHDP,08:00,0.216
105,2025-01-05 09:00:00,WinterHDP,09:00,0.158
106,2025-01-05 10:00:00,WinterHDP,10:00,0.126
107,2025-01-05 11:00:00,WinterHDP,11:00,0.105
108,2025-01-05 12:00:00,WinterHDP,12:00,0.132
109,2025-01-05 13:00:00,WinterHDP,13:00,0.183
110,2025-01-05 14:00:00,WinterHDP,14:00,0.249
111,2025-01-05 15:00:00,WinterHDP,15:00,0.312
112,2025-01-05 16:00:00,WinterHDP,16:00,0.396
113,2025-01-05 17:00:00,WinterHDP,17:00,0.525
114,2025-01-05 18:00:00,WinterHDP,18:00,0.497
115,2025-01-05 19:00:00,WinterHDP,19:00,0.452
116,2025-01-05 20:00:00,WinterHDP,20:00,0.392
117,2025-01-05 21:00:00,WinterHDP,21:00,0.311
118,2025-01-05 22:00:00,WinterHDP,22:00,0.2
119,2025-01-05 23:00:00,WinterHDP,23:00,0.111
120,2025-01-06 00:00:00,WinterHDP,00:00,0.072
121,2025-01-06 01:00:00,WinterHDP,01:00,0.044
122,2025-01-06 02:00:00,WinterHDP,02:00,0.02
123,2025-01-06 03:00:00,WinterHDP,03:00,0.011
124,2025-01-06 04:00:00,WinterHDP,04:00,0.033
125,2025-01-06 05:00:00,WinterHDP,05:00,0.11
126,2025-01-06 06:00:00,WinterHDP,06:00,0.267
127,2025-01-06 07:00:00,WinterHDP,07:00,0.308
128,2025-01-06 08:00:00,WinterHDP,08:00,0.216
129,2025-01-06 09:00:00,WinterHDP,09:00,0.158
130,2025-01-06 10:00:00,WinterHDP,10:00,0.126
131,2025-01-06 11:00:00,WinterHDP,11:00,0.105
132,2025-01-06 12:00:00,WinterHDP,12:00,0.132
133,2025-01-06 13:00:00,WinterHDP,13:00,0.183
134,2025-01-06 14:00:00,WinterHDP,14:00,0.249
135,2025-01-06 15:00:00,WinterHDP,15:00,0.312
136,2025-01-06 16:00:00,WinterHDP,16:00,0.396
137,2025-01-06 17:00:00,WinterHDP,17:00,0.525
138,2025-01-06 18:00:00,WinterHDP,18:00,0.497
139,2025-01-06 19:00:00,WinterHDP,19:00,0.452
140,2025-01-06 20:00:00,WinterHDP,20:00,0.392
141,2025-01-06 21:00:00,WinterHDP,21:00,0.311
142,2025-01-06 22:00:00,WinterHDP,22:00,0.2
143,2025-01-06 23:00:00,WinterHDP,23:00,0.111
144,2025-01-07 00:00:00,WinterHDP,00:00,0.072
145,2025-01-07 01:00:00,WinterHDP,01:00,0.044
146,2025-01-07 02:00:00,WinterHDP,02:00,0.02
147,2025-01-07 03:00:00,WinterHDP,03:00,0.011
148,2025-01-07 04:00:00,WinterHDP,04:00,0.033
149,2025-01-07 05:00:00,WinterHDP,05:00,0.11
150,2025-01-07 06:00:00,WinterHDP,06:00,0.267
151,2025-01-07 07:00:00,WinterHDP,07:00,0.308
152,2025-01-07 08:00:00,WinterHDP,08:00,0.216
153,2025-01-07 09:00:00,WinterHDP,09:00,0.158
154,2025-01-07 10:00:00,WinterHDP,10:00,0.126
155,2025-01-07 11:00:00,WinterHDP,11:00,0.105
156,2025-01-07 12:00:00,WinterHDP,12:00,0.132
157,2025-01-07 13:00:00,WinterHDP,13:00,0.183
158,2025-01-07 14:00:00,WinterHDP,14:00,0.249
159,2025-01-07 15:00:00,WinterHDP,15:00,0.312
160,2025-01-07 16:00:00,WinterHDP,16:00,0.396
161,2025-01-07 17:00:00,WinterHDP,17:00,0.525
162,2025-01-07 18:00:00,WinterHDP,18:00,0.497
163,2025-01-07 19:00:00,WinterHDP,19:00,0.452
164,2025-01-07 20:00:00,WinterHDP,20:00,0.392
165,2025-01-07 21:00:00,WinterHDP,21:00,0.311
166,2025-01-07 22:00:00,WinterHDP,22:00,0.2
167,2025-01-07 23:00:00,WinterHDP,23:00,0.111
168,2025-01-08 00:00:00,WinterHDP,00:00,0.072
169,2025-01-08 01:00:00,WinterHDP,01:00,0.044
170,2025-01-08 02:00:00,WinterHDP,02:00,0.02
171,2025-01-08 03:00:00,WinterHDP,03:00,0.011
172,2025-01-08 04:00:00,WinterHDP,04:00,0.033
173,2025-01-08 05:00:00,WinterHDP,05:00,0.11
174,2025-01-08 06:00:00,WinterHDP,06:00,0.267
175,2025-01-08 07:00:00,WinterHDP,07:00,0.308
176,2025-01-08 08:00:00,WinterHDP,08:00,0.216
177,2025-01-08 09:00:00,WinterHDP,09:00,0.158
178,2025-01-08 10:00:00,WinterHDP,10:00,0.126
179,2025-01-08 11:00:00,WinterHDP,11:00,0.105
180,2025-01-08 12:00:00,WinterHDP,12:00,0.132
181,2025-01-08 13:00:00,WinterHDP,13:00,0.183
182,2025-01-08 14:00:00,WinterHDP,14:00,0.249
183,2025-01-08 15:00:00,WinterHDP,15:00,0.312
184,2025-01-08 16:00:00,WinterHDP,16:00,0.396
185,2025-01-08 17:00:00,WinterHDP,17:00,0.525
186,2025-01-08 18:00:00,WinterHDP,18:00,0.497
187,2025-01-08 19:00:00,WinterHDP,19:00,0.452
188,2025-01-08 20:00:00,WinterHDP,20:00,0.392
189,2025-01-08 21:00:00,WinterHDP,21:00,0.311
190,2025-01-08 22:00:00,WinterHDP,22:00,0.2
191,2025-01-08 23:00:00,WinterHDP,23:00,0.111
192,2025-01-09 00:00:00,WinterHDP,00:00,0.072
193,2025-01-09 01:00:00,WinterHDP,01:00,0.044
194,2025-01-09 02:00:00,WinterHDP,02:00,0.02
195,2025-01-09 03:00:00,WinterHDP,03:00,0.011
196,2025-01-09 04:00:00,WinterHDP,04:00,0.033
197,2025-01-09 05:00:00,WinterHDP,05:00,0.11
198,2025-01-09 06:00:00,WinterHDP,06:00,0.267
199,2025-01-09 07:00:00,WinterHDP,07:00,0.308
200,2025-01-09 08:00:00,WinterHDP,08:00,0.216
201,2025-01-09 09:00:00,WinterHDP,09:00,0.158
202,2025-01-09 10:00:00,WinterHDP,10:00,0.126
203,2025-01-09 11:00:00,WinterHDP,11:00,0.105
204,2025-01-09 12:00:00,WinterHDP,12:00,0.132
205,2025-01-09 13:00:00,WinterHDP,13:00,0.183
206,2025-01-09 14:00:00,WinterHDP,14:00,0.249
207,2025-01-09 15:00:00,WinterHDP,15:00,0.312
208,2025-01-09 16:00:00,WinterHDP,16:00,0.396
209,2025-01-09 17:00:00,WinterHDP,17:00,0.525
210,2025-01-09 18:00:00,WinterHDP,18:00,0.497
211,2025-01-09 19:00:00,WinterHDP,19:00,0.452
212,2025-01-09 20:00:00,WinterHDP,20:00,0.392
213,2025-01-09 21:00:00,WinterHDP,21:00,0.311
214,2025-01-09 22:00:00,WinterHDP,22:00,0.2
215,2025-01-09 23:00:00,WinterHDP,23:00,0.111
216,2025-01-10 00:00:00,WinterHDP,00:00,0.072
217,2025-01-10 01:00:00,WinterHDP,01:00,0.044
218,2025-01-10 02:00:00,WinterHDP,02:00,0.02
219,2025-01-10 03:00:00,WinterHDP,03:00,0.011
220,2025-01-10 04:00:00,WinterHDP,04:00,0.033
221,2025-01-10 05:00:00,WinterHDP,05:00,0.11
222,2025-01-10 06:00:00,WinterHDP,06:00,0.267
223,2025-01-10 07:00:00,WinterHDP,07:00,0.308
224,2025-01-10 08:00:00,WinterHDP,08:00,0.216
225,2025-01-10 09:00:00,WinterHDP,09:00,0.158
226,2025-01-10 10:00:00,WinterHDP,10:00,0.126
227,2025-01-10 11:00:00,WinterHDP,11:00,0.105
228,2025-01-10 12:00:00,WinterHDP,12:00,0.132
229,2025-01-10 13:00:00,WinterHDP,13:00,0.183
230,2025-01-10 14:00:00,WinterHDP,14:00,0.249
231,2025-01-10 15:00:00,WinterHDP,15:00,0.312
232,2025-01-10 16:00:00,WinterHDP,16:00,0.396
233,2025-01-10 17:00:00,WinterHDP,17:00,0.525
234,2025-01-10 18:00:00,WinterHDP,18:00,0.497
235,2025-01-10 19:00:00,WinterHDP,19:00,0.452
236,2025-01-10 20:00:00,WinterHDP,20:00,0.392
237,2025-01-10 21:00:00,WinterHDP,21:00,0.311
238,2025-01-10 22:00:00,WinterHDP,22:00,0.2
239,2025-01-10 23:00:00,WinterHDP,23:00,0.111
240,2025-01-11 00:00:00,WinterHDP,00:00,0.072
241,2025-01-11 01:00:00,WinterHDP,01:00,0.044
242,2025-01-11 02:00:00,WinterHDP,02:00,0.02
243,2025-01-11 03:00:00,WinterHDP,03:00,0.011
244,2025-01-11 04:00:00,WinterHDP,04:00,0.033
245,2025-01-11 05:00:00,WinterHDP,05:00,0.11
246,2025-01-11 06:00:00,WinterHDP,06:00,0.267
247,2025-01-11 07:00:00,WinterHDP,07:00,0.308
248,2025-01-11 08:00:00,WinterHDP,08:00,0.216
249,2025-01-11 09:00:00,WinterHDP,09:00,0.158
250,2025-01-11 10:00:00,WinterHDP,10:00,0.126
251,2025-01-11 11:00:00,WinterHDP,11:00,0.105
252,2025-01-11 12:00:00,WinterHDP,12:00,0.132
253,2025-01-11 13:00:00,WinterHDP,13:00,0.183
254,2025-01-11 14:00:00,WinterHDP,14:00,0.249
255,2025-01-11 15:00:00,WinterHDP,15:00,0.312
256,2025-01-11 16:00:00,WinterHDP,16:00,0.396
257,2025-01-11 17:00:00,WinterHDP,17:00,0.525
258,2025-01-11 18:00:00,WinterHDP,18:00,0.497
259,2025-01-11 19:00:00,WinterHDP,19:00,0.452
260,2025-01-11 20:00:00,WinterHDP,20:00,0.392
261,2025-01-11 21:00:00,WinterHDP,21:00,0.311
262,2025-01-11 22:00:00,WinterHDP,22:00,0.2
263,2025-01-11 23:00:00,WinterHDP,23:00,0.111
264,2025-01-12 00:00:00,WinterHDP,00:00,0.072
265,2025-01-12 01:00:00,WinterHDP,01:00,0.044
266,2025-01-12 02:00:00,WinterHDP,02:00,0.02
267,2025-01-12 03:00:00,WinterHDP,03:00,0.011
268,2025-01-12 04:00:00,WinterHDP,04:00,0.033
269,2025-01-12 05:00:00,WinterHDP,05:00,0.11
270,2025-01-12 06:00:00,WinterHDP,06:00,0.267
271,2025-01-12 07:00:00,WinterHDP,07:00,0.308
272,2025-01-12 08:00:00,WinterHDP,08:00,0.216
273,2025-01-12 09:00:00,WinterHDP,09:00,0.158
274,2025-01-12 10:00:00,WinterHDP,10:00,0.126
275,2025-01-12 11:00:00,WinterHDP,11:00,0.105
276,2025-01-12 12:00:00,WinterHDP,12:00,0.132
277,2025-01-12 13:00:00,WinterHDP,13:00,0.183
278,2025-01-12 14:00:00,WinterHDP,14:00,0.249
279,2025-01-12 15:00:00,WinterHDP,15:00,0.312
280,2025-01-12 16:00:00,WinterHDP,16:00,0.396
281,2025-01-12 17:00:00,WinterHDP,17:00,0.525
282,2025-01-12 18:00:00,WinterHDP,18:00,0.497
283,2025-01-12 19:00:00,WinterHDP,19:00,0.452
284,2025-01-12 20:00:00,WinterHDP,20:00,0.392
285,2025-01-12 21:00:00,WinterHDP,21:00,0.311
286,2025-01-12 22:00:00,WinterHDP,22:00,0.2
287,2025-01-12 23:00:00,WinterHDP,23:00,0.111
288,2025-01-13 00:00:00,WinterHDP,00:00,0.072
289,2025-01-13 01:00:00,WinterHDP,01:00,0.044
290,2025-01-13 02:00:00,WinterHDP,02:00,0.02
291,2025-01-13 03:00:00,WinterHDP,03:00,0.011
292,2025-01-13 04:00:00,WinterHDP,04:00,0.033
293,2025-01-13 05:00:00,WinterHDP,05:00,0.11
294,2025-01-13 06:00:00,WinterHDP,06:00,0.267
295,2025-01-13 07:00:00,WinterHDP,07:00,0.308
296,2025-01-13 08:00:00,WinterHDP,08:00,0.216
297,2025-01-13 09:00:00,WinterHDP,09:00,0.158
298,2025-01-13 10:00:00,WinterHDP,10:00,0.126
299,2025-01-13 11:00:00,WinterHDP,11:00,0.105
300,2025-01-13 12:00:00,WinterHDP,12:00,0.132
301,2025-01-13 13:00:00,WinterHDP,13:00,0.183
302,2025-01-13 14:00:00,WinterHDP,14:00,0.249
303,2025-01-13 15:00:00,WinterHDP,15:00,0.312
304,2025-01-13 16:00:00,WinterHDP,16:00,0.396
305,2025-01-13 17:00:00,WinterHDP,17:00,0.525
306,2025-01-13 18:00:00,WinterHDP,18:00,0.497
307,2025-01-13 19:00:00,WinterHDP,19:00,0.452
308,2025-01-13 20:00:00,WinterHDP,20:00,0.392
309,2025-01-13 21:00:00,WinterHDP,21:00,0.311
310,2025-01-13 22:00:00,WinterHDP,22:00,0.2
311,2025-01-13 23:00:00,WinterHDP,23:00,0.111
312,2025-01-14 00:00:00,WinterHDP,00:00,0.072
313,2025-01-14 01:00:00,WinterHDP,01:00,0.044
314,2025-01-14 02:00:00,WinterHDP,02:00,0.02
315,2025-01-14 03:00:00,WinterHDP,03:00,0.011
316,2025-01-14 04:00:00,WinterHDP,04:00,0.033
317,2025-01-14 05:00:00,WinterHDP,05:00,0.11
318,2025-01-14 06:00:00,WinterHDP,06:00,0.267
319,2025-01-14 07:00:00,WinterHDP,07:00,0.308
320,2025-01-14 08:00:00,WinterHDP,08:00,0.216
321,2025-01-14 09:00:00,WinterHDP,09:00,0.158
322,2025-01-14 10:00:00,WinterHDP,10:00,0.126
323,2025-01-14 11:00:00,WinterHDP,11:00,0.105
324,2025-01-14 12:00:00,WinterHDP,12:00,0.132
325,2025-01-14 13:00:00,WinterHDP,13:00,0.183
326,2025-01-14 14:00:00,WinterHDP,14:00,0.249
327,2025-01-14 15:00:00,WinterHDP,15:00,0.312
328,2025-01-14 16:00:00,WinterHDP,16:00,0.396
329,2025-01-14 17:00:00,WinterHDP,17:00,0.525
330,2025-01-14 18:00:00,WinterHDP,18:00,0.497
331,2025-01-14 19:00:00,WinterHDP,19:00,0.452
332,2025-01-14 20:00:00,WinterHDP,20:00,0.392
333,2025-01-14 21:00:00,WinterHDP,21:00,0.311
334,2025-01-14 22:00:00,WinterHDP,22:00,0.2
335,2025-01-14 23:00:00,WinterHDP,23:00,0.111
336,2025-01-15 00:00:00,WinterHDP,00:00,0.072
337,2025-01-15 01:00:00,WinterHDP,01:00,0.044
338,2025-01-15 02:00:00,WinterHDP,02:00,0.02
339,2025-01-15 03:00:00,WinterHDP,03:00,0.011
340,2025-01-15 04:00:00,WinterHDP,04:00,0.033
341,2025-01-15 05:00:00,WinterHDP,05:00,0.11
342,2025-01-15 06:00:00,WinterHDP,06:00,0.267
343,2025-01-15 07:00:00,WinterHDP,07:00,0.308
344,2025-01-15 08:00:00,WinterHDP,08:00,0.216
345,2025-01-15 09:00:00,WinterHDP,09:00,0.158
346,2025-01-15 10:00:00,WinterHDP,10:00,0.126
347,2025-01-15 11:00:00,WinterHDP,11:00,0.105
348,2025-01-15 12:00:00,WinterHDP,12:00,0.132
349,2025-01-15 13:00:00,WinterHDP,13:00,0.183
350,2025-01-15 14:00:00,WinterHDP,14:00,0.249
351,2025-01-15 15:00:00,WinterHDP,15:00,0.312
352,2025-01-15 16:00:00,WinterHDP,16:00,0.396
353,2025-01-15 17:00:00,WinterHDP,17:00,0.525
354,2025-01-15 18:00:00,WinterHDP,18:00,0.497
355,2025-01-15 19:00:00,WinterHDP,19:00,0.452
356,2025-01-15 20:00:00,WinterHDP,20:00,0.392
357,2025-01-15 21:00:00,WinterHDP,21:00,0.311
358,2025-01-15 22:00:00,WinterHDP,22:00,0.2
359,2025-01-15 23:00:00,WinterHDP,23:00,0.111
360,2025-01-16 00:00:00,WinterHDP,00:00,0.072
361,2025-01-16 01:00:00,WinterHDP,01:00,0.044
362,2025-01-16 02:00:00,WinterHDP,02:00,0.02
363,2025-01-16 03:00:00,WinterHDP,03:00,0.011
364,2025-01-16 04:00:00,WinterHDP,04:00,0.033
365,2025-01-16 05:00:00,WinterHDP,05:00,0.11
366,2025-01-16 06:00:00,WinterHDP,06:00,0.267
367,2025-01-16 07:00:00,WinterHDP,07:00,0.308
368,2025-01-16 08:00:00,WinterHDP,08:00,0.216
369,2025-01-16 09:00:00,WinterHDP,09:00,0.158
370,2025-01-16 10:00:00,WinterHDP,10:00,0.126
371,2025-01-16 11:00:00,WinterHDP,11:00,0.105
372,2025-01-16 12:00:00,WinterHDP,12:00,0.132
373,2025-01-16 13:00:00,WinterHDP,13:00,0.183
374,2025-01-16 14:00:00,WinterHDP,14:00,0.249
375,2025-01-16 15:00:00,WinterHDP,15:00,0.312
376,2025-01-16 16:00:00,WinterHDP,16:00,0.396
377,2025-01-16 17:00:00,WinterHDP,17:00,0.525
378,2025-01-16 18:00:00,WinterHDP,18:00,0.497
379,2025-01-16 19:00:00,WinterHDP,19:00,0.452
380,2025-01-16 20:00:00,WinterHDP,20:00,0.392
381,2025-01-16 21:00:00,WinterHDP,21:00,0.311
382,2025-01-16 22:00:00,WinterHDP,22:00,0.2
383,2025-01-16 23:00:00,WinterHDP,23:00,0.111
384,2025-01-17 00:00:00,WinterHDP,00:00,0.072
385,2025-01-17 01:00:00,WinterHDP,01:00,0.044
386,2025-01-17 02:00:00,WinterHDP,02:00,0.02
387,2025-01-17 03:00:00,WinterHDP,03:00,0.011
388,2025-01-17 04:00:00,WinterHDP,04:00,0.033
389,2025-01-17 05:00:00,WinterHDP,05:00,0.11
390,2025-01-17 06:00:00,WinterHDP,06:00,0.267
391,2025-01-17 07:00:00,WinterHDP,07:00,0.308
392,2025-01-17 08:00:00,WinterHDP,08:00,0.216
393,2025-01-17 09:00:00,WinterHDP,09:00,0.158
394,2025-01-17 10:00:00,WinterHDP,10:00,0.126
395,2025-01-17 11:00:00,WinterHDP,11:00,0.105
396,2025-01-17 12:00:00,WinterHDP,12:00,0.132
397,2025-01-17 13:00:00,WinterHDP,13:00,0.183
398,2025-01-17 14:00:00,WinterHDP,14:00,0.249
399,2025-01-17 15:00:00,WinterHDP,15:00,0.312
400,2025-01-17 16:00:00,WinterHDP,16:00,0.396
401,2025-01-17 17:00:00,WinterHDP,17:00,0.525
402,2025-01-17 18:00:00,WinterHDP,18:00,0.497
403,2025-01-17 19:00:00,WinterHDP,19:00,0.452
404,2025-01-17 20:00:00,WinterHDP,20:00,0.392
405,2025-01-17 21:00:00,WinterHDP,21:00,0.311
406,2025-01-17 22:00:00,WinterHDP,22:00,0.2
407,2025-01-17 23:00:00,WinterHDP,23:00,0.111
408,2025-01-18 00:00:00,WinterHDP,00:00,0.072
409,2025-01-18 01:00:00,WinterHDP,01:00,0.044
410,2025-01-18 02:00:00,WinterHDP,02:00,0.02
411,2025-01-18 03:00:00,WinterHDP,03:00,0.011
412,2025-01-18 04:00:00,WinterHDP,04:00,0.033
413,2025-01-18 05:00:00,WinterHDP,05:00,0.11
414,2025-01-18 06:00:00,WinterHDP,06:00,0.267
415,2025-01-18 07:00:00,WinterHDP,07:00,0.308
416,2025-01-18 08:00:00,WinterHDP,08:00,0.216
417,2025-01-18 09:00:00,WinterHDP,09:00,0.158
418,2025-01-18 10:00:00,WinterHDP,10:00,0.126
419,2025-01-18 11:00:00,WinterHDP,11:00,0.105
420,2025-01-18 12:00:00,WinterHDP,12:00,0.132
421,2025-01-18 13:00:00,WinterHDP,13:00,0.183
422,2025-01-18 14:00:00,WinterHDP,14:00,0.249
423,2025-01-18 15:00:00,WinterHDP,15:00,0.312
424,2025-01-18 16:00:00,WinterHDP,16:00,0.396
425,2025-01-18 17:00:00,WinterHDP,17:00,0.525
426,2025-01-18 18:00:00,WinterHDP,18:00,0.497
427,2025-01-18 19:00:00,WinterHDP,19:00,0.452
428,2025-01-18 20:00:00,WinterHDP,20:00,0.392
429,2025-01-18 21:00:00,WinterHDP,21:00,0.311
430,2025-01-18 22:00:00,WinterHDP,22:00,0.2
431,2025-01-18 23:00:00,WinterHDP,23:00,0.111
432,2025-01-19 00:00:00,WinterHDP,00:00,0.072
433,2025-01-19 01:00:00,WinterHDP,01:00,0.044
434,2025-01-19 02:00:00,WinterHDP,02:00,0.02
435,2025-01-19 03:00:00,WinterHDP,03:00,0.011
436,2025-01-19 04:00:00,WinterHDP,04:00,0.033
437,2025-01-19 05:00:00,WinterHDP,05:00,0.11
438,2025-01-19 06:00:00,WinterHDP,06:00,0.267
439,2025-01-19 07:00:00,WinterHDP,07:00,0.308
440,2025-01-19 08:00:00,WinterHDP,08:00,0.216
441,2025-01-19 09:00:00,WinterHDP,09:00,0.158
442,2025-01-19 10:00:00,WinterHDP,10:00,0.126
443,2025-01-19 11:00:00,WinterHDP,11:00,0.105
444,2025-01-19 12:00:00,WinterHDP,12:00,0.132
445,2025-01-19 13:00:00,WinterHDP,13:00,0.183
446,2025-01-19 14:00:00,WinterHDP,14:00,0.249
447,2025-01-19 15:00:00,WinterHDP,15:00,0.312
448,2025-01-19 16:00:00,WinterHDP,16:00,0.396
449,2025-01-19 17:00:00,WinterHDP,17:00,0.525
450,2025-01-19 18:00:00,WinterHDP,18:00,0.497
451,2025-01-19 19:00:00,WinterHDP,19:00,0.452
452,2025-01-19 20:00:00,WinterHDP,20:00,0.392
453,2025-01-19 21:00:00,WinterHDP,21:00,0.311
454,2025-01-19 22:00:00,WinterHDP,22:00,0.2
455,2025-01-19 23:00:00,WinterHDP,23:00,0.111
456,2025-01-20 00:00:00,WinterHDP,00:00,0.072
457,2025-01-20 01:00:00,WinterHDP,01:00,0.044
458,2025-01-20 02:00:00,WinterHDP,02:00,0.02
459,2025-01-20 03:00:00,WinterHDP,03:00,0.011
460,2025-01-20 04:00:00,WinterHDP,04:00,0.033
461,2025-01-20 05:00:00,WinterHDP,05:00,0.11
462,2025-01-20 06:00:00,WinterHDP,06:00,0.267
463,2025-01-20 07:00:00,WinterHDP,07:00,0.308
464,2025-01-20 08:00:00,WinterHDP,08:00,0.216
465,2025-01-20 09:00:00,WinterHDP,09:00,0.158
466,2025-01-20 10:00:00,WinterHDP,10:00,0.126
467,2025-01-20 11:00:00,WinterHDP,11:00,0.105
468,2025-01-20 12:00:00,WinterHDP,12:00,0.132
469,2025-01-20 13:00:00,WinterHDP,13:00,0.183
470,2025-01-20 14:00:00,WinterHDP,14:00,0.249
471,2025-01-20 15:00:00,WinterHDP,15:00,0.312
472,2025-01-20 16:00:00,WinterHDP,16:00,0.396
473,2025-01-20 17:00:00,WinterHDP,17:00,0.525
474,2025-01-20 18:00:00,WinterHDP,18:00,0.497
475,2025-01-20 19:00:00,WinterHDP,19:00,0.452
476,2025-01-20 20:00:00,WinterHDP,20:00,0.392
477,2025-01-20 21:00:00,WinterHDP,21:00,0.311
478,2025-01-20 22:00:00,WinterHDP,22:00,0.2
479,2025-01-20 23:00:00,WinterHDP,23:00,0.111
480,2025-01-21 00:00:00,WinterHDP,00:00,0.072
481,2025-01-21 01:00:00,WinterHDP,01:00,0.044
482,2025-01-21 02:00:00,WinterHDP,02:00,0.02
483,2025-01-21 03:00:00,WinterHDP,03:00,0.011
484,2025-01-21 04:00:00,WinterHDP,04:00,0.033
485,2025-01-21 05:00:00,WinterHDP,05:00,0.11
486,2025-01-21 06:00:00,WinterHDP,06:00,0.267
487,2025-01-21 07:00:00,WinterHDP,07:00,0.308
488,2025-01-21 08:00:00,WinterHDP,08:00,0.216
489,2025-01-21 09:00:00,WinterHDP,09:00,0.158
490,2025-01-21 10:00:00,WinterHDP,10:00,0.126
491,2025-01-21 11:00:00,WinterHDP,11:00,0.105
492,2025-01-21 12:00:00,WinterHDP,12:00,0.132
493,2025-01-21 13:00:00,WinterHDP,13:00,0.183
494,2025-01-21 14:00:00,WinterHDP,14:00,0.249
495,2025-01-21 15:00:00,WinterHDP,15:00,0.312
496,2025-01-21 16:00:00,WinterHDP,16:00,0.396
497,2025-01-21 17:00:00,WinterHDP,17:00,0.525
498,2025-01-21 18:00:00,WinterHDP,18:00,0.497
499,2025-01-21 19:00:00,WinterHDP,19:00,0.452
500,2025-01-21 20:00:00,WinterHDP,20:00,0.392
501,2025-01-21 21:00:00,WinterHDP,21:00,0.311
502,2025-01-21 22:00:00,WinterHDP,22:00,0.2
503,2025-01-21 23:00:00,WinterHDP,23:00,0.111
504,2025-01-22 00:00:00,WinterHDP,00:00,0.072
505,2025-01-22 01:00:00,WinterHDP,01:00,0.044
506,2025-01-22 02:00:00,WinterHDP,02:00,0.02
507,2025-01-22 03:00:00,WinterHDP,03:00,0.011
508,2025-01-22 04:00:00,WinterHDP,04:00,0.033
509,2025-01-22 05:00:00,WinterHDP,05:00,0.11
510,2025-01-22 06:00:00,WinterHDP,06:00,0.267
511,2025-01-22 07:00:00,WinterHDP,07:00,0.308
512,2025-01-22 08:00:00,WinterHDP,08:00,0.216
513,2025-01-22 09:00:00,WinterHDP,09:00,0.158
514,2025-01-22 10:00:00,WinterHDP,10:00,0.126
515,2025-01-22 11:00:00,WinterHDP,11:00,0.105
516,2025-01-22 12:00:00,WinterHDP,12:00,0.132
517,2025-01-22 13:00:00,WinterHDP,13:00,0.183
518,2025-01-22 14:00:00,WinterHDP,14:00,0.249
519,2025-01-22 15:00:00,WinterHDP,15:00,0.312
520,2025-01-22 16:00:00,WinterHDP,16:00,0.396
521,2025-01-22 17:00:00,WinterHDP,17:00,0.525
522,2025-01-22 18:00:00,WinterHDP,18:00,0.497
523,2025-01-22 19:00:00,WinterHDP,19:00,0.452
524,2025-01-22 20:00:00,WinterHDP,20:00,0.392
525,2025-01-22 21:00:00,WinterHDP,21:00,0.311
526,2025-01-22 22:00:00,WinterHDP,22:00,0.2
527,2025-01-22 23:00:00,WinterHDP,23:00,0.111
528,2025-01-23 00:00:00,WinterHDP,00:00,0.072
529,2025-01-23 01:00:00,WinterHDP,01:00,0.044
530,2025-01-23 02:00:00,WinterHDP,02:00,0.02
531,2025-01-23 03:00:00,WinterHDP,03:00,0.011
532,2025-01-23 04:00:00,WinterHDP,04:00,0.033
533,2025-01-23 05:00:00,WinterHDP,05:00,0.11
534,2025-01-23 06:00:00,WinterHDP,06:00,0.267
535,2025-01-23 07:00:00,WinterHDP,07:00,0.308
536,2025-01-23 08:00:00,WinterHDP,08:00,0.216
537,2025-01-23 09:00:00,WinterHDP,09:00,0.158
538,2025-01-23 10:00:00,WinterHDP,10:00,0.126
539,2025-01-23 11:00:00,WinterHDP,11:00,0.105
540,2025-01-23 12:00:00,WinterHDP,12:00,0.132
541,2025-01-23 13:00:00,WinterHDP,13:00,0.183
542,2025-01-23 14:00:00,WinterHDP,14:00,0.249
543,2025-01-23 15:00:00,WinterHDP,15:00,0.312
544,2025-01-23 16:00:00,WinterHDP,16:00,0.396
545,2025-01-23 17:00:00,WinterHDP,17:00,0.525
546,2025-01-23 18:00:00,WinterHDP,18:00,0.497
547,2025-01-23 19:00:00,WinterHDP,19:00,0.452
548,2025-01-23 20:00:00,WinterHDP,20:00,0.392
549,2025-01-23 21:00:00,WinterHDP,21:00,0.311
550,2025-01-23 22:00:00,WinterHDP,22:00,0.2
551,2025-01-23 23:00:00,WinterHDP,23:00,0.111
552,2025-01-24 00:00:00,WinterHDP,00:00,0.072
553,2025-01-24 01:00:00,WinterHDP,01:00,0.044
554,2025-01-24 02:00:00,WinterHDP,02:00,0.02
555,2025-01-24 03:00:00,WinterHDP,03:00,0.011
556,2025-01-24 04:00:00,WinterHDP,04:00,0.033
557,2025-01-24 05:00:00,WinterHDP,05:00,0.11
558,2025-01-24 06:00:00,WinterHDP,06:00,0.267
559,2025-01-24 07:00:00,WinterHDP,07:00,0.308
560,2025-01-24 08:00:00,WinterHDP,08:00,0.216
561,2025-01-24 09:00:00,WinterHDP,09:00,0.158
562,2025-01-24 10:00:00,WinterHDP,10:00,0.126
563,2025-01-24 11:00:00,WinterHDP,11:00,0.105
564,2025-01-24 12:00:00,WinterHDP,12:00,0.132
565,2025-01-24 13:00:00,WinterHDP,13:00,0.183
566,2025-01-24 14:00:00,WinterHDP,14:00,0.249
567,2025-01-24 15:00:00,WinterHDP,15:00,0.312
568,2025-01-24 16:00:00,WinterHDP,16:00,0.396
569,2025-01-24 17:00:00,WinterHDP,17:00,0.525
570,2025-01-24 18:00:00,WinterHDP,18:00,0.497
571,2025-01-24 19:00:00,WinterHDP,19:00,0.452
572,2025-01-24 20:00:00,WinterHDP,20:00,0.392
573,2025-01-24 21:00:00,WinterHDP,21:00,0.311
574,2025-01-24 22:00:00,WinterHDP,22:00,0.2
575,2025-01-24 23:00:00,WinterHDP,23:00,0.111
576,2025-01-25 00:00:00,WinterHDP,00:00,0.072
577,2025-01-25 01:00:00,WinterHDP,01:00,0.044
578,2025-01-25 02:00:00,WinterHDP,02:00,0.02
579,2025-01-25 03:00:00,WinterHDP,03:00,0.011
580,2025-01-25 04:00:00,WinterHDP,04:00,0.033
581,2025-01-25 05:00:00,WinterHDP,05:00,0.11
582,2025-01-25 06:00:00,WinterHDP,06:00,0.267
583,2025-01-25 07:00:00,WinterHDP,07:00,0.308
584,2025-01-25 08:00:00,WinterHDP,08:00,0.216
585,2025-01-25 09:00:00,WinterHDP,09:00,0.158
586,2025-01-25 10:00:00,WinterHDP,10:00,0.126
587,2025-01-25 11:00:00,WinterHDP,11:00,0.105
588,2025-01-25 12:00:00,WinterHDP,12:00,0.132
589,2025-01-25 13:00:00,WinterHDP,13:00,0.183
590,2025-01-25 14:00:00,WinterHDP,14:00,0.249
591,2025-01-25 15:00:00,WinterHDP,15:00,0.312
592,2025-01-25 16:00:00,WinterHDP,16:00,0.396
593,2025-01-25 17:00:00,WinterHDP,17:00,0.525
594,2025-01-25 18:00:00,WinterHDP,18:00,0.497
595,2025-01-25 19:00:00,WinterHDP,19:00,0.452
596,2025-01-25 20:00:00,WinterHDP,20:00,0.392
597,2025-01-25 21:00:00,WinterHDP,21:00,0.311
598,2025-01-25 22:00:00,WinterHDP,22:00,0.2
599,2025-01-25 23:00:00,WinterHDP,23:00,0.111
600,2025-01-26 00:00:00,WinterHDP,00:00,0.072
601,2025-01-26 01:00:00,WinterHDP,01:00,0.044
602,2025-01-26 02:00:00,WinterHDP,02:00,0.02
603,2025-01-26 03:00:00,WinterHDP,03:00,0.011
604,2025-01-26 04:00:00,WinterHDP,04:00,0.033
605,2025-01-26 05:00:00,WinterHDP,05:00,0.11
606,2025-01-26 06:00:00,WinterHDP,06:00,0.267
607,2025-01-26 07:00:00,WinterHDP,07:00,0.308
608,2025-01-26 08:00:00,WinterHDP,08:00,0.216
609,2025-01-26 09:00:00,WinterHDP,09:00,0.158
610,2025-01-26 10:00:00,WinterHDP,10:00,0.126
611,2025-01-26 11:00:00,WinterHDP,11:00,0.105
612,2025-01-26 12:00:00,WinterHDP,12:00,0.132
613,2025-01-26 13:00:00,WinterHDP,13:00,0.183
614,2025-01-26 14:00:00,WinterHDP,14:00,0.249
615,2025-01-26 15:00:00,WinterHDP,15:00,0.312
616,2025-01-26 16:00:00,WinterHDP,16:00,0.396
617,2025-01-26 17:00:00,WinterHDP,17:00,0.525
618,2025-01-26 18:00:00,WinterHDP,18:00,0.497
619,2025-01-26 19:00:00,WinterHDP,19:00,0.452
620,2025-01-26 20:00:00,WinterHDP,20:00,0.392
621,2025-01-26 21:00:00,WinterHDP,21:00,0.311
622,2025-01-26 22:00:00,WinterHDP,22:00,0.2
623,2025-01-26 23:00:00,WinterHDP,23:00,0.111
624,2025-01-27 00:00:00,WinterHDP,00:00,0.072
625,2025-01-27 01:00:00,WinterHDP,01:00,0.044
626,2025-01-27 02:00:00,WinterHDP,02:00,0.02
627,2025-01-27 03:00:00,WinterHDP,03:00,0.011
628,2025-01-27 04:00:00,WinterHDP,04:00,0.033
629,2025-01-27 05:00:00,WinterHDP,05:00,0.11
630,2025-01-27 06:00:00,WinterHDP,06:00,0.267
631,2025-01-27 07:00:00,WinterHDP,07:00,0.308
632,2025-01-27 08:00:00,WinterHDP,08:00,0.216
633,2025-01-27 09:00:00,WinterHDP,09:00,0.158
634,2025-01-27 10:00:00,WinterHDP,10:00,0.126
635,2025-01-27 11:00:00,WinterHDP,11:00,0.105
636,2025-01-27 12:00:00,WinterHDP,12:00,0.132
637,2025-01-27 13:00:00,WinterHDP,13:00,0.183
638,2025-01-27 14:00:00,WinterHDP,14:00,0.249
639,2025-01-27 15:00:00,WinterHDP,15:00,0.312
640,2025-01-27 16:00:00,WinterHDP,16:00,0.396
641,2025-01-27 17:00:00,WinterHDP,17:00,0.525
642,2025-01-27 18:00:00,WinterHDP,18:00,0.497
643,2025-01-27 19:00:00,WinterHDP,19:00,0.452
644,2025-01-27 20:00:00,WinterHDP,20:00,0.392
645,2025-01-27 21:00:00,WinterHDP,21:00,0.311
646,2025-01-27 22:00:00,WinterHDP,22:00,0.2
647,2025-01-27 23:00:00,WinterHDP,23:00,0.111
648,2025-01-28 00:00:00,WinterHDP,00:00,0.072
649,2025-01-28 01:00:00,WinterHDP,01:00,0.044
650,2025-01-28 02:00:00,WinterHDP,02:00,0.02
651,2025-01-28 03:00:00,WinterHDP,03:00,0.011
652,2025-01-28 04:00:00,WinterHDP,04:00,0.033
653,2025-01-28 05:00:00,WinterHDP,05:00,0.11
654,2025-01-28 06:00:00,WinterHDP,06:00,0.267
655,2025-01-28 07:00:00,WinterHDP,07:00,0.308
656,2025-01-28 08:00:00,WinterHDP,08:00,0.216
657,2025-01-28 09:00:00,WinterHDP,09:00,0.158
658,2025-01-28 10:00:00,WinterHDP,10:00,0.126
659,2025-01-28 11:00:00,WinterHDP,11:00,0.105
660,2025-01-28 12:00:00,WinterHDP,12:00,0.132
661,2025-01-28 13:00:00,WinterHDP,13:00,0.183
662,2025-01-28 14:00:00,WinterHDP,14:00,0.249
663,2025-01-28 15:00:00,WinterHDP,15:00,0.312
664,2025-01-28 16:00:00,WinterHDP,16:00,0.396
665,2025-01-28 17:00:00,WinterHDP,17:00,0.525
666,2025-01-28 18:00:00,WinterHDP,18:00,0.497
667,2025-01-28 19:00:00,WinterHDP,19:00,0.452
668,2025-01-28 20:00:00,WinterHDP,20:00,0.392
669,2025-01-28 21:00:00,WinterHDP,21:00,0.311
670,2025-01-28 22:00:00,WinterHDP,22:00,0.2
671,2025-01-28 23:00:00,WinterHDP,23:00,0.111
672,2025-01-29 00:00:00,WinterHDP,00:00,0.072
673,2025-01-29 01:00:00,WinterHDP,01:00,0.044
674,2025-01-29 02:00:00,WinterHDP,02:00,0.02
675,2025-01-29 03:00:00,WinterHDP,03:00,0.011
676,2025-01-29 04:00:00,WinterHDP,04:00,0.033
677,2025-01-29 05:00:00,WinterHDP,05:00,0.11
678,2025-01-29 06:00:00,WinterHDP,06:00,0.267
679,2025-01-29 07:00:00,WinterHDP,07:00,0.308
680,2025-01-29 08:00:00,WinterHDP,08:00,0.216
681,2025-01-29 09:00:00,WinterHDP,09:00,0.158
682,2025-01-29 10:00:00,WinterHDP,10:00,0.126
683,2025-01-29 11:00:00,WinterHDP,11:00,0.105
684,2025-01-29 12:00:00,WinterHDP,12:00,0.132
685,2025-01-29 13:00:00,WinterHDP,13:00,0.183
686,2025-01-29 14:00:00,WinterHDP,14:00,0.249
687,2025-01-29 15:00:00,WinterHDP,15:00,0.312
688,2025-01-29 16:00:00,WinterHDP,16:00,0.396
689,2025-01-29 17:00:00,WinterHDP,17:00,0.525
690,2025-01-29 18:00:00,WinterHDP,18:00,0.497
691,2025-01-29 19:00:00,WinterHDP,19:00,0.452
692,2025-01-29 20:00:00,WinterHDP,20:00,0.392
693,2025-01-29 21:00:00,WinterHDP,21:00,0.311
694,2025-01-29 22:00:00,WinterHDP,22:00,0.2
695,2025-01-29 23:00:00,WinterHDP,23:00,0.111
696,2025-01-30 00:00:00,WinterHDP,00:00,0.072
697,2025-01-30 01:00:00,WinterHDP,01:00,0.044
698,2025-01-30 02:00:00,WinterHDP,02:00,0.02
699,2025-01-30 03:00:00,WinterHDP,03:00,0.011
700,2025-01-30 04:00:00,WinterHDP,04:00,0.033
701,2025-01-30 05:00:00,WinterHDP,05:00,0.11
702,2025-01-30 06:00:00,WinterHDP,06:00,0.267
703,2025-01-30 07:00:00,WinterHDP,07:00,0.308
704,2025-01-30 08:00:00,WinterHDP,08:00,0.216
705,2025-01-30 09:00:00,WinterHDP,09:00,0.158
706,2025-01-30 10:00:00,WinterHDP,10:00,0.126
707,2025-01-30 11:00:00,WinterHDP,11:00,0.105
708,2025-01-30 12:00:00,WinterHDP,12:00,0.132
709,2025-01-30 13:00:00,WinterHDP,13:00,0.183
710,2025-01-30 14:00:00,WinterHDP,14:00,0.249
711,2025-01-30 15:00:00,WinterHDP,15:00,0.312
712,2025-01-30 16:00:00,WinterHDP,16:00,0.396
713,2025-01-30 17:00:00,WinterHDP,17:00,0.525
714,2025-01-30 18:00:00,WinterHDP,18:00,0.497
715,2025-01-30 19:00:00,WinterHDP,19:00,0.452
716,2025-01-30 20:00:00,WinterHDP,20:00,0.392
717,2025-01-30 21:00:00,WinterHDP,21:00,0.311
718,2025-01-30 22:00:00,WinterHDP,22:00,0.2
719,2025-01-30 23:00:00,WinterHDP,23:00,0.111
720,2025-01-31 00:00:00,WinterHDP,00:00,0.072
721,2025-01-31 01:00:00,WinterHDP,01:00,0.044
722,2025-01-31 02:00:00,WinterHDP,02:00,0.02
723,2025-01-31 03:00:00,WinterHDP,03:00,0.011
724,2025-01-31 04:00:00,WinterHDP,04:00,0.033
725,2025-01-31 05:00:00,WinterHDP,05:00,0.11
726,2025-01-31 06:00:00,WinterHDP,06:00,0.267
727,2025-01-31 07:00:00,WinterHDP,07:00,0.308
728,2025-01-31 08:00:00,WinterHDP,08:00,0.216
729,2025-01-31 09:00:00,WinterHDP,09:00,0.158
730,2025-01-31 10:00:00,WinterHDP,10:00,0.126
731,2025-01-31 11:00:00,WinterHDP,11:00,0.105
732,2025-01-31 12:00:00,WinterHDP,12:00,0.132
733,2025-01-31 13:00:00,WinterHDP,13:00,0.183
734,2025-01-31 14:00:00,WinterHDP,14:00,0.249
735,2025-01-31 15:00:00,WinterHDP,15:00,0.312
736,2025-01-31 16:00:00,WinterHDP,16:00,0.396
737,2025-01-31 17:00:00,WinterHDP,17:00,0.525
738,2025-01-31 18:00:00,WinterHDP,18:00,0.497
739,2025-01-31 19:00:00,WinterHDP,19:00,0.452
740,2025-01-31 20:00:00,WinterHDP,20:00,0.392
741,2025-01-31 21:00:00,WinterHDP,21:00,0.311
742,2025-01-31 22:00:00,WinterHDP,22:00,0.2
743,2025-01-31 23:00:00,WinterHDP,23:00,0.111
744,2025-02-01 00:00:00,WinterHDP,00:00,0.072
745,2025-02-01 01:00:00,WinterHDP,01:00,0.044
746,2025-02-01 02:00:00,WinterHDP,02:00,0.02
747,2025-02-01 03:00:00,WinterHDP,03:00,0.011
748,2025-02-01 04:00:00,WinterHDP,04:00,0.033
749,2025-02-01 05:00:00,WinterHDP,05:00,0.11
750,2025-02-01 06:00:00,WinterHDP,06:00,0.267
751,2025-02-01 07:00:00,WinterHDP,07:00,0.308
752,2025-02-01 08:00:00,WinterHDP,08:00,0.216
753,2025-02-01 09:00:00,WinterHDP,09:00,0.158
754,2025-02-01 10:00:00,WinterHDP,10:00,0.126
755,2025-02-01 11:00:00,WinterHDP,11:00,0.105
756,2025-02-01 12:00:00,WinterHDP,12:00,0.132
757,2025-02-01 13:00:00,WinterHDP,13:00,0.183
758,2025-02-01 14:00:00,WinterHDP,14:00,0.249
759,2025-02-01 15:00:00,WinterHDP,15:00,0.312
760,2025-02-01 16:00:00,WinterHDP,16:00,0.396
761,2025-02-01 17:00:00,WinterHDP,17:00,0.525
762,2025-02-01 18:00:00,WinterHDP,18:00,0.497
763,2025-02-01 19:00:00,WinterHDP,19:00,0.452
764,2025-02-01 20:00:00,WinterHDP,20:00,0.392
765,2025-02-01 21:00:00,WinterHDP,21:00,0.311
766,2025-02-01 22:00:00,WinterHDP,22:00,0.2
767,2025-02-01 23:00:00,WinterHDP,23:00,0.111
768,2025-02-02 00:00:00,WinterHDP,00:00,0.072
769,2025-02-02 01:00:00,WinterHDP,01:00,0.044
770,2025-02-02 02:00:00,WinterHDP,02:00,0.02
771,2025-02-02 03:00:00,WinterHDP,03:00,0.011
772,2025-02-02 04:00:00,WinterHDP,04:00,0.033
773,2025-02-02 05:00:00,WinterHDP,05:00,0.11
774,2025-02-02 06:00:00,WinterHDP,06:00,0.267
775,2025-02-02 07:00:00,WinterHDP,07:00,0.308
776,2025-02-02 08:00:00,WinterHDP,08:00,0.216
777,2025-02-02 09:00:00,WinterHDP,09:00,0.158
778,2025-02-02 10:00:00,WinterHDP,10:00,0.126
779,2025-02-02 11:00:00,WinterHDP,11:00,0.105
780,2025-02-02 12:00:00,WinterHDP,12:00,0.132
781,2025-02-02 13:00:00,WinterHDP,13:00,0.183
782,2025-02-02 14:00:00,WinterHDP,14:00,0.249
783,2025-02-02 15:00:00,WinterHDP,15:00,0.312
784,2025-02-02 16:00:00,WinterHDP,16:00,0.396
785,2025-02-02 17:00:00,WinterHDP,17:00,0.525
786,2025-02-02 18:00:00,WinterHDP,18:00,0.497
787,2025-02-02 19:00:00,WinterHDP,19:00,0.452
788,2025-02-02 20:00:00,WinterHDP,20:00,0.392
789,2025-02-02 21:00:00,WinterHDP,21:00,0.311
790,2025-02-02 22:00:00,WinterHDP,22:00,0.2
791,2025-02-02 23:00:00,WinterHDP,23:00,0.111
792,2025-02-03 00:00:00,WinterHDP,00:00,0.072
793,2025-02-03 01:00:00,WinterHDP,01:00,0.044
794,2025-02-03 02:00:00,WinterHDP,02:00,0.02
795,2025-02-03 03:00:00,WinterHDP,03:00,0.011
796,2025-02-03 04:00:00,WinterHDP,04:00,0.033
797,2025-02-03 05:00:00,WinterHDP,05:00,0.11
798,2025-02-03 06:00:00,WinterHDP,06:00,0.267
799,2025-02-03 07:00:00,WinterHDP,07:00,0.308
800,2025-02-03 08:00:00,WinterHDP,08:00,0.216
801,2025-02-03 09:00:00,WinterHDP,09:00,0.158
802,2025-02-03 10:00:00,WinterHDP,10:00,0.126
803,2025-02-03 11:00:00,WinterHDP,11:00,0.105
804,2025-02-03 12:00:00,WinterHDP,12:00,0.132
805,2025-02-03 13:00:00,WinterHDP,13:00,0.183
806,2025-02-03 14:00:00,WinterHDP,14:00,0.249
807,2025-02-03 15:00:00,WinterHDP,15:00,0.312
808,2025-02-03 16:00:00,WinterHDP,16:00,0.396
809,2025-02-03 17:00:00,WinterHDP,17:00,0.525
810,2025-02-03 18:00:00,WinterHDP,18:00,0.497
811,2025-02-03 19:00:00,WinterHDP,19:00,0.452
812,2025-02-03 20:00:00,WinterHDP,20:00,0.392
813,2025-02-03 21:00:00,WinterHDP,21:00,0.311
814,2025-02-03 22:00:00,WinterHDP,22:00,0.2
815,2025-02-03 23:00:00,WinterHDP,23:00,0.111
816,2025-02-04 00:00:00,WinterHDP,00:00,0.072
817,2025-02-04 01:00:00,WinterHDP,01:00,0.044
818,2025-02-04 02:00:00,WinterHDP,02:00,0.02
819,2025-02-04 03:00:00,WinterHDP,03:00,0.011
820,2025-02-04 04:00:00,WinterHDP,04:00,0.033
821,2025-02-04 05:00:00,WinterHDP,05:00,0.11
822,2025-02-04 06:00:00,WinterHDP,06:00,0.267
823,2025-02-04 07:00:00,WinterHDP,07:00,0.308
824,2025-02-04 08:00:00,WinterHDP,08:00,0.216
825,2025-02-04 09:00:00,WinterHDP,09:00,0.158
826,2025-02-04 10:00:00,WinterHDP,10:00,0.126
827,2025-02-04 11:00:00,WinterHDP,11:00,0.105
828,2025-02-04 12:00:00,WinterHDP,12:00,0.132
829,2025-02-04 13:00:00,WinterHDP,13:00,0.183
830,2025-02-04 14:00:00,WinterHDP,14:00,0.249
831,2025-02-04 15:00:00,WinterHDP,15:00,0.312
832,2025-02-04 16:00:00,WinterHDP,16:00,0.396
833,2025-02-04 17:00:00,WinterHDP,17:00,0.525
834,2025-02-04 18:00:00,WinterHDP,18:00,0.497
835,2025-02-04 19:00:00,WinterHDP,19:00,0.452
836,2025-02-04 20:00:00,WinterHDP,20:00,0.392
837,2025-02-04 21:00:00,WinterHDP,21:00,0.311
838,2025-02-04 22:00:00,WinterHDP,22:00,0.2
839,2025-02-04 23:00:00,WinterHDP,23:00,0.111
840,2025-02-05 00:00:00,WinterHDP,00:00,0.072
841,2025-02-05 01:00:00,WinterHDP,01:00,0.044
842,2025-02-05 02:00:00,WinterHDP,02:00,0.02
843,2025-02-05 03:00:00,WinterHDP,03:00,0.011
844,2025-02-05 04:00:00,WinterHDP,04:00,0.033
845,2025-02-05 05:00:00,WinterHDP,05:00,0.11
846,2025-02-05 06:00:00,WinterHDP,06:00,0.267
847,2025-02-05 07:00:00,WinterHDP,07:00,0.308
848,2025-02-05 08:00:00,WinterHDP,08:00,0.216
849,2025-02-05 09:00:00,WinterHDP,09:00,0.158
850,2025-02-05 10:00:00,WinterHDP,10:00,0.126
851,2025-02-05 11:00:00,WinterHDP,11:00,0.105
852,2025-02-05 12:00:00,WinterHDP,12:00,0.132
853,2025-02-05 13:00:00,WinterHDP,13:00,0.183
854,2025-02-05 14:00:00,WinterHDP,14:00,0.249
855,2025-02-05 15:00:00,WinterHDP,15:00,0.312
856,2025-02-05 16:00:00,WinterHDP,16:00,0.396
857,2025-02-05 17:00:00,WinterHDP,17:00,0.525
858,2025-02-05 18:00:00,WinterHDP,18:00,0.497
859,2025-02-05 19:00:00,WinterHDP,19:00,0.452
860,2025-02-05 20:00:00,WinterHDP,20:00,0.392
861,2025-02-05 21:00:00,WinterHDP,21:00,0.311
862,2025-02-05 22:00:00,WinterHDP,22:00,0.2
863,2025-02-05 23:00:00,WinterHDP,23:00,0.111
864,2025-02-06 00:00:00,WinterHDP,00:00,0.072
865,2025-02-06 01:00:00,WinterHDP,01:00,0.044
866,2025-02-06 02:00:00,WinterHDP,02:00,0.02
867,2025-02-06 03:00:00,WinterHDP,03:00,0.011
868,2025-02-06 04:00:00,WinterHDP,04:00,0.033
869,2025-02-06 05:00:00,WinterHDP,05:00,0.11
870,2025-02-06 06:00:00,WinterHDP,06:00,0.267
871,2025-02-06 07:00:00,WinterHDP,07:00,0.308
872,2025-02-06 08:00:00,WinterHDP,08:00,0.216
873,2025-02-06 09:00:00,WinterHDP,09:00,0.158
874,2025-02-06 10:00:00,WinterHDP,10:00,0.126
875,2025-02-06 11:00:00,WinterHDP,11:00,0.105
876,2025-02-06 12:00:00,WinterHDP,12:00,0.132
877,2025-02-06 13:00:00,WinterHDP,13:00,0.183
878,2025-02-06 14:00:00,WinterHDP,14:00,0.249
879,2025-02-06 15:00:00,WinterHDP,15:00,0.312
880,2025-02-06 16:00:00,WinterHDP,16:00,0.396
881,2025-02-06 17:00:00,WinterHDP,17:00,0.525
882,2025-02-06 18:00:00,WinterHDP,18:00,0.497
883,2025-02-06 19:00:00,WinterHDP,19:00,0.452
884,2025-02-06 20:00:00,WinterHDP,20:00,0.392
885,2025-02-06 21:00:00,WinterHDP,21:00,0.311
886,2025-02-06 22:00:00,WinterHDP,22:00,0.2
887,2025-02-06 23:00:00,WinterHDP,23:00,0.111
888,2025-02-07 00:00:00,WinterHDP,00:00,0.072
889,2025-02-07 01:00:00,WinterHDP,01:00,0.044
890,2025-02-07 02:00:00,WinterHDP,02:00,0.02
891,2025-02-07 03:00:00,WinterHDP,03:00,0.011
892,2025-02-07 04:00:00,WinterHDP,04:00,0.033
893,2025-02-07 05:00:00,WinterHDP,05:00,0.11
894,2025-02-07 06:00:00,WinterHDP,06:00,0.267
895,2025-02-07 07:00:00,WinterHDP,07:00,0.308
896,2025-02-07 08:00:00,WinterHDP,08:00,0.216
897,2025-02-07 09:00:00,WinterHDP,09:00,0.158
898,2025-02-07 10:00:00,WinterHDP,10:00,0.126
899,2025-02-07 11:00:00,WinterHDP,11:00,0.105
900,2025-02-07 12:00:00,WinterHDP,12:00,0.132
901,2025-02-07 13:00:00,WinterHDP,13:00,0.183
902,2025-02-07 14:00:00,WinterHDP,14:00,0.249
903,2025-02-07 15:00:00,WinterHDP,15:00,0.312
904,2025-02-07 16:00:00,WinterHDP,16:00,0.396
905,2025-02-07 17:00:00,WinterHDP,17:00,0.525
906,2025-02-07 18:00:00,WinterHDP,18:00,0.497
907,2025-02-07 19:00:00,WinterHDP,19:00,0.452
908,2025-02-07 20:00:00,WinterHDP,20:00,0.392
909,2025-02-07 21:00:00,WinterHDP,21:00,0.311
910,2025-02-07 22:00:00,WinterHDP,22:00,0.2
911,2025-02-07 23:00:00,WinterHDP,23:00,0.111
912,2025-02-08 00:00:00,WinterHDP,00:00,0.072
913,2025-02-08 01:00:00,WinterHDP,01:00,0.044
914,2025-02-08 02:00:00,WinterHDP,02:00,0.02
915,2025-02-08 03:00:00,WinterHDP,03:00,0.011
916,2025-02-08 04:00:00,WinterHDP,04:00,0.033
917,2025-02-08 05:00:00,WinterHDP,05:00,0.11
918,2025-02-08 06:00:00,WinterHDP,06:00,0.267
919,2025-02-08 07:00:00,WinterHDP,07:00,0.308
920,2025-02-08 08:00:00,WinterHDP,08:00,0.216
921,2025-02-08 09:00:00,WinterHDP,09:00,0.158
922,2025-02-08 10:00:00,WinterHDP,10:00,0.126
923,2025-02-08 11:00:00,WinterHDP,11:00,0.105
924,2025-02-08 12:00:00,WinterHDP,12:00,0.132
925,2025-02-08 13:00:00,WinterHDP,13:00,0.183
926,2025-02-08 14:00:00,WinterHDP,14:00,0.249
927,2025-02-08 15:00:00,WinterHDP,15:00,0.312
928,2025-02-08 16:00:00,WinterHDP,16:00,0.396
929,2025-02-08 17:00:00,WinterHDP,17:00,0.525
930,2025-02-08 18:00:00,WinterHDP,18:00,0.497
931,2025-02-08 19:00:00,WinterHDP,19:00,0.452
932,2025-02-08 20:00:00,WinterHDP,20:00,0.392
933,2025-02-08 21:00:00,WinterHDP,21:00,0.311
934,2025-02-08 22:00:00,WinterHDP,22:00,0.2
935,2025-02-08 23:00:00,WinterHDP,23:00,0.111
936,2025-02-09 00:00:00,WinterHDP,00:00,0.072
937,2025-02-09 01:00:00,WinterHDP,01:00,0.044
938,2025-02-09 02:00:00,WinterHDP,02:00,0.02
939,2025-02-09 03:00:00,WinterHDP,03:00,0.011
940,2025-02-09 04:00:00,WinterHDP,04:00,0.033
941,2025-02-09 05:00:00,WinterHDP,05:00,0.11
942,2025-02-09 06:00:00,WinterHDP,06:00,0.267
943,2025-02-09 07:00:00,WinterHDP,07:00,0.308
944,2025-02-09 08:00:00,WinterHDP,08:00,0.216
945,2025-02-09 09:00:00,WinterHDP,09:00,0.158
946,2025-02-09 10:00:00,WinterHDP,10:00,0.126
947,2025-02-09 11:00:00,WinterHDP,11:00,0.105
948,2025-02-09 12:00:00,WinterHDP,12:00,0.132
949,2025-02-09 13:00:00,WinterHDP,13:00,0.183
950,2025-02-09 14:00:00,WinterHDP,14:00,0.249
951,2025-02-09 15:00:00,WinterHDP,15:00,0.312
952,2025-02-09 16:00:00,WinterHDP,16:00,0.396
953,2025-02-09 17:00:00,WinterHDP,17:00,0.525
954,2025-02-09 18:00:00,WinterHDP,18:00,0.497
955,2025-02-09 19:00:00,WinterHDP,19:00,0.452
956,2025-02-09 20:00:00,WinterHDP,20:00,0.392
957,2025-02-09 21:00:00,WinterHDP,21:00,0.311
958,2025-02-09 22:00:00,WinterHDP,22:00,0.2
959,2025-02-09 23:00:00,WinterHDP,23:00,0.111
960,2025-02-10 00:00:00,WinterHDP,00:00,0.072
961,2025-02-10 01:00:00,WinterHDP,01:00,0.044
962,2025-02-10 02:00:00,WinterHDP,02:00,0.02
963,2025-02-10 03:00:00,WinterHDP,03:00,0.011
964,2025-02-10 04:00:00,WinterHDP,04:00,0.033
965,2025-02-10 05:00:00,WinterHDP,05:00,0.11
966,2025-02-10 06:00:00,WinterHDP,06:00,0.267
967,2025-02-10 07:00:00,WinterHDP,07:00,0.308
968,2025-02-10 08:00:00,WinterHDP,08:00,0.216
969,2025-02-10 09:00:00,WinterHDP,09:00,0.158
970,2025-02-10 10:00:00,WinterHDP,10:00,0.126
971,2025-02-10 11:00:00,WinterHDP,11:00,0.105
972,2025-02-10 12:00:00,WinterHDP,12:00,0.132
973,2025-02-10 13:00:00,WinterHDP,13:00,0.183
974,2025-02-10 14:00:00,WinterHDP,14:00,0.249
975,2025-02-10 15:00:00,WinterHDP,15:00,0.312
976,2025-02-10 16:00:00,WinterHDP,16:00,0.396
977,2025-02-10 17:00:00,WinterHDP,17:00,0.525
978,2025-02-10 18:00:00,WinterHDP,18:00,0.497
979,2025-02-10 19:00:00,WinterHDP,19:00,0.452
980,2025-02-10 20:00:00,WinterHDP,20:00,0.392
981,2025-02-10 21:00:00,WinterHDP,21:00,0.311
982,2025-02-10 22:00:00,WinterHDP,22:00,0.2
983,2025-02-10 23:00:00,WinterHDP,23:00,0.111
984,2025-02-11 00:00:00,WinterHDP,00:00,0.072
985,2025-02-11 01:00:00,WinterHDP,01:00,0.044
986,2025-02-11 02:00:00,WinterHDP,02:00,0.02
987,2025-02-11 03:00:00,WinterHDP,03:00,0.011
988,2025-02-11 04:00:00,WinterHDP,04:00,0.033
989,2025-02-11 05:00:00,WinterHDP,05:00,0.11
990,2025-02-11 06:00:00,WinterHDP,06:00,0.267
991,2025-02-11 07:00:00,WinterHDP,07:00,0.308
992,2025-02-11 08:00:00,WinterHDP,08:00,0.216
993,2025-02-11 09:00:00,WinterHDP,09:00,0.158
994,2025-02-11 10:00:00,WinterHDP,10:00,0.126
995,2025-02-11 11:00:00,WinterHDP,11:00,0.105
996,2025-02-11 12:00:00,WinterHDP,12:00,0.132
997,2025-02-11 13:00:00,WinterHDP,13:00,0.183
998,2025-02-11 14:00:00,WinterHDP,14:00,0.249
999,2025-02-11 15:00:00,WinterHDP,15:00,0.312
1000,2025-02-11 16:00:00,WinterHDP,16:00,0.396
1001,2025-02-11 17:00:00,WinterHDP,17:00,0.525
1002,2025-02-11 18:00:00,WinterHDP,18:00,0.497
1003,2025-02-11 19:00:00,WinterHDP,19:00,0.452
1004,2025-02-11 20:00:00,WinterHDP,20:00,0.392
1005,2025-02-11 21:00:00,WinterHDP,21:00,0.311
1006,2025-02-11 22:00:00,WinterHDP,22:00,0.2
1007,2025-02-11 23:00:00,WinterHDP,23:00,0.111
1008,2025-02-12 00:00:00,WinterHDP,00:00,0.072
1009,2025-02-12 01:00:00,WinterHDP,01:00,0.044
1010,2025-02-12 02:00:00,WinterHDP,02:00,0.02
1011,2025-02-12 03:00:00,WinterHDP,03:00,0.011
1012,2025-02-12 04:00:00,WinterHDP,04:00,0.033
1013,2025-02-12 05:00:00,WinterHDP,05:00,0.11
1014,2025-02-12 06:00:00,WinterHDP,06:00,0.267
1015,2025-02-12 07:00:00,WinterHDP,07:00,0.308
1016,2025-02-12 08:00:00,WinterHDP,08:00,0.216
1017,2025-02-12 09:00:00,WinterHDP,09:00,0.158
1018,2025-02-12 10:00:00,WinterHDP,10:00,0.126
1019,2025-02-12 11:00:00,WinterHDP,11:00,0.105
1020,2025-02-12 12:00:00,WinterHDP,12:00,0.132
1021,2025-02-12 13:00:00,WinterHDP,13:00,0.183
1022,2025-02-12 14:00:00,WinterHDP,14:00,0.249
1023,2025-02-12 15:00:00,WinterHDP,15:00,0.312
1024,2025-02-12 16:00:00,WinterHDP,16:00,0.396
1025,2025-02-12 17:00:00,WinterHDP,17:00,0.525
1026,2025-02-12 18:00:00,WinterHDP,18:00,0.497
1027,2025-02-12 19:00:00,WinterHDP,19:00,0.452
1028,2025-02-12 20:00:00,WinterHDP,20:00,0.392
1029,2025-02-12 21:00:00,WinterHDP,21:00,0.311
1030,2025-02-12 22:00:00,WinterHDP,22:00,0.2
1031,2025-02-12 23:00:00,WinterHDP,23:00,0.111
1032,2025-02-13 00:00:00,WinterHDP,00:00,0.072
1033,2025-02-13 01:00:00,WinterHDP,01:00,0.044
1034,2025-02-13 02:00:00,WinterHDP,02:00,0.02
1035,2025-02-13 03:00:00,WinterHDP,03:00,0.011
1036,2025-02-13 04:00:00,WinterHDP,04:00,0.033
1037,2025-02-13 05:00:00,WinterHDP,05:00,0.11
1038,2025-02-13 06:00:00,WinterHDP,06:00,0.267
1039,2025-02-13 07:00:00,WinterHDP,07:00,0.308
1040,2025-02-13 08:00:00,WinterHDP,08:00,0.216
1041,2025-02-13 09:00:00,WinterHDP,09:00,0.158
1042,2025-02-13 10:00:00,WinterHDP,10:00,0.126
1043,2025-02-13 11:00:00,WinterHDP,11:00,0.105
1044,2025-02-13 12:00:00,WinterHDP,12:00,0.132
1045,2025-02-13 13:00:00,WinterHDP,13:00,0.183
1046,2025-02-13 14:00:00,WinterHDP,14:00,0.249
1047,2025-02-13 15:00:00,WinterHDP,15:00,0.312
1048,2025-02-13 16:00:00,WinterHDP,16:00,0.396
1049,2025-02-13 17:00:00,WinterHDP,17:00,0.525
1050,2025-02-13 18:00:00,WinterHDP,18:00,0.497
1051,2025-02-13 19:00:00,WinterHDP,19:00,0.452
1052,2025-02-13 20:00:00,WinterHDP,20:00,0.392
1053,2025-02-13 21:00:00,WinterHDP,21:00,0.311
1054,2025-02-13 22:00:00,WinterHDP,22:00,0.2
1055,2025-02-13 23:00:00,WinterHDP,23:00,0.111
1056,2025-02-14 00:00:00,WinterHDP,00:00,0.072
1057,2025-02-14 01:00:00,WinterHDP,01:00,0.044
1058,2025-02-14 02:00:00,WinterHDP,02:00,0.02
1059,2025-02-14 03:00:00,WinterHDP,03:00,0.011
1060,2025-02-14 04:00:00,WinterHDP,04:00,0.033
1061,2025-02-14 05:00:00,WinterHDP,05:00,0.11
1062,2025-02-14 06:00:00,WinterHDP,06:00,0.267
1063,2025-02-14 07:00:00,WinterHDP,07:00,0.308
1064,2025-02-14 08:00:00,WinterHDP,08:00,0.216
1065,2025-02-14 09:00:00,WinterHDP,09:00,0.158
1066,2025-02-14 10:00:00,WinterHDP,10:00,0.126
1067,2025-02-14 11:00:00,WinterHDP,11:00,0.105
1068,2025-02-14 12:00:00,WinterHDP,12:00,0.132
1069,2025-02-14 13:00:00,WinterHDP,13:00,0.183
1070,2025-02-14 14:00:00,WinterHDP,14:00,0.249
1071,2025-02-14 15:00:00,WinterHDP,15:00,0.312
1072,2025-02-14 16:00:00,WinterHDP,16:00,0.396
1073,2025-02-14 17:00:00,WinterHDP,17:00,0.525
1074,2025-02-14 18:00:00,WinterHDP,18:00,0.497
1075,2025-02-14 19:00:00,WinterHDP,19:00,0.452
1076,2025-02-14 20:00:00,WinterHDP,20:00,0.392
1077,2025-02-14 21:00:00,WinterHDP,21:00,0.311
1078,2025-02-14 22:00:00,WinterHDP,22:00,0.2
1079,2025-02-14 23:00:00,WinterHDP,23:00,0.111
1080,2025-02-15 00:00:00,WinterHDP,00:00,0.072
1081,2025-02-15 01:00:00,WinterHDP,01:00,0.044
1082,2025-02-15 02:00:00,WinterHDP,02:00,0.02
1083,2025-02-15 03:00:00,WinterHDP,03:00,0.011
1084,2025-02-15 04:00:00,WinterHDP,04:00,0.033
1085,2025-02-15 05:00:00,WinterHDP,05:00,0.11
1086,2025-02-15 06:00:00,WinterHDP,06:00,0.267
1087,2025-02-15 07:00:00,WinterHDP,07:00,0.308
1088,2025-02-15 08:00:00,WinterHDP,08:00,0.216
1089,2025-02-15 09:00:00,WinterHDP,09:00,0.158
1090,2025-02-15 10:00:00,WinterHDP,10:00,0.126
1091,2025-02-15 11:00:00,WinterHDP,11:00,0.105
1092,2025-02-15 12:00:00,WinterHDP,12:00,0.132
1093,2025-02-15 13:00:00,WinterHDP,13:00,0.183
1094,2025-02-15 14:00:00,WinterHDP,14:00,0.249
1095,2025-02-15 15:00:00,WinterHDP,15:00,0.312
1096,2025-02-15 16:00:00,WinterHDP,16:00,0.396
1097,2025-02-15 17:00:00,WinterHDP,17:00,0.525
1098,2025-02-15 18:00:00,WinterHDP,18:00,0.497
1099,2025-02-15 19:00:00,WinterHDP,19:00,0.452
1100,2025-02-15 20:00:00,WinterHDP,20:00,0.392
1101,2025-02-15 21:00:00,WinterHDP,21:00,0.311
1102,2025-02-15 22:00:00,WinterHDP,22:00,0.2
1103,2025-02-15 23:00:00,WinterHDP,23:00,0.111
1104,2025-02-16 00:00:00,WinterHDP,00:00,0.072
1105,2025-02-16 01:00:00,WinterHDP,01:00,0.044
1106,2025-02-16 02:00:00,WinterHDP,02:00,0.02
1107,2025-02-16 03:00:00,WinterHDP,03:00,0.011
1108,2025-02-16 04:00:00,WinterHDP,04:00,0.033
1109,2025-02-16 05:00:00,WinterHDP,05:00,0.11
1110,2025-02-16 06:00:00,WinterHDP,06:00,0.267
1111,2025-02-16 07:00:00,WinterHDP,07:00,0.308
1112,2025-02-16 08:00:00,WinterHDP,08:00,0.216
1113,2025-02-16 09:00:00,WinterHDP,09:00,0.158
1114,2025-02-16 10:00:00,WinterHDP,10:00,0.126
1115,2025-02-16 11:00:00,WinterHDP,11:00,0.105
1116,2025-02-16 12:00:00,WinterHDP,12:00,0.132
1117,2025-02-16 13:00:00,WinterHDP,13:00,0.183
1118,2025-02-16 14:00:00,WinterHDP,14:00,0.249
1119,2025-02-16 15:00:00,WinterHDP,15:00,0.312
1120,2025-02-16 16:00:00,WinterHDP,16:00,0.396
1121,2025-02-16 17:00:00,WinterHDP,17:00,0.525
1122,2025-02-16 18:00:00,WinterHDP,18:00,0.497
1123,2025-02-16 19:00:00,WinterHDP,19:00,0.452
1124,2025-02-16 20:00:00,WinterHDP,20:00,0.392
1125,2025-02-16 21:00:00,WinterHDP,21:00,0.311
1126,2025-02-16 22:00:00,WinterHDP,22:00,0.2
1127,2025-02-16 23:00:00,WinterHDP,23:00,0.111
1128,2025-02-17 00:00:00,WinterHDP,00:00,0.072
1129,2025-02-17 01:00:00,WinterHDP,01:00,0.044
1130,2025-02-17 02:00:00,WinterHDP,02:00,0.02
1131,2025-02-17 03:00:00,WinterHDP,03:00,0.011
1132,2025-02-17 04:00:00,WinterHDP,04:00,0.033
1133,2025-02-17 05:00:00,WinterHDP,05:00,0.11
1134,2025-02-17 06:00:00,WinterHDP,06:00,0.267
1135,2025-02-17 07:00:00,WinterHDP,07:00,0.308
1136,2025-02-17 08:00:00,WinterHDP,08:00,0.216
1137,2025-02-17 09:00:00,WinterHDP,09:00,0.158
1138,2025-02-17 10:00:00,WinterHDP,10:00,0.126
1139,2025-02-17 11:00:00,WinterHDP,11:00,0.105
1140,2025-02-17 12:00:00,WinterHDP,12:00,0.132
1141,2025-02-17 13:00:00,WinterHDP,13:00,0.183
1142,2025-02-17 14:00:00,WinterHDP,14:00,0.249
1143,2025-02-17 15:00:00,WinterHDP,15:00,0.312
1144,2025-02-17 16:00:00,WinterHDP,16:00,0.396
1145,2025-02-17 17:00:00,WinterHDP,17:00,0.525
1146,2025-02-17 18:00:00,WinterHDP,18:00,0.497
1147,2025-02-17 19:00:00,WinterHDP,19:00,0.452
1148,2025-02-17 20:00:00,WinterHDP,20:00,0.392
1149,2025-02-17 21:00:00,WinterHDP,21:00,0.311
1150,2025-02-17 22:00:00,WinterHDP,22:00,0.2
1151,2025-02-17 23:00:00,WinterHDP,23:00,0.111
1152,2025-02-18 00:00:00,WinterHDP,00:00,0.072
1153,2025-02-18 01:00:00,WinterHDP,01:00,0.044
1154,2025-02-18 02:00:00,WinterHDP,02:00,0.02
1155,2025-02-18 03:00:00,WinterHDP,03:00,0.011
1156,2025-02-18 04:00:00,WinterHDP,04:00,0.033
1157,2025-02-18 05:00:00,WinterHDP,05:00,0.11
1158,2025-02-18 06:00:00,WinterHDP,06:00,0.267
1159,2025-02-18 07:00:00,WinterHDP,07:00,0.308
1160,2025-02-18 08:00:00,WinterHDP,08:00,0.216
1161,2025-02-18 09:00:00,WinterHDP,09:00,0.158
1162,2025-02-18 10:00:00,WinterHDP,10:00,0.126
1163,2025-02-18 11:00:00,WinterHDP,11:00,0.105
1164,2025-02-18 12:00:00,WinterHDP,12:00,0.132
1165,2025-02-18 13:00:00,WinterHDP,13:00,0.183
1166,2025-02-18 14:00:00,WinterHDP,14:00,0.249
1167,2025-02-18 15:00:00,WinterHDP,15:00,0.312
1168,2025-02-18 16:00:00,WinterHDP,16:00,0.396
1169,2025-02-18 17:00:00,WinterHDP,17:00,0.525
1170,2025-02-18 18:00:00,WinterHDP,18:00,0.497
1171,2025-02-18 19:00:00,WinterHDP,19:00,0.452
1172,2025-02-18 20:00:00,WinterHDP,20:00,0.392
1173,2025-02-18 21:00:00,WinterHDP,21:00,0.311
1174,2025-02-18 22:00:00,WinterHDP,22:00,0.2
1175,2025-02-18 23:00:00,WinterHDP,23:00,0.111
1176,2025-02-19 00:00:00,WinterHDP,00:00,0.072
1177,2025-02-19 01:00:00,WinterHDP,01:00,0.044
1178,2025-02-19 02:00:00,WinterHDP,02:00,0.02
1179,2025-02-19 03:00:00,WinterHDP,03:00,0.011
1180,2025-02-19 04:00:00,WinterHDP,04:00,0.033
1181,2025-02-19 05:00:00,WinterHDP,05:00,0.11
1182,2025-02-19 06:00:00,WinterHDP,06:00,0.267
1183,2025-02-19 07:00:00,WinterHDP,07:00,0.308
1184,2025-02-19 08:00:00,WinterHDP,08:00,0.216
1185,2025-02-19 09:00:00,WinterHDP,09:00,0.158
1186,2025-02-19 10:00:00,WinterHDP,10:00,0.126
1187,2025-02-19 11:00:00,WinterHDP,11:00,0.105
1188,2025-02-19 12:00:00,WinterHDP,12:00,0.132
1189,2025-02-19 13:00:00,WinterHDP,13:00,0.183
1190,2025-02-19 14:00:00,WinterHDP,14:00,0.249
1191,2025-02-19 15:00:00,WinterHDP,15:00,0.312
1192,2025-02-19 16:00:00,WinterHDP,16:00,0.396
1193,2025-02-19 17:00:00,WinterHDP,17:00,0.525
1194,2025-02-19 18:00:00,WinterHDP,18:00,0.497
1195,2025-02-19 19:00:00,WinterHDP,19:00,0.452
1196,2025-02-19 20:00:00,WinterHDP,20:00,0.392
1197,2025-02-19 21:00:00,WinterHDP,21:00,0.311
1198,2025-02-19 22:00:00,WinterHDP,22:00,0.2
1199,2025-02-19 23:00:00,WinterHDP,23:00,0.111
1200,2025-02-20 00:00:00,WinterHDP,00:00,0.072
1201,2025-02-20 01:00:00,WinterHDP,01:00,0.044
1202,2025-02-20 02:00:00,WinterHDP,02:00,0.02
1203,2025-02-20 03:00:00,WinterHDP,03:00,0.011
1204,2025-02-20 04:00:00,WinterHDP,04:00,0.033
1205,2025-02-20 05:00:00,WinterHDP,05:00,0.11
1206,2025-02-20 06:00:00,WinterHDP,06:00,0.267
1207,2025-02-20 07:00:00,WinterHDP,07:00,0.308
1208,2025-02-20 08:00:00,WinterHDP,08:00,0.216
1209,2025-02-20 09:00:00,WinterHDP,09:00,0.158
1210,2025-02-20 10:00:00,WinterHDP,10:00,0.126
1211,2025-02-20 11:00:00,WinterHDP,11:00,0.105
1212,2025-02-20 12:00:00,WinterHDP,12:00,0.132
1213,2025-02-20 13:00:00,WinterHDP,13:00,0.183
1214,2025-02-20 14:00:00,WinterHDP,14:00,0.249
1215,2025-02-20 15:00:00,WinterHDP,15:00,0.312
1216,2025-02-20 16:00:00,WinterHDP,16:00,0.396
1217,2025-02-20 17:00:00,WinterHDP,17:00,0.525
1218,2025-02-20 18:00:00,WinterHDP,18:00,0.497
1219,2025-02-20 19:00:00,WinterHDP,19:00,0.452
1220,2025-02-20 20:00:00,WinterHDP,20:00,0.392
1221,2025-02-20 21:00:00,WinterHDP,21:00,0.311
1222,2025-02-20 22:00:00,WinterHDP,22:00,0.2
1223,2025-02-20 23:00:00,WinterHDP,23:00,0.111
1224,2025-02-21 00:00:00,WinterHDP,00:00,0.072
1225,2025-02-21 01:00:00,WinterHDP,01:00,0.044
1226,2025-02-21 02:00:00,WinterHDP,02:00,0.02
1227,2025-02-21 03:00:00,WinterHDP,03:00,0.011
1228,2025-02-21 04:00:00,WinterHDP,04:00,0.033
1229,2025-02-21 05:00:00,WinterHDP,05:00,0.11
1230,2025-02-21 06:00:00,WinterHDP,06:00,0.267
1231,2025-02-21 07:00:00,WinterHDP,07:00,0.308
1232,2025-02-21 08:00:00,WinterHDP,08:00,0.216
1233,2025-02-21 09:00:00,WinterHDP,09:00,0.158
1234,2025-02-21 10:00:00,WinterHDP,10:00,0.126
1235,2025-02-21 11:00:00,WinterHDP,11:00,0.105
1236,2025-02-21 12:00:00,WinterHDP,12:00,0.132
1237,2025-02-21 13:00:00,WinterHDP,13:00,0.183
1238,2025-02-21 14:00:00,WinterHDP,14:00,0.249
1239,2025-02-21 15:00:00,WinterHDP,15:00,0.312
1240,2025-02-21 16:00:00,WinterHDP,16:00,0.396
1241,2025-02-21 17:00:00,WinterHDP,17:00,0.525
1242,2025-02-21 18:00:00,WinterHDP,18:00,0.497
1243,2025-02-21 19:00:00,WinterHDP,19:00,0.452
1244,2025-02-21 20:00:00,WinterHDP,20:00,0.392
1245,2025-02-21 21:00:00,WinterHDP,21:00,0.311
1246,2025-02-21 22:00:00,WinterHDP,22:00,0.2
1247,2025-02-21 23:00:00,WinterHDP,23:00,0.111
1248,2025-02-22 00:00:00,WinterHDP,00:00,0.072
1249,2025-02-22 01:00:00,WinterHDP,01:00,0.044
1250,2025-02-22 02:00:00,WinterHDP,02:00,0.02
1251,2025-02-22 03:00:00,WinterHDP,03:00,0.011
1252,2025-02-22 04:00:00,WinterHDP,04:00,0.033
1253,2025-02-22 05:00:00,WinterHDP,05:00,0.11
1254,2025-02-22 06:00:00,WinterHDP,06:00,0.267
1255,2025-02-22 07:00:00,WinterHDP,07:00,0.308
1256,2025-02-22 08:00:00,WinterHDP,08:00,0.216
1257,2025-02-22 09:00:00,WinterHDP,09:00,0.158
1258,2025-02-22 10:00:00,WinterHDP,10:00,0.126
1259,2025-02-22 11:00:00,WinterHDP,11:00,0.105
1260,2025-02-22 12:00:00,WinterHDP,12:00,0.132
1261,2025-02-22 13:00:00,WinterHDP,13:00,0.183
1262,2025-02-22 14:00:00,WinterHDP,14:00,0.249
1263,2025-02-22 15:00:00,WinterHDP,15:00,0.312
1264,2025-02-22 16:00:00,WinterHDP,16:00,0.396
1265,2025-02-22 17:00:00,WinterHDP,17:00,0.525
1266,2025-02-22 18:00:00,WinterHDP,18:00,0.497
1267,2025-02-22 19:00:00,WinterHDP,19:00,0.452
1268,2025-02-22 20:00:00,WinterHDP,20:00,0.392
1269,2025-02-22 21:00:00,WinterHDP,21:00,0.311
1270,2025-02-22 22:00:00,WinterHDP,22:00,0.2
1271,2025-02-22 23:00:00,WinterHDP,23:00,0.111
1272,2025-02-23 00:00:00,WinterHDP,00:00,0.072
1273,2025-02-23 01:00:00,WinterHDP,01:00,0.044
1274,2025-02-23 02:00:00,WinterHDP,02:00,0.02
1275,2025-02-23 03:00:00,WinterHDP,03:00,0.011
1276,2025-02-23 04:00:00,WinterHDP,04:00,0.033
1277,2025-02-23 05:00:00,WinterHDP,05:00,0.11
1278,2025-02-23 06:00:00,WinterHDP,06:00,0.267
1279,2025-02-23 07:00:00,WinterHDP,07:00,0.308
1280,2025-02-23 08:00:00,WinterHDP,08:00,0.216
1281,2025-02-23 09:00:00,WinterHDP,09:00,0.158
1282,2025-02-23 10:00:00,WinterHDP,10:00,0.126
1283,2025-02-23 11:00:00,WinterHDP,11:00,0.105
1284,2025-02-23 12:00:00,WinterHDP,12:00,0.132
1285,2025-02-23 13:00:00,WinterHDP,13:00,0.183
1286,2025-02-23 14:00:00,WinterHDP,14:00,0.249
1287,2025-02-23 15:00:00,WinterHDP,15:00,0.312
1288,2025-02-23 16:00:00,WinterHDP,16:00,0.396
1289,2025-02-23 17:00:00,WinterHDP,17:00,0.525
1290,2025-02-23 18:00:00,WinterHDP,18:00,0.497
1291,2025-02-23 19:00:00,WinterHDP,19:00,0.452
1292,2025-02-23 20:00:00,WinterHDP,20:00,0.392
1293,2025-02-23 21:00:00,WinterHDP,21:00,0.311
1294,2025-02-23 22:00:00,WinterHDP,22:00,0.2
1295,2025-02-23 23:00:00,WinterHDP,23:00,0.111
1296,2025-02-24 00:00:00,WinterHDP,00:00,0.072
1297,2025-02-24 01:00:00,WinterHDP,01:00,0.044
1298,2025-02-24 02:00:00,WinterHDP,02:00,0.02
1299,2025-02-24 03:00:00,WinterHDP,03:00,0.011
1300,2025-02-24 04:00:00,WinterHDP,04:00,0.033
1301,2025-02-24 05:00:00,WinterHDP,05:00,0.11
1302,2025-02-24 06:00:00,WinterHDP,06:00,0.267
1303,2025-02-24 07:00:00,WinterHDP,07:00,0.308
1304,2025-02-24 08:00:00,WinterHDP,08:00,0.216
1305,2025-02-24 09:00:00,WinterHDP,09:00,0.158
1306,2025-02-24 10:00:00,WinterHDP,10:00,0.126
1307,2025-02-24 11:00:00,WinterHDP,11:00,0.105
1308,2025-02-24 12:00:00,WinterHDP,12:00,0.132
1309,2025-02-24 13:00:00,WinterHDP,13:00,0.183
1310,2025-02-24 14:00:00,WinterHDP,14:00,0.249
1311,2025-02-24 15:00:00,WinterHDP,15:00,0.312
1312,2025-02-24 16:00:00,WinterHDP,16:00,0.396
1313,2025-02-24 17:00:00,WinterHDP,17:00,0.525
1314,2025-02-24 18:00:00,WinterHDP,18:00,0.497
1315,2025-02-24 19:00:00,WinterHDP,19:00,0.452
1316,2025-02-24 20:00:00,WinterHDP,20:00,0.392
1317,2025-02-24 21:00:00,WinterHDP,21:00,0.311
1318,2025-02-24 22:00:00,WinterHDP,22:00,0.2
1319,2025-02-24 23:00:00,WinterHDP,23:00,0.111
1320,2025-02-25 00:00:00,WinterHDP,00:00,0.072
1321,2025-02-25 01:00:00,WinterHDP,01:00,0.044
1322,2025-02-25 02:00:00,WinterHDP,02:00,0.02
1323,2025-02-25 03:00:00,WinterHDP,03:00,0.011
1324,2025-02-25 04:00:00,WinterHDP,04:00,0.033
1325,2025-02-25 05:00:00,WinterHDP,05:00,0.11
1326,2025-02-25 06:00:00,WinterHDP,06:00,0.267
1327,2025-02-25 07:00:00,WinterHDP,07:00,0.308
1328,2025-02-25 08:00:00,WinterHDP,08:00,0.216
1329,2025-02-25 09:00:00,WinterHDP,09:00,0.158
1330,2025-02-25 10:00:00,WinterHDP,10:00,0.126
1331,2025-02-25 11:00:00,WinterHDP,11:00,0.105
1332,2025-02-25 12:00:00,WinterHDP,12:00,0.132
1333,2025-02-25 13:00:00,WinterHDP,13:00,0.183
1334,2025-02-25 14:00:00,WinterHDP,14:00,0.249
1335,2025-02-25 15:00:00,WinterHDP,15:00,0.312
1336,2025-02-25 16:00:00,WinterHDP,16:00,0.396
1337,2025-02-25 17:00:00,WinterHDP,17:00,0.525
1338,2025-02-25 18:00:00,WinterHDP,18:00,0.497
1339,2025-02-25 19:00:00,WinterHDP,19:00,0.452
1340,2025-02-25 20:00:00,WinterHDP,20:00,0.392
1341,2025-02-25 21:00:00,WinterHDP,21:00,0.311
1342,2025-02-25 22:00:00,WinterHDP,22:00,0.2
1343,2025-02-25 23:00:00,WinterHDP,23:00,0.111
1344,2025-02-26 00:00:00,WinterHDP,00:00,0.072
1345,2025-02-26 01:00:00,WinterHDP,01:00,0.044
1346,2025-02-26 02:00:00,WinterHDP,02:00,0.02
1347,2025-02-26 03:00:00,WinterHDP,03:00,0.011
1348,2025-02-26 04:00:00,WinterHDP,04:00,0.033
1349,2025-02-26 05:00:00,WinterHDP,05:00,0.11
1350,2025-02-26 06:00:00,WinterHDP,06:00,0.267
1351,2025-02-26 07:00:00,WinterHDP,07:00,0.308
1352,2025-02-26 08:00:00,WinterHDP,08:00,0.216
1353,2025-02-26 09:00:00,WinterHDP,09:00,0.158
1354,2025-02-26 10:00:00,WinterHDP,10:00,0.126
1355,2025-02-26 11:00:00,WinterHDP,11:00,0.105
1356,2025-02-26 12:00:00,WinterHDP,12:00,0.132
1357,2025-02-26 13:00:00,WinterHDP,13:00,0.183
1358,2025-02-26 14:00:00,WinterHDP,14:00,0.249
1359,2025-02-26 15:00:00,WinterHDP,15:00,0.312
1360,2025-02-26 16:00:00,WinterHDP,16:00,0.396
1361,2025-02-26 17:00:00,WinterHDP,17:00,0.525
1362,2025-02-26 18:00:00,WinterHDP,18:00,0.497
1363,2025-02-26 19:00:00,WinterHDP,19:00,0.452
1364,2025-02-26 20:00:00,WinterHDP,20:00,0.392
1365,2025-02-26 21:00:00,WinterHDP,21:00,0.311
1366,2025-02-26 22:00:00,WinterHDP,22:00,0.2
1367,2025-02-26 23:00:00,WinterHDP,23:00,0.111
1368,2025-02-27 00:00:00,WinterHDP,00:00,0.072
1369,2025-02-27 01:00:00,WinterHDP,01:00,0.044
1370,2025-02-27 02:00:00,WinterHDP,02:00,0.02
1371,2025-02-27 03:00:00,WinterHDP,03:00,0.011
1372,2025-02-27 04:00:00,WinterHDP,04:00,0.033
1373,2025-02-27 05:00:00,WinterHDP,05:00,0.11
1374,2025-02-27 06:00:00,WinterHDP,06:00,0.267
1375,2025-02-27 07:00:00,WinterHDP,07:00,0.308
1376,2025-02-27 08:00:00,WinterHDP,08:00,0.216
1377,2025-02-27 09:00:00,WinterHDP,09:00,0.158
1378,2025-02-27 10:00:00,WinterHDP,10:00,0.126
1379,2025-02-27 11:00:00,WinterHDP,11:00,0.105
1380,2025-02-27 12:00:00,WinterHDP,12:00,0.132
1381,2025-02-27 13:00:00,WinterHDP,13:00,0.183
1382,2025-02-27 14:00:00,WinterHDP,14:00,0.249
1383,2025-02-27 15:00:00,WinterHDP,15:00,0.312
1384,2025-02-27 16:00:00,WinterHDP,16:00,0.396
1385,2025-02-27 17:00:00,WinterHDP,17:00,0.525
1386,2025-02-27 18:00:00,WinterHDP,18:00,0.497
1387,2025-02-27 19:00:00,WinterHDP,19:00,0.452
1388,2025-02-27 20:00:00,WinterHDP,20:00,0.392
1389,2025-02-27 21:00:00,WinterHDP,21:00,0.311
1390,2025-02-27 22:00:00,WinterHDP,22:00,0.2
1391,2025-02-27 23:00:00,WinterHDP,23:00,0.111
1392,2025-02-28 00:00:00,WinterHDP,00:00,0.072
1393,2025-02-28 01:00:00,WinterHDP,01:00,0.044
1394,2025-02-28 02:00:00,WinterHDP,02:00,0.02
1395,2025-02-28 03:00:00,WinterHDP,03:00,0.011
1396,2025-02-28 04:00:00,WinterHDP,04:00,0.033
1397,2025-02-28 05:00:00,WinterHDP,05:00,0.11
1398,2025-02-28 06:00:00,WinterHDP,06:00,0.267
1399,2025-02-28 07:00:00,WinterHDP,07:00,0.308
1400,2025-02-28 08:00:00,WinterHDP,08:00,0.216
1401,2025-02-28 09:00:00,WinterHDP,09:00,0.158
1402,2025-02-28 10:00:00,WinterHDP,10:00,0.126
1403,2025-02-28 11:00:00,WinterHDP,11:00,0.105
1404,2025-02-28 12:00:00,WinterHDP,12:00,0.132
1405,2025-02-28 13:00:00,WinterHDP,13:00,0.183
1406,2025-02-28 14:00:00,WinterHDP,14:00,0.249
1407,2025-02-28 15:00:00,WinterHDP,15:00,0.312
1408,2025-02-28 16:00:00,WinterHDP,16:00,0.396
1409,2025-02-28 17:00:00,WinterHDP,17:00,0.525
1410,2025-02-28 18:00:00,WinterHDP,18:00,0.497
1411,2025-02-28 19:00:00,WinterHDP,19:00,0.452
1412,2025-02-28 20:00:00,WinterHDP,20:00,0.392
1413,2025-02-28 21:00:00,WinterHDP,21:00,0.311
1414,2025-02-28 22:00:00,WinterHDP,22:00,0.2
1415,2025-02-28 23:00:00,WinterHDP,23:00,0.111
1416,2025-03-01 00:00:00,SpringHDP,00:00,0.171
1417,2025-03-01 01:00:00,SpringHDP,01:00,0.144
1418,2025-03-01 02:00:00,SpringHDP,02:00,0.138
1419,2025-03-01 03:00:00,SpringHDP,03:00,0.152
1420,2025-03-01 04:00:00,SpringHDP,04:00,0.183
1421,2025-03-01 05:00:00,SpringHDP,05:00,0.271
1422,2025-03-01 06:00:00,SpringHDP,06:00,0.466
1423,2025-03-01 07:00:00,SpringHDP,07:00,0.533
1424,2025-03-01 08:00:00,SpringHDP,08:00,0.28
1425,2025-03-01 09:00:00,SpringHDP,09:00,0.116
1426,2025-03-01 10:00:00,SpringHDP,10:00,0.04
1427,2025-03-01 11:00:00,SpringHDP,11:00,0.02
1428,2025-03-01 12:00:00,SpringHDP,12:00,0.011
1429,2025-03-01 13:00:00,SpringHDP,13:00,0.019
1430,2025-03-01 14:00:00,SpringHDP,14:00,0.026
1431,2025-03-01 15:00:00,SpringHDP,15:00,0.063
1432,2025-03-01 16:00:00,SpringHDP,16:00,0.096
1433,2025-03-01 17:00:00,SpringHDP,17:00,0.236
1434,2025-03-01 18:00:00,SpringHDP,18:00,0.493
1435,2025-03-01 19:00:00,SpringHDP,19:00,0.662
1436,2025-03-01 20:00:00,SpringHDP,20:00,0.536
1437,2025-03-01 21:00:00,SpringHDP,21:00,0.412
1438,2025-03-01 22:00:00,SpringHDP,22:00,0.29
1439,2025-03-01 23:00:00,SpringHDP,23:00,0.221
1440,2025-03-02 00:00:00,SpringHDP,00:00,0.171
1441,2025-03-02 01:00:00,SpringHDP,01:00,0.144
1442,2025-03-02 02:00:00,SpringHDP,02:00,0.138
1443,2025-03-02 03:00:00,SpringHDP,03:00,0.152
1444,2025-03-02 04:00:00,SpringHDP,04:00,0.183
1445,2025-03-02 05:00:00,SpringHDP,05:00,0.271
1446,2025-03-02 06:00:00,SpringHDP,06:00,0.466
1447,2025-03-02 07:00:00,SpringHDP,07:00,0.533
1448,2025-03-02 08:00:00,SpringHDP,08:00,0.28
1449,2025-03-02 09:00:00,SpringHDP,09:00,0.116
1450,2025-03-02 10:00:00,SpringHDP,10:00,0.04
1451,2025-03-02 11:00:00,SpringHDP,11:00,0.02
1452,2025-03-02 12:00:00,SpringHDP,12:00,0.011
1453,2025-03-02 13:00:00,SpringHDP,13:00,0.019
1454,2025-03-02 14:00:00,SpringHDP,14:00,0.026
1455,2025-03-02 15:00:00,SpringHDP,15:00,0.063
1456,2025-03-02 16:00:00,SpringHDP,16:00,0.096
1457,2025-03-02 17:00:00,SpringHDP,17:00,0.236
1458,2025-03-02 18:00:00,SpringHDP,18:00,0.493
1459,2025-03-02 19:00:00,SpringHDP,19:00,0.662
1460,2025-03-02 20:00:00,SpringHDP,20:00,0.536
1461,2025-03-02 21:00:00,SpringHDP,21:00,0.412
1462,2025-03-02 22:00:00,SpringHDP,22:00,0.29
1463,2025-03-02 23:00:00,SpringHDP,23:00,0.221
1464,2025-03-03 00:00:00,SpringHDP,00:00,0.171
1465,2025-03-03 01:00:00,SpringHDP,01:00,0.144
1466,2025-03-03 02:00:00,SpringHDP,02:00,0.138
1467,2025-03-03 03:00:00,SpringHDP,03:00,0.152
1468,2025-03-03 04:00:00,SpringHDP,04:00,0.183
1469,2025-03-03 05:00:00,SpringHDP,05:00,0.271
1470,2025-03-03 06:00:00,SpringHDP,06:00,0.466
1471,2025-03-03 07:00:00,SpringHDP,07:00,0.533
1472,2025-03-03 08:00:00,SpringHDP,08:00,0.28
1473,2025-03-03 09:00:00,SpringHDP,09:00,0.116
1474,2025-03-03 10:00:00,SpringHDP,10:00,0.04
1475,2025-03-03 11:00:00,SpringHDP,11:00,0.02
1476,2025-03-03 12:00:00,SpringHDP,12:00,0.011
1477,2025-03-03 13:00:00,SpringHDP,13:00,0.019
1478,2025-03-03 14:00:00,SpringHDP,14:00,0.026
1479,2025-03-03 15:00:00,SpringHDP,15:00,0.063
1480,2025-03-03 16:00:00,SpringHDP,16:00,0.096
1481,2025-03-03 17:00:00,SpringHDP,17:00,0.236
1482,2025-03-03 18:00:00,SpringHDP,18:00,0.493
1483,2025-03-03 19:00:00,SpringHDP,19:00,0.662
1484,2025-03-03 20:00:00,SpringHDP,20:00,0.536
1485,2025-03-03 21:00:00,SpringHDP,21:00,0.412
1486,2025-03-03 22:00:00,SpringHDP,22:00,0.29
1487,2025-03-03 23:00:00,SpringHDP,23:00,0.221
1488,2025-03-04 00:00:00,SpringHDP,00:00,0.171
1489,2025-03-04 01:00:00,SpringHDP,01:00,0.144
1490,2025-03-04 02:00:00,SpringHDP,02:00,0.138
1491,2025-03-04 03:00:00,SpringHDP,03:00,0.152
1492,2025-03-04 04:00:00,SpringHDP,04:00,0.183
1493,2025-03-04 05:00:00,SpringHDP,05:00,0.271
1494,2025-03-04 06:00:00,SpringHDP,06:00,0.466
1495,2025-03-04 07:00:00,SpringHDP,07:00,0.533
1496,2025-03-04 08:00:00,SpringHDP,08:00,0.28
1497,2025-03-04 09:00:00,SpringHDP,09:00,0.116
1498,2025-03-04 10:00:00,SpringHDP,10:00,0.04
1499,2025-03-04 11:00:00,SpringHDP,11:00,0.02
1500,2025-03-04 12:00:00,SpringHDP,12:00,0.011
1501,2025-03-04 13:00:00,SpringHDP,13:00,0.019
1502,2025-03-04 14:00:00,SpringHDP,14:00,0.026
1503,2025-03-04 15:00:00,SpringHDP,15:00,0.063
1504,2025-03-04 16:00:00,SpringHDP,16:00,0.096
1505,2025-03-04 17:00:00,SpringHDP,17:00,0.236
1506,2025-03-04 18:00:00,SpringHDP,18:00,0.493
1507,2025-03-04 19:00:00,SpringHDP,19:00,0.662
1508,2025-03-04 20:00:00,SpringHDP,20:00,0.536
1509,2025-03-04 21:00:00,SpringHDP,21:00,0.412
1510,2025-03-04 22:00:00,SpringHDP,22:00,0.29
1511,2025-03-04 23:00:00,SpringHDP,23:00,0.221
1512,2025-03-05 00:00:00,SpringHDP,00:00,0.171
1513,2025-03-05 01:00:00,SpringHDP,01:00,0.144
1514,2025-03-05 02:00:00,SpringHDP,02:00,0.138
1515,2025-03-05 03:00:00,SpringHDP,03:00,0.152
1516,2025-03-05 04:00:00,SpringHDP,04:00,0.183
1517,2025-03-05 05:00:00,SpringHDP,05:00,0.271
1518,2025-03-05 06:00:00,SpringHDP,06:00,0.466
1519,2025-03-05 07:00:00,SpringHDP,07:00,0.533
1520,2025-03-05 08:00:00,SpringHDP,08:00,0.28
1521,2025-03-05 09:00:00,SpringHDP,09:00,0.116
1522,2025-03-05 10:00:00,SpringHDP,10:00,0.04
1523,2025-03-05 11:00:00,SpringHDP,11:00,0.02
1524,2025-03-05 12:00:00,SpringHDP,12:00,0.011
1525,2025-03-05 13:00:00,SpringHDP,13:00,0.019
1526,2025-03-05 14:00:00,SpringHDP,14:00,0.026
1527,2025-03-05 15:00:00,SpringHDP,15:00,0.063
1528,2025-03-05 16:00:00,SpringHDP,16:00,0.096
1529,2025-03-05 17:00:00,SpringHDP,17:00,0.236
1530,2025-03-05 18:00:00,SpringHDP,18:00,0.493
1531,2025-03-05 19:00:00,SpringHDP,19:00,0.662
1532,2025-03-05 20:00:00,SpringHDP,20:00,0.536
1533,2025-03-05 21:00:00,SpringHDP,21:00,0.412
1534,2025-03-05 22:00:00,SpringHDP,22:00,0.29
1535,2025-03-05 23:00:00,SpringHDP,23:00,0.221
1536,2025-03-06 00:00:00,SpringHDP,00:00,0.171
1537,2025-03-06 01:00:00,SpringHDP,01:00,0.144
1538,2025-03-06 02:00:00,SpringHDP,02:00,0.138
1539,2025-03-06 03:00:00,SpringHDP,03:00,0.152
1540,2025-03-06 04:00:00,SpringHDP,04:00,0.183
1541,2025-03-06 05:00:00,SpringHDP,05:00,0.271
1542,2025-03-06 06:00:00,SpringHDP,06:00,0.466
1543,2025-03-06 07:00:00,SpringHDP,07:00,0.533
1544,2025-03-06 08:00:00,SpringHDP,08:00,0.28
1545,2025-03-06 09:00:00,SpringHDP,09:00,0.116
1546,2025-03-06 10:00:00,SpringHDP,10:00,0.04
1547,2025-03-06 11:00:00,SpringHDP,11:00,0.02
1548,2025-03-06 12:00:00,SpringHDP,12:00,0.011
1549,2025-03-06 13:00:00,SpringHDP,13:00,0.019
1550,2025-03-06 14:00:00,SpringHDP,14:00,0.026
1551,2025-03-06 15:00:00,SpringHDP,15:00,0.063
1552,2025-03-06 16:00:00,SpringHDP,16:00,0.096
1553,2025-03-06 17:00:00,SpringHDP,17:00,0.236
1554,2025-03-06 18:00:00,SpringHDP,18:00,0.493
1555,2025-03-06 19:00:00,SpringHDP,19:00,0.662
1556,2025-03-06 20:00:00,SpringHDP,20:00,0.536
1557,2025-03-06 21:00:00,SpringHDP,21:00,0.412
1558,2025-03-06 22:00:00,SpringHDP,22:00,0.29
1559,2025-03-06 23:00:00,SpringHDP,23:00,0.221
1560,2025-03-07 00:00:00,SpringHDP,00:00,0.171
1561,2025-03-07 01:00:00,SpringHDP,01:00,0.144
1562,2025-03-07 02:00:00,SpringHDP,02:00,0.138
1563,2025-03-07 03:00:00,SpringHDP,03:00,0.152
1564,2025-03-07 04:00:00,SpringHDP,04:00,0.183
1565,2025-03-07 05:00:00,SpringHDP,05:00,0.271
1566,2025-03-07 06:00:00,SpringHDP,06:00,0.466
1567,2025-03-07 07:00:00,SpringHDP,07:00,0.533
1568,2025-03-07 08:00:00,SpringHDP,08:00,0.28
1569,2025-03-07 09:00:00,SpringHDP,09:00,0.116
1570,2025-03-07 10:00:00,SpringHDP,10:00,0.04
1571,2025-03-07 11:00:00,SpringHDP,11:00,0.02
1572,2025-03-07 12:00:00,SpringHDP,12:00,0.011
1573,2025-03-07 13:00:00,SpringHDP,13:00,0.019
1574,2025-03-07 14:00:00,SpringHDP,14:00,0.026
1575,2025-03-07 15:00:00,SpringHDP,15:00,0.063
1576,2025-03-07 16:00:00,SpringHDP,16:00,0.096
1577,2025-03-07 17:00:00,SpringHDP,17:00,0.236
1578,2025-03-07 18:00:00,SpringHDP,18:00,0.493
1579,2025-03-07 19:00:00,SpringHDP,19:00,0.662
1580,2025-03-07 20:00:00,SpringHDP,20:00,0.536
1581,2025-03-07 21:00:00,SpringHDP,21:00,0.412
1582,2025-03-07 22:00:00,SpringHDP,22:00,0.29
1583,2025-03-07 23:00:00,SpringHDP,23:00,0.221
1584,2025-03-08 00:00:00,SpringHDP,00:00,0.171
1585,2025-03-08 01:00:00,SpringHDP,01:00,0.144
1586,2025-03-08 02:00:00,SpringHDP,02:00,0.138
1587,2025-03-08 03:00:00,SpringHDP,03:00,0.152
1588,2025-03-08 04:00:00,SpringHDP,04:00,0.183
1589,2025-03-08 05:00:00,SpringHDP,05:00,0.271
1590,2025-03-08 06:00:00,SpringHDP,06:00,0.466
1591,2025-03-08 07:00:00,SpringHDP,07:00,0.533
1592,2025-03-08 08:00:00,SpringHDP,08:00,0.28
1593,2025-03-08 09:00:00,SpringHDP,09:00,0.116
1594,2025-03-08 10:00:00,SpringHDP,10:00,0.04
1595,2025-03-08 11:00:00,SpringHDP,11:00,0.02
1596,2025-03-08 12:00:00,SpringHDP,12:00,0.011
1597,2025-03-08 13:00:00,SpringHDP,13:00,0.019
1598,2025-03-08 14:00:00,SpringHDP,14:00,0.026
1599,2025-03-08 15:00:00,SpringHDP,15:00,0.063
1600,2025-03-08 16:00:00,SpringHDP,16:00,0.096
1601,2025-03-08 17:00:00,SpringHDP,17:00,0.236
1602,2025-03-08 18:00:00,SpringHDP,18:00,0.493
1603,2025-03-08 19:00:00,SpringHDP,19:00,0.662
1604,2025-03-08 20:00:00,SpringHDP,20:00,0.536
1605,2025-03-08 21:00:00,SpringHDP,21:00,0.412
1606,2025-03-08 22:00:00,SpringHDP,22:00,0.29
1607,2025-03-08 23:00:00,SpringHDP,23:00,0.221
1608,2025-03-09 00:00:00,SpringHDP,00:00,0.171
1609,2025-03-09 01:00:00,SpringHDP,01:00,0.144
1610,2025-03-09 02:00:00,SpringHDP,02:00,0.138
1611,2025-03-09 03:00:00,SpringHDP,03:00,0.152
1612,2025-03-09 04:00:00,SpringHDP,04:00,0.183
1613,2025-03-09 05:00:00,SpringHDP,05:00,0.271
1614,2025-03-09 06:00:00,SpringHDP,06:00,0.466
1615,2025-03-09 07:00:00,SpringHDP,07:00,0.533
1616,2025-03-09 08:00:00,SpringHDP,08:00,0.28
1617,2025-03-09 09:00:00,SpringHDP,09:00,0.116
1618,2025-03-09 10:00:00,SpringHDP,10:00,0.04
1619,2025-03-09 11:00:00,SpringHDP,11:00,0.02
1620,2025-03-09 12:00:00,SpringHDP,12:00,0.011
1621,2025-03-09 13:00:00,SpringHDP,13:00,0.019
1622,2025-03-09 14:00:00,SpringHDP,14:00,0.026
1623,2025-03-09 15:00:00,SpringHDP,15:00,0.063
1624,2025-03-09 16:00:00,SpringHDP,16:00,0.096
1625,2025-03-09 17:00:00,SpringHDP,17:00,0.236
1626,2025-03-09 18:00:00,SpringHDP,18:00,0.493
1627,2025-03-09 19:00:00,SpringHDP,19:00,0.662
1628,2025-03-09 20:00:00,SpringHDP,20:00,0.536
1629,2025-03-09 21:00:00,SpringHDP,21:00,0.412
1630,2025-03-09 22:00:00,SpringHDP,22:00,0.29
1631,2025-03-09 23:00:00,SpringHDP,23:00,0.221
1632,2025-03-10 00:00:00,SpringHDP,00:00,0.171
1633,2025-03-10 01:00:00,SpringHDP,01:00,0.144
1634,2025-03-10 02:00:00,SpringHDP,02:00,0.138
1635,2025-03-10 03:00:00,SpringHDP,03:00,0.152
1636,2025-03-10 04:00:00,SpringHDP,04:00,0.183
1637,2025-03-10 05:00:00,SpringHDP,05:00,0.271
1638,2025-03-10 06:00:00,SpringHDP,06:00,0.466
1639,2025-03-10 07:00:00,SpringHDP,07:00,0.533
1640,2025-03-10 08:00:00,SpringHDP,08:00,0.28
1641,2025-03-10 09:00:00,SpringHDP,09:00,0.116
1642,2025-03-10 10:00:00,SpringHDP,10:00,0.04
1643,2025-03-10 11:00:00,SpringHDP,11:00,0.02
1644,2025-03-10 12:00:00,SpringHDP,12:00,0.011
1645,2025-03-10 13:00:00,SpringHDP,13:00,0.019
1646,2025-03-10 14:00:00,SpringHDP,14:00,0.026
1647,2025-03-10 15:00:00,SpringHDP,15:00,0.063
1648,2025-03-10 16:00:00,SpringHDP,16:00,0.096
1649,2025-03-10 17:00:00,SpringHDP,17:00,0.236
1650,2025-03-10 18:00:00,SpringHDP,18:00,0.493
1651,2025-03-10 19:00:00,SpringHDP,19:00,0.662
1652,2025-03-10 20:00:00,SpringHDP,20:00,0.536
1653,2025-03-10 21:00:00,SpringHDP,21:00,0.412
1654,2025-03-10 22:00:00,SpringHDP,22:00,0.29
1655,2025-03-10 23:00:00,SpringHDP,23:00,0.221
1656,2025-03-11 00:00:00,SpringHDP,00:00,0.171
1657,2025-03-11 01:00:00,SpringHDP,01:00,0.144
1658,2025-03-11 02:00:00,SpringHDP,02:00,0.138
1659,2025-03-11 03:00:00,SpringHDP,03:00,0.152
1660,2025-03-11 04:00:00,SpringHDP,04:00,0.183
1661,2025-03-11 05:00:00,SpringHDP,05:00,0.271
1662,2025-03-11 06:00:00,SpringHDP,06:00,0.466
1663,2025-03-11 07:00:00,SpringHDP,07:00,0.533
1664,2025-03-11 08:00:00,SpringHDP,08:00,0.28
1665,2025-03-11 09:00:00,SpringHDP,09:00,0.116
1666,2025-03-11 10:00:00,SpringHDP,10:00,0.04
1667,2025-03-11 11:00:00,SpringHDP,11:00,0.02
1668,2025-03-11 12:00:00,SpringHDP,12:00,0.011
1669,2025-03-11 13:00:00,SpringHDP,13:00,0.019
1670,2025-03-11 14:00:00,SpringHDP,14:00,0.026
1671,2025-03-11 15:00:00,SpringHDP,15:00,0.063
1672,2025-03-11 16:00:00,SpringHDP,16:00,0.096
1673,2025-03-11 17:00:00,SpringHDP,17:00,0.236
1674,2025-03-11 18:00:00,SpringHDP,18:00,0.493
1675,2025-03-11 19:00:00,SpringHDP,19:00,0.662
1676,2025-03-11 20:00:00,SpringHDP,20:00,0.536
1677,2025-03-11 21:00:00,SpringHDP,21:00,0.412
1678,2025-03-11 22:00:00,SpringHDP,22:00,0.29
1679,2025-03-11 23:00:00,SpringHDP,23:00,0.221
1680,2025-03-12 00:00:00,SpringHDP,00:00,0.171
1681,2025-03-12 01:00:00,SpringHDP,01:00,0.144
1682,2025-03-12 02:00:00,SpringHDP,02:00,0.138
1683,2025-03-12 03:00:00,SpringHDP,03:00,0.152
1684,2025-03-12 04:00:00,SpringHDP,04:00,0.183
1685,2025-03-12 05:00:00,SpringHDP,05:00,0.271
1686,2025-03-12 06:00:00,SpringHDP,06:00,0.466
1687,2025-03-12 07:00:00,SpringHDP,07:00,0.533
1688,2025-03-12 08:00:00,SpringHDP,08:00,0.28
1689,2025-03-12 09:00:00,SpringHDP,09:00,0.116
1690,2025-03-12 10:00:00,SpringHDP,10:00,0.04
1691,2025-03-12 11:00:00,SpringHDP,11:00,0.02
1692,2025-03-12 12:00:00,SpringHDP,12:00,0.011
1693,2025-03-12 13:00:00,SpringHDP,13:00,0.019
1694,2025-03-12 14:00:00,SpringHDP,14:00,0.026
1695,2025-03-12 15:00:00,SpringHDP,15:00,0.063
1696,2025-03-12 16:00:00,SpringHDP,16:00,0.096
1697,2025-03-12 17:00:00,SpringHDP,17:00,0.236
1698,2025-03-12 18:00:00,SpringHDP,18:00,0.493
1699,2025-03-12 19:00:00,SpringHDP,19:00,0.662
1700,2025-03-12 20:00:00,SpringHDP,20:00,0.536
1701,2025-03-12 21:00:00,SpringHDP,21:00,0.412
1702,2025-03-12 22:00:00,SpringHDP,22:00,0.29
1703,2025-03-12 23:00:00,SpringHDP,23:00,0.221
1704,2025-03-13 00:00:00,SpringHDP,00:00,0.171
1705,2025-03-13 01:00:00,SpringHDP,01:00,0.144
1706,2025-03-13 02:00:00,SpringHDP,02:00,0.138
1707,2025-03-13 03:00:00,SpringHDP,03:00,0.152
1708,2025-03-13 04:00:00,SpringHDP,04:00,0.183
1709,2025-03-13 05:00:00,SpringHDP,05:00,0.271
1710,2025-03-13 06:00:00,SpringHDP,06:00,0.466
1711,2025-03-13 07:00:00,SpringHDP,07:00,0.533
1712,2025-03-13 08:00:00,SpringHDP,08:00,0.28
1713,2025-03-13 09:00:00,SpringHDP,09:00,0.116
1714,2025-03-13 10:00:00,SpringHDP,10:00,0.04
1715,2025-03-13 11:00:00,SpringHDP,11:00,0.02
1716,2025-03-13 12:00:00,SpringHDP,12:00,0.011
1717,2025-03-13 13:00:00,SpringHDP,13:00,0.019
1718,2025-03-13 14:00:00,SpringHDP,14:00,0.026
1719,2025-03-13 15:00:00,SpringHDP,15:00,0.063
1720,2025-03-13 16:00:00,SpringHDP,16:00,0.096
1721,2025-03-13 17:00:00,SpringHDP,17:00,0.236
1722,2025-03-13 18:00:00,SpringHDP,18:00,0.493
1723,2025-03-13 19:00:00,SpringHDP,19:00,0.662
1724,2025-03-13 20:00:00,SpringHDP,20:00,0.536
1725,2025-03-13 21:00:00,SpringHDP,21:00,0.412
1726,2025-03-13 22:00:00,SpringHDP,22:00,0.29
1727,2025-03-13 23:00:00,SpringHDP,23:00,0.221
1728,2025-03-14 00:00:00,SpringHDP,00:00,0.171
1729,2025-03-14 01:00:00,SpringHDP,01:00,0.144
1730,2025-03-14 02:00:00,SpringHDP,02:00,0.138
1731,2025-03-14 03:00:00,SpringHDP,03:00,0.152
1732,2025-03-14 04:00:00,SpringHDP,04:00,0.183
1733,2025-03-14 05:00:00,SpringHDP,05:00,0.271
1734,2025-03-14 06:00:00,SpringHDP,06:00,0.466
1735,2025-03-14 07:00:00,SpringHDP,07:00,0.533
1736,2025-03-14 08:00:00,SpringHDP,08:00,0.28
1737,2025-03-14 09:00:00,SpringHDP,09:00,0.116
1738,2025-03-14 10:00:00,SpringHDP,10:00,0.04
1739,2025-03-14 11:00:00,SpringHDP,11:00,0.02
1740,2025-03-14 12:00:00,SpringHDP,12:00,0.011
1741,2025-03-14 13:00:00,SpringHDP,13:00,0.019
1742,2025-03-14 14:00:00,SpringHDP,14:00,0.026
1743,2025-03-14 15:00:00,SpringHDP,15:00,0.063
1744,2025-03-14 16:00:00,SpringHDP,16:00,0.096
1745,2025-03-14 17:00:00,SpringHDP,17:00,0.236
1746,2025-03-14 18:00:00,SpringHDP,18:00,0.493
1747,2025-03-14 19:00:00,SpringHDP,19:00,0.662
1748,2025-03-14 20:00:00,SpringHDP,20:00,0.536
1749,2025-03-14 21:00:00,SpringHDP,21:00,0.412
1750,2025-03-14 22:00:00,SpringHDP,22:00,0.29
1751,2025-03-14 23:00:00,SpringHDP,23:00,0.221
1752,2025-03-15 00:00:00,SpringHDP,00:00,0.171
1753,2025-03-15 01:00:00,SpringHDP,01:00,0.144
1754,2025-03-15 02:00:00,SpringHDP,02:00,0.138
1755,2025-03-15 03:00:00,SpringHDP,03:00,0.152
1756,2025-03-15 04:00:00,SpringHDP,04:00,0.183
1757,2025-03-15 05:00:00,SpringHDP,05:00,0.271
1758,2025-03-15 06:00:00,SpringHDP,06:00,0.466
1759,2025-03-15 07:00:00,SpringHDP,07:00,0.533
1760,2025-03-15 08:00:00,SpringHDP,08:00,0.28
1761,2025-03-15 09:00:00,SpringHDP,09:00,0.116
1762,2025-03-15 10:00:00,SpringHDP,10:00,0.04
1763,2025-03-15 11:00:00,SpringHDP,11:00,0.02
1764,2025-03-15 12:00:00,SpringHDP,12:00,0.011
1765,2025-03-15 13:00:00,SpringHDP,13:00,0.019
1766,2025-03-15 14:00:00,SpringHDP,14:00,0.026
1767,2025-03-15 15:00:00,SpringHDP,15:00,0.063
1768,2025-03-15 16:00:00,SpringHDP,16:00,0.096
1769,2025-03-15 17:00:00,SpringHDP,17:00,0.236
1770,2025-03-15 18:00:00,SpringHDP,18:00,0.493
1771,2025-03-15 19:00:00,SpringHDP,19:00,0.662
1772,2025-03-15 20:00:00,SpringHDP,20:00,0.536
1773,2025-03-15 21:00:00,SpringHDP,21:00,0.412
1774,2025-03-15 22:00:00,SpringHDP,22:00,0.29
1775,2025-03-15 23:00:00,SpringHDP,23:00,0.221
1776,2025-03-16 00:00:00,SpringHDP,00:00,0.171
1777,2025-03-16 01:00:00,SpringHDP,01:00,0.144
1778,2025-03-16 02:00:00,SpringHDP,02:00,0.138
1779,2025-03-16 03:00:00,SpringHDP,03:00,0.152
1780,2025-03-16 04:00:00,SpringHDP,04:00,0.183
1781,2025-03-16 05:00:00,SpringHDP,05:00,0.271
1782,2025-03-16 06:00:00,SpringHDP,06:00,0.466
1783,2025-03-16 07:00:00,SpringHDP,07:00,0.533
1784,2025-03-16 08:00:00,SpringHDP,08:00,0.28
1785,2025-03-16 09:00:00,SpringHDP,09:00,0.116
1786,2025-03-16 10:00:00,SpringHDP,10:00,0.04
1787,2025-03-16 11:00:00,SpringHDP,11:00,0.02
1788,2025-03-16 12:00:00,SpringHDP,12:00,0.011
1789,2025-03-16 13:00:00,SpringHDP,13:00,0.019
1790,2025-03-16 14:00:00,SpringHDP,14:00,0.026
1791,2025-03-16 15:00:00,SpringHDP,15:00,0.063
1792,2025-03-16 16:00:00,SpringHDP,16:00,0.096
1793,2025-03-16 17:00:00,SpringHDP,17:00,0.236
1794,2025-03-16 18:00:00,SpringHDP,18:00,0.493
1795,2025-03-16 19:00:00,SpringHDP,19:00,0.662
1796,2025-03-16 20:00:00,SpringHDP,20:00,0.536
1797,2025-03-16 21:00:00,SpringHDP,21:00,0.412
1798,2025-03-16 22:00:00,SpringHDP,22:00,0.29
1799,2025-03-16 23:00:00,SpringHDP,23:00,0.221
1800,2025-03-17 00:00:00,SpringHDP,00:00,0.171
1801,2025-03-17 01:00:00,SpringHDP,01:00,0.144
1802,2025-03-17 02:00:00,SpringHDP,02:00,0.138
1803,2025-03-17 03:00:00,SpringHDP,03:00,0.152
1804,2025-03-17 04:00:00,SpringHDP,04:00,0.183
1805,2025-03-17 05:00:00,SpringHDP,05:00,0.271
1806,2025-03-17 06:00:00,SpringHDP,06:00,0.466
1807,2025-03-17 07:00:00,SpringHDP,07:00,0.533
1808,2025-03-17 08:00:00,SpringHDP,08:00,0.28
1809,2025-03-17 09:00:00,SpringHDP,09:00,0.116
1810,2025-03-17 10:00:00,SpringHDP,10:00,0.04
1811,2025-03-17 11:00:00,SpringHDP,11:00,0.02
1812,2025-03-17 12:00:00,SpringHDP,12:00,0.011
1813,2025-03-17 13:00:00,SpringHDP,13:00,0.019
1814,2025-03-17 14:00:00,SpringHDP,14:00,0.026
1815,2025-03-17 15:00:00,SpringHDP,15:00,0.063
1816,2025-03-17 16:00:00,SpringHDP,16:00,0.096
1817,2025-03-17 17:00:00,SpringHDP,17:00,0.236
1818,2025-03-17 18:00:00,SpringHDP,18:00,0.493
1819,2025-03-17 19:00:00,SpringHDP,19:00,0.662
1820,2025-03-17 20:00:00,SpringHDP,20:00,0.536
1821,2025-03-17 21:00:00,SpringHDP,21:00,0.412
1822,2025-03-17 22:00:00,SpringHDP,22:00,0.29
1823,2025-03-17 23:00:00,SpringHDP,23:00,0.221
1824,2025-03-18 00:00:00,SpringHDP,00:00,0.171
1825,2025-03-18 01:00:00,SpringHDP,01:00,0.144
1826,2025-03-18 02:00:00,SpringHDP,02:00,0.138
1827,2025-03-18 03:00:00,SpringHDP,03:00,0.152
1828,2025-03-18 04:00:00,SpringHDP,04:00,0.183
1829,2025-03-18 05:00:00,SpringHDP,05:00,0.271
1830,2025-03-18 06:00:00,SpringHDP,06:00,0.466
1831,2025-03-18 07:00:00,SpringHDP,07:00,0.533
1832,2025-03-18 08:00:00,SpringHDP,08:00,0.28
1833,2025-03-18 09:00:00,SpringHDP,09:00,0.116
1834,2025-03-18 10:00:00,SpringHDP,10:00,0.04
1835,2025-03-18 11:00:00,SpringHDP,11:00,0.02
1836,2025-03-18 12:00:00,SpringHDP,12:00,0.011
1837,2025-03-18 13:00:00,SpringHDP,13:00,0.019
1838,2025-03-18 14:00:00,SpringHDP,14:00,0.026
1839,2025-03-18 15:00:00,SpringHDP,15:00,0.063
1840,2025-03-18 16:00:00,SpringHDP,16:00,0.096
1841,2025-03-18 17:00:00,SpringHDP,17:00,0.236
1842,2025-03-18 18:00:00,SpringHDP,18:00,0.493
1843,2025-03-18 19:00:00,SpringHDP,19:00,0.662
1844,2025-03-18 20:00:00,SpringHDP,20:00,0.536
1845,2025-03-18 21:00:00,SpringHDP,21:00,0.412
1846,2025-03-18 22:00:00,SpringHDP,22:00,0.29
1847,2025-03-18 23:00:00,SpringHDP,23:00,0.221
1848,2025-03-19 00:00:00,SpringHDP,00:00,0.171
1849,2025-03-19 01:00:00,SpringHDP,01:00,0.144
1850,2025-03-19 02:00:00,SpringHDP,02:00,0.138
1851,2025-03-19 03:00:00,SpringHDP,03:00,0.152
1852,2025-03-19 04:00:00,SpringHDP,04:00,0.183
1853,2025-03-19 05:00:00,SpringHDP,05:00,0.271
1854,2025-03-19 06:00:00,SpringHDP,06:00,0.466
1855,2025-03-19 07:00:00,SpringHDP,07:00,0.533
1856,2025-03-19 08:00:00,SpringHDP,08:00,0.28
1857,2025-03-19 09:00:00,SpringHDP,09:00,0.116
1858,2025-03-19 10:00:00,SpringHDP,10:00,0.04
1859,2025-03-19 11:00:00,SpringHDP,11:00,0.02
1860,2025-03-19 12:00:00,SpringHDP,12:00,0.011
1861,2025-03-19 13:00:00,SpringHDP,13:00,0.019
1862,2025-03-19 14:00:00,SpringHDP,14:00,0.026
1863,2025-03-19 15:00:00,SpringHDP,15:00,0.063
1864,2025-03-19 16:00:00,SpringHDP,16:00,0.096
1865,2025-03-19 17:00:00,SpringHDP,17:00,0.236
1866,2025-03-19 18:00:00,SpringHDP,18:00,0.493
1867,2025-03-19 19:00:00,SpringHDP,19:00,0.662
1868,2025-03-19 20:00:00,SpringHDP,20:00,0.536
1869,2025-03-19 21:00:00,SpringHDP,21:00,0.412
1870,2025-03-19 22:00:00,SpringHDP,22:00,0.29
1871,2025-03-19 23:00:00,SpringHDP,23:00,0.221
1872,2025-03-20 00:00:00,SpringHDP,00:00,0.171
1873,2025-03-20 01:00:00,SpringHDP,01:00,0.144
1874,2025-03-20 02:00:00,SpringHDP,02:00,0.138
1875,2025-03-20 03:00:00,SpringHDP,03:00,0.152
1876,2025-03-20 04:00:00,SpringHDP,04:00,0.183
1877,2025-03-20 05:00:00,SpringHDP,05:00,0.271
1878,2025-03-20 06:00:00,SpringHDP,06:00,0.466
1879,2025-03-20 07:00:00,SpringHDP,07:00,0.533
1880,2025-03-20 08:00:00,SpringHDP,08:00,0.28
1881,2025-03-20 09:00:00,SpringHDP,09:00,0.116
1882,2025-03-20 10:00:00,SpringHDP,10:00,0.04
1883,2025-03-20 11:00:00,SpringHDP,11:00,0.02
1884,2025-03-20 12:00:00,SpringHDP,12:00,0.011
1885,2025-03-20 13:00:00,SpringHDP,13:00,0.019
1886,2025-03-20 14:00:00,SpringHDP,14:00,0.026
1887,2025-03-20 15:00:00,SpringHDP,15:00,0.063
1888,2025-03-20 16:00:00,SpringHDP,16:00,0.096
1889,2025-03-20 17:00:00,SpringHDP,17:00,0.236
1890,2025-03-20 18:00:00,SpringHDP,18:00,0.493
1891,2025-03-20 19:00:00,SpringHDP,19:00,0.662
1892,2025-03-20 20:00:00,SpringHDP,20:00,0.536
1893,2025-03-20 21:00:00,SpringHDP,21:00,0.412
1894,2025-03-20 22:00:00,SpringHDP,22:00,0.29
1895,2025-03-20 23:00:00,SpringHDP,23:00,0.221
1896,2025-03-21 00:00:00,SpringHDP,00:00,0.171
1897,2025-03-21 01:00:00,SpringHDP,01:00,0.144
1898,2025-03-21 02:00:00,SpringHDP,02:00,0.138
1899,2025-03-21 03:00:00,SpringHDP,03:00,0.152
1900,2025-03-21 04:00:00,SpringHDP,04:00,0.183
1901,2025-03-21 05:00:00,SpringHDP,05:00,0.271
1902,2025-03-21 06:00:00,SpringHDP,06:00,0.466
1903,2025-03-21 07:00:00,SpringHDP,07:00,0.533
1904,2025-03-21 08:00:00,SpringHDP,08:00,0.28
1905,2025-03-21 09:00:00,SpringHDP,09:00,0.116
1906,2025-03-21 10:00:00,SpringHDP,10:00,0.04
1907,2025-03-21 11:00:00,SpringHDP,11:00,0.02
1908,2025-03-21 12:00:00,SpringHDP,12:00,0.011
1909,2025-03-21 13:00:00,SpringHDP,13:00,0.019
1910,2025-03-21 14:00:00,SpringHDP,14:00,0.026
1911,2025-03-21 15:00:00,SpringHDP,15:00,0.063
1912,2025-03-21 16:00:00,SpringHDP,16:00,0.096
1913,2025-03-21 17:00:00,SpringHDP,17:00,0.236
1914,2025-03-21 18:00:00,SpringHDP,18:00,0.493
1915,2025-03-21 19:00:00,SpringHDP,19:00,0.662
1916,2025-03-21 20:00:00,SpringHDP,20:00,0.536
1917,2025-03-21 21:00:00,SpringHDP,21:00,0.412
1918,2025-03-21 22:00:00,SpringHDP,22:00,0.29
1919,2025-03-21 23:00:00,SpringHDP,23:00,0.221
1920,2025-03-22 00:00:00,SpringHDP,00:00,0.171
1921,2025-03-22 01:00:00,SpringHDP,01:00,0.144
1922,2025-03-22 02:00:00,SpringHDP,02:00,0.138
1923,2025-03-22 03:00:00,SpringHDP,03:00,0.152
1924,2025-03-22 04:00:00,SpringHDP,04:00,0.183
1925,2025-03-22 05:00:00,SpringHDP,05:00,0.271
1926,2025-03-22 06:00:00,SpringHDP,06:00,0.466
1927,2025-03-22 07:00:00,SpringHDP,07:00,0.533
1928,2025-03-22 08:00:00,SpringHDP,08:00,0.28
1929,2025-03-22 09:00:00,SpringHDP,09:00,0.116
1930,2025-03-22 10:00:00,SpringHDP,10:00,0.04
1931,2025-03-22 11:00:00,SpringHDP,11:00,0.02
1932,2025-03-22 12:00:00,SpringHDP,12:00,0.011
1933,2025-03-22 13:00:00,SpringHDP,13:00,0.019
1934,2025-03-22 14:00:00,SpringHDP,14:00,0.026
1935,2025-03-22 15:00:00,SpringHDP,15:00,0.063
1936,2025-03-22 16:00:00,SpringHDP,16:00,0.096
1937,2025-03-22 17:00:00,SpringHDP,17:00,0.236
1938,2025-03-22 18:00:00,SpringHDP,18:00,0.493
1939,2025-03-22 19:00:00,SpringHDP,19:00,0.662
1940,2025-03-22 20:00:00,SpringHDP,20:00,0.536
1941,2025-03-22 21:00:00,SpringHDP,21:00,0.412
1942,2025-03-22 22:00:00,SpringHDP,22:00,0.29
1943,2025-03-22 23:00:00,SpringHDP,23:00,0.221
1944,2025-03-23 00:00:00,SpringHDP,00:00,0.171
1945,2025-03-23 01:00:00,SpringHDP,01:00,0.144
1946,2025-03-23 02:00:00,SpringHDP,02:00,0.138
1947,2025-03-23 03:00:00,SpringHDP,03:00,0.152
1948,2025-03-23 04:00:00,SpringHDP,04:00,0.183
1949,2025-03-23 05:00:00,SpringHDP,05:00,0.271
1950,2025-03-23 06:00:00,SpringHDP,06:00,0.466
1951,2025-03-23 07:00:00,SpringHDP,07:00,0.533
1952,2025-03-23 08:00:00,SpringHDP,08:00,0.28
1953,2025-03-23 09:00:00,SpringHDP,09:00,0.116
1954,2025-03-23 10:00:00,SpringHDP,10:00,0.04
1955,2025-03-23 11:00:00,SpringHDP,11:00,0.02
1956,2025-03-23 12:00:00,SpringHDP,12:00,0.011
1957,2025-03-23 13:00:00,SpringHDP,13:00,0.019
1958,2025-03-23 14:00:00,SpringHDP,14:00,0.026
1959,2025-03-23 15:00:00,SpringHDP,15:00,0.063
1960,2025-03-23 16:00:00,SpringHDP,16:00,0.096
1961,2025-03-23 17:00:00,SpringHDP,17:00,0.236
1962,2025-03-23 18:00:00,SpringHDP,18:00,0.493
1963,2025-03-23 19:00:00,SpringHDP,19:00,0.662
1964,2025-03-23 20:00:00,SpringHDP,20:00,0.536
1965,2025-03-23 21:00:00,SpringHDP,21:00,0.412
1966,2025-03-23 22:00:00,SpringHDP,22:00,0.29
1967,2025-03-23 23:00:00,SpringHDP,23:00,0.221
1968,2025-03-24 00:00:00,SpringHDP,00:00,0.171
1969,2025-03-24 01:00:00,SpringHDP,01:00,0.144
1970,2025-03-24 02:00:00,SpringHDP,02:00,0.138
1971,2025-03-24 03:00:00,SpringHDP,03:00,0.152
1972,2025-03-24 04:00:00,SpringHDP,04:00,0.183
1973,2025-03-24 05:00:00,SpringHDP,05:00,0.271
1974,2025-03-24 06:00:00,SpringHDP,06:00,0.466
1975,2025-03-24 07:00:00,SpringHDP,07:00,0.533
1976,2025-03-24 08:00:00,SpringHDP,08:00,0.28
1977,2025-03-24 09:00:00,SpringHDP,09:00,0.116
1978,2025-03-24 10:00:00,SpringHDP,10:00,0.04
1979,2025-03-24 11:00:00,SpringHDP,11:00,0.02
1980,2025-03-24 12:00:00,SpringHDP,12:00,0.011
1981,2025-03-24 13:00:00,SpringHDP,13:00,0.019
1982,2025-03-24 14:00:00,SpringHDP,14:00,0.026
1983,2025-03-24 15:00:00,SpringHDP,15:00,0.063
1984,2025-03-24 16:00:00,SpringHDP,16:00,0.096
1985,2025-03-24 17:00:00,SpringHDP,17:00,0.236
1986,2025-03-24 18:00:00,SpringHDP,18:00,0.493
1987,2025-03-24 19:00:00,SpringHDP,19:00,0.662
1988,2025-03-24 20:00:00,SpringHDP,20:00,0.536
1989,2025-03-24 21:00:00,SpringHDP,21:00,0.412
1990,2025-03-24 22:00:00,SpringHDP,22:00,0.29
1991,2025-03-24 23:00:00,SpringHDP,23:00,0.221
1992,2025-03-25 00:00:00,SpringHDP,00:00,0.171
1993,2025-03-25 01:00:00,SpringHDP,01:00,0.144
1994,2025-03-25 02:00:00,SpringHDP,02:00,0.138
1995,2025-03-25 03:00:00,SpringHDP,03:00,0.152
1996,2025-03-25 04:00:00,SpringHDP,04:00,0.183
1997,2025-03-25 05:00:00,SpringHDP,05:00,0.271
1998,2025-03-25 06:00:00,SpringHDP,06:00,0.466
1999,2025-03-25 07:00:00,SpringHDP,07:00,0.533
2000,2025-03-25 08:00:00,SpringHDP,08:00,0.28
2001,2025-03-25 09:00:00,SpringHDP,09:00,0.116
2002,2025-03-25 10:00:00,SpringHDP,10:00,0.04
2003,2025-03-25 11:00:00,SpringHDP,11:00,0.02
2004,2025-03-25 12:00:00,SpringHDP,12:00,0.011
2005,2025-03-25 13:00:00,SpringHDP,13:00,0.019
2006,2025-03-25 14:00:00,SpringHDP,14:00,0.026
2007,2025-03-25 15:00:00,SpringHDP,15:00,0.063
2008,2025-03-25 16:00:00,SpringHDP,16:00,0.096
2009,2025-03-25 17:00:00,SpringHDP,17:00,0.236
2010,2025-03-25 18:00:00,SpringHDP,18:00,0.493
2011,2025-03-25 19:00:00,SpringHDP,19:00,0.662
2012,2025-03-25 20:00:00,SpringHDP,20:00,0.536
2013,2025-03-25 21:00:00,SpringHDP,21:00,0.412
2014,2025-03-25 22:00:00,SpringHDP,22:00,0.29
2015,2025-03-25 23:00:00,SpringHDP,23:00,0.221
2016,2025-03-26 00:00:00,SpringHDP,00:00,0.171
2017,2025-03-26 01:00:00,SpringHDP,01:00,0.144
2018,2025-03-26 02:00:00,SpringHDP,02:00,0.138
2019,2025-03-26 03:00:00,SpringHDP,03:00,0.152
2020,2025-03-26 04:00:00,SpringHDP,04:00,0.183
2021,2025-03-26 05:00:00,SpringHDP,05:00,0.271
2022,2025-03-26 06:00:00,SpringHDP,06:00,0.466
2023,2025-03-26 07:00:00,SpringHDP,07:00,0.533
2024,2025-03-26 08:00:00,SpringHDP,08:00,0.28
2025,2025-03-26 09:00:00,SpringHDP,09:00,0.116
2026,2025-03-26 10:00:00,SpringHDP,10:00,0.04
2027,2025-03-26 11:00:00,SpringHDP,11:00,0.02
2028,2025-03-26 12:00:00,SpringHDP,12:00,0.011
2029,2025-03-26 13:00:00,SpringHDP,13:00,0.019
2030,2025-03-26 14:00:00,SpringHDP,14:00,0.026
2031,2025-03-26 15:00:00,SpringHDP,15:00,0.063
2032,2025-03-26 16:00:00,SpringHDP,16:00,0.096
2033,2025-03-26 17:00:00,SpringHDP,17:00,0.236
2034,2025-03-26 18:00:00,SpringHDP,18:00,0.493
2035,2025-03-26 19:00:00,SpringHDP,19:00,0.662
2036,2025-03-26 20:00:00,SpringHDP,20:00,0.536
2037,2025-03-26 21:00:00,SpringHDP,21:00,0.412
2038,2025-03-26 22:00:00,SpringHDP,22:00,0.29
2039,2025-03-26 23:00:00,SpringHDP,23:00,0.221
2040,2025-03-27 00:00:00,SpringHDP,00:00,0.171
2041,2025-03-27 01:00:00,SpringHDP,01:00,0.144
2042,2025-03-27 02:00:00,SpringHDP,02:00,0.138
2043,2025-03-27 03:00:00,SpringHDP,03:00,0.152
2044,2025-03-27 04:00:00,SpringHDP,04:00,0.183
2045,2025-03-27 05:00:00,SpringHDP,05:00,0.271
2046,2025-03-27 06:00:00,SpringHDP,06:00,0.466
2047,2025-03-27 07:00:00,SpringHDP,07:00,0.533
2048,2025-03-27 08:00:00,SpringHDP,08:00,0.28
2049,2025-03-27 09:00:00,SpringHDP,09:00,0.116
2050,2025-03-27 10:00:00,SpringHDP,10:00,0.04
2051,2025-03-27 11:00:00,SpringHDP,11:00,0.02
2052,2025-03-27 12:00:00,SpringHDP,12:00,0.011
2053,2025-03-27 13:00:00,SpringHDP,13:00,0.019
2054,2025-03-27 14:00:00,SpringHDP,14:00,0.026
2055,2025-03-27 15:00:00,SpringHDP,15:00,0.063
2056,2025-03-27 16:00:00,SpringHDP,16:00,0.096
2057,2025-03-27 17:00:00,SpringHDP,17:00,0.236
2058,2025-03-27 18:00:00,SpringHDP,18:00,0.493
2059,2025-03-27 19:00:00,SpringHDP,19:00,0.662
2060,2025-03-27 20:00:00,SpringHDP,20:00,0.536
2061,2025-03-27 21:00:00,SpringHDP,21:00,0.412
2062,2025-03-27 22:00:00,SpringHDP,22:00,0.29
2063,2025-03-27 23:00:00,SpringHDP,23:00,0.221
2064,2025-03-28 00:00:00,SpringHDP,00:00,0.171
2065,2025-03-28 01:00:00,SpringHDP,01:00,0.144
2066,2025-03-28 02:00:00,SpringHDP,02:00,0.138
2067,2025-03-28 03:00:00,SpringHDP,03:00,0.152
2068,2025-03-28 04:00:00,SpringHDP,04:00,0.183
2069,2025-03-28 05:00:00,SpringHDP,05:00,0.271
2070,2025-03-28 06:00:00,SpringHDP,06:00,0.466
2071,2025-03-28 07:00:00,SpringHDP,07:00,0.533
2072,2025-03-28 08:00:00,SpringHDP,08:00,0.28
2073,2025-03-28 09:00:00,SpringHDP,09:00,0.116
2074,2025-03-28 10:00:00,SpringHDP,10:00,0.04
2075,2025-03-28 11:00:00,SpringHDP,11:00,0.02
2076,2025-03-28 12:00:00,SpringHDP,12:00,0.011
2077,2025-03-28 13:00:00,SpringHDP,13:00,0.019
2078,2025-03-28 14:00:00,SpringHDP,14:00,0.026
2079,2025-03-28 15:00:00,SpringHDP,15:00,0.063
2080,2025-03-28 16:00:00,SpringHDP,16:00,0.096
2081,2025-03-28 17:00:00,SpringHDP,17:00,0.236
2082,2025-03-28 18:00:00,SpringHDP,18:00,0.493
2083,2025-03-28 19:00:00,SpringHDP,19:00,0.662
2084,2025-03-28 20:00:00,SpringHDP,20:00,0.536
2085,2025-03-28 21:00:00,SpringHDP,21:00,0.412
2086,2025-03-28 22:00:00,SpringHDP,22:00,0.29
2087,2025-03-28 23:00:00,SpringHDP,23:00,0.221
2088,2025-03-29 00:00:00,SpringHDP,00:00,0.171
2089,2025-03-29 01:00:00,SpringHDP,01:00,0.144
2090,2025-03-29 02:00:00,SpringHDP,02:00,0.138
2091,2025-03-29 03:00:00,SpringHDP,03:00,0.152
2092,2025-03-29 04:00:00,SpringHDP,04:00,0.183
2093,2025-03-29 05:00:00,SpringHDP,05:00,0.271
2094,2025-03-29 06:00:00,SpringHDP,06:00,0.466
2095,2025-03-29 07:00:00,SpringHDP,07:00,0.533
2096,2025-03-29 08:00:00,SpringHDP,08:00,0.28
2097,2025-03-29 09:00:00,SpringHDP,09:00,0.116
2098,2025-03-29 10:00:00,SpringHDP,10:00,0.04
2099,2025-03-29 11:00:00,SpringHDP,11:00,0.02
2100,2025-03-29 12:00:00,SpringHDP,12:00,0.011
2101,2025-03-29 13:00:00,SpringHDP,13:00,0.019
2102,2025-03-29 14:00:00,SpringHDP,14:00,0.026
2103,2025-03-29 15:00:00,SpringHDP,15:00,0.063
2104,2025-03-29 16:00:00,SpringHDP,16:00,0.096
2105,2025-03-29 17:00:00,SpringHDP,17:00,0.236
2106,2025-03-29 18:00:00,SpringHDP,18:00,0.493
2107,2025-03-29 19:00:00,SpringHDP,19:00,0.662
2108,2025-03-29 20:00:00,SpringHDP,20:00,0.536
2109,2025-03-29 21:00:00,SpringHDP,21:00,0.412
2110,2025-03-29 22:00:00,SpringHDP,22:00,0.29
2111,2025-03-29 23:00:00,SpringHDP,23:00,0.221
2112,2025-03-30 00:00:00,SpringHDP,00:00,0.171
2113,2025-03-30 01:00:00,SpringHDP,01:00,0.144
2114,2025-03-30 02:00:00,SpringHDP,02:00,0.138
2115,2025-03-30 03:00:00,SpringHDP,03:00,0.152
2116,2025-03-30 04:00:00,SpringHDP,04:00,0.183
2117,2025-03-30 05:00:00,SpringHDP,05:00,0.271
2118,2025-03-30 06:00:00,SpringHDP,06:00,0.466
2119,2025-03-30 07:00:00,SpringHDP,07:00,0.533
2120,2025-03-30 08:00:00,SpringHDP,08:00,0.28
2121,2025-03-30 09:00:00,SpringHDP,09:00,0.116
2122,2025-03-30 10:00:00,SpringHDP,10:00,0.04
2123,2025-03-30 11:00:00,SpringHDP,11:00,0.02
2124,2025-03-30 12:00:00,SpringHDP,12:00,0.011
2125,2025-03-30 13:00:00,SpringHDP,13:00,0.019
2126,2025-03-30 14:00:00,SpringHDP,14:00,0.026
2127,2025-03-30 15:00:00,SpringHDP,15:00,0.063
2128,2025-03-30 16:00:00,SpringHDP,16:00,0.096
2129,2025-03-30 17:00:00,SpringHDP,17:00,0.236
2130,2025-03-30 18:00:00,SpringHDP,18:00,0.493
2131,2025-03-30 19:00:00,SpringHDP,19:00,0.662
2132,2025-03-30 20:00:00,SpringHDP,20:00,0.536
2133,2025-03-30 21:00:00,SpringHDP,21:00,0.412
2134,2025-03-30 22:00:00,SpringHDP,22:00,0.29
2135,2025-03-30 23:00:00,SpringHDP,23:00,0.221
2136,2025-03-31 00:00:00,SpringHDP,00:00,0.171
2137,2025-03-31 01:00:00,SpringHDP,01:00,0.144
2138,2025-03-31 02:00:00,SpringHDP,02:00,0.138
2139,2025-03-31 03:00:00,SpringHDP,03:00,0.152
2140,2025-03-31 04:00:00,SpringHDP,04:00,0.183
2141,2025-03-31 05:00:00,SpringHDP,05:00,0.271
2142,2025-03-31 06:00:00,SpringHDP,06:00,0.466
2143,2025-03-31 07:00:00,SpringHDP,07:00,0.533
2144,2025-03-31 08:00:00,SpringHDP,08:00,0.28
2145,2025-03-31 09:00:00,SpringHDP,09:00,0.116
2146,2025-03-31 10:00:00,SpringHDP,10:00,0.04
2147,2025-03-31 11:00:00,SpringHDP,11:00,0.02
2148,2025-03-31 12:00:00,SpringHDP,12:00,0.011
2149,2025-03-31 13:00:00,SpringHDP,13:00,0.019
2150,2025-03-31 14:00:00,SpringHDP,14:00,0.026
2151,2025-03-31 15:00:00,SpringHDP,15:00,0.063
2152,2025-03-31 16:00:00,SpringHDP,16:00,0.096
2153,2025-03-31 17:00:00,SpringHDP,17:00,0.236
2154,2025-03-31 18:00:00,SpringHDP,18:00,0.493
2155,2025-03-31 19:00:00,SpringHDP,19:00,0.662
2156,2025-03-31 20:00:00,SpringHDP,20:00,0.536
2157,2025-03-31 21:00:00,SpringHDP,21:00,0.412
2158,2025-03-31 22:00:00,SpringHDP,22:00,0.29
2159,2025-03-31 23:00:00,SpringHDP,23:00,0.221
2160,2025-04-01 00:00:00,SpringHDP,00:00,0.171
2161,2025-04-01 01:00:00,SpringHDP,01:00,0.144
2162,2025-04-01 02:00:00,SpringHDP,02:00,0.138
2163,2025-04-01 03:00:00,SpringHDP,03:00,0.152
2164,2025-04-01 04:00:00,SpringHDP,04:00,0.183
2165,2025-04-01 05:00:00,SpringHDP,05:00,0.271
2166,2025-04-01 06:00:00,SpringHDP,06:00,0.466
2167,2025-04-01 07:00:00,SpringHDP,07:00,0.533
2168,2025-04-01 08:00:00,SpringHDP,08:00,0.28
2169,2025-04-01 09:00:00,SpringHDP,09:00,0.116
2170,2025-04-01 10:00:00,SpringHDP,10:00,0.04
2171,2025-04-01 11:00:00,SpringHDP,11:00,0.02
2172,2025-04-01 12:00:00,SpringHDP,12:00,0.011
2173,2025-04-01 13:00:00,SpringHDP,13:00,0.019
2174,2025-04-01 14:00:00,SpringHDP,14:00,0.026
2175,2025-04-01 15:00:00,SpringHDP,15:00,0.063
2176,2025-04-01 16:00:00,SpringHDP,16:00,0.096
2177,2025-04-01 17:00:00,SpringHDP,17:00,0.236
2178,2025-04-01 18:00:00,SpringHDP,18:00,0.493
2179,2025-04-01 19:00:00,SpringHDP,19:00,0.662
2180,2025-04-01 20:00:00,SpringHDP,20:00,0.536
2181,2025-04-01 21:00:00,SpringHDP,21:00,0.412
2182,2025-04-01 22:00:00,SpringHDP,22:00,0.29
2183,2025-04-01 23:00:00,SpringHDP,23:00,0.221
2184,2025-04-02 00:00:00,SpringHDP,00:00,0.171
2185,2025-04-02 01:00:00,SpringHDP,01:00,0.144
2186,2025-04-02 02:00:00,SpringHDP,02:00,0.138
2187,2025-04-02 03:00:00,SpringHDP,03:00,0.152
2188,2025-04-02 04:00:00,SpringHDP,04:00,0.183
2189,2025-04-02 05:00:00,SpringHDP,05:00,0.271
2190,2025-04-02 06:00:00,SpringHDP,06:00,0.466
2191,2025-04-02 07:00:00,SpringHDP,07:00,0.533
2192,2025-04-02 08:00:00,SpringHDP,08:00,0.28
2193,2025-04-02 09:00:00,SpringHDP,09:00,0.116
2194,2025-04-02 10:00:00,SpringHDP,10:00,0.04
2195,2025-04-02 11:00:00,SpringHDP,11:00,0.02
2196,2025-04-02 12:00:00,SpringHDP,12:00,0.011
2197,2025-04-02 13:00:00,SpringHDP,13:00,0.019
2198,2025-04-02 14:00:00,SpringHDP,14:00,0.026
2199,2025-04-02 15:00:00,SpringHDP,15:00,0.063
2200,2025-04-02 16:00:00,SpringHDP,16:00,0.096
2201,2025-04-02 17:00:00,SpringHDP,17:00,0.236
2202,2025-04-02 18:00:00,SpringHDP,18:00,0.493
2203,2025-04-02 19:00:00,SpringHDP,19:00,0.662
2204,2025-04-02 20:00:00,SpringHDP,20:00,0.536
2205,2025-04-02 21:00:00,SpringHDP,21:00,0.412
2206,2025-04-02 22:00:00,SpringHDP,22:00,0.29
2207,2025-04-02 23:00:00,SpringHDP,23:00,0.221
2208,2025-04-03 00:00:00,SpringHDP,00:00,0.171
2209,2025-04-03 01:00:00,SpringHDP,01:00,0.144
2210,2025-04-03 02:00:00,SpringHDP,02:00,0.138
2211,2025-04-03 03:00:00,SpringHDP,03:00,0.152
2212,2025-04-03 04:00:00,SpringHDP,04:00,0.183
2213,2025-04-03 05:00:00,SpringHDP,05:00,0.271
2214,2025-04-03 06:00:00,SpringHDP,06:00,0.466
2215,2025-04-03 07:00:00,SpringHDP,07:00,0.533
2216,2025-04-03 08:00:00,SpringHDP,08:00,0.28
2217,2025-04-03 09:00:00,SpringHDP,09:00,0.116
2218,2025-04-03 10:00:00,SpringHDP,10:00,0.04
2219,2025-04-03 11:00:00,SpringHDP,11:00,0.02
2220,2025-04-03 12:00:00,SpringHDP,12:00,0.011
2221,2025-04-03 13:00:00,SpringHDP,13:00,0.019
2222,2025-04-03 14:00:00,SpringHDP,14:00,0.026
2223,2025-04-03 15:00:00,SpringHDP,15:00,0.063
2224,2025-04-03 16:00:00,SpringHDP,16:00,0.096
2225,2025-04-03 17:00:00,SpringHDP,17:00,0.236
2226,2025-04-03 18:00:00,SpringHDP,18:00,0.493
2227,2025-04-03 19:00:00,SpringHDP,19:00,0.662
2228,2025-04-03 20:00:00,SpringHDP,20:00,0.536
2229,2025-04-03 21:00:00,SpringHDP,21:00,0.412
2230,2025-04-03 22:00:00,SpringHDP,22:00,0.29
2231,2025-04-03 23:00:00,SpringHDP,23:00,0.221
2232,2025-04-04 00:00:00,SpringHDP,00:00,0.171
2233,2025-04-04 01:00:00,SpringHDP,01:00,0.144
2234,2025-04-04 02:00:00,SpringHDP,02:00,0.138
2235,2025-04-04 03:00:00,SpringHDP,03:00,0.152
2236,2025-04-04 04:00:00,SpringHDP,04:00,0.183
2237,2025-04-04 05:00:00,SpringHDP,05:00,0.271
2238,2025-04-04 06:00:00,SpringHDP,06:00,0.466
2239,2025-04-04 07:00:00,SpringHDP,07:00,0.533
2240,2025-04-04 08:00:00,SpringHDP,08:00,0.28
2241,2025-04-04 09:00:00,SpringHDP,09:00,0.116
2242,2025-04-04 10:00:00,SpringHDP,10:00,0.04
2243,2025-04-04 11:00:00,SpringHDP,11:00,0.02
2244,2025-04-04 12:00:00,SpringHDP,12:00,0.011
2245,2025-04-04 13:00:00,SpringHDP,13:00,0.019
2246,2025-04-04 14:00:00,SpringHDP,14:00,0.026
2247,2025-04-04 15:00:00,SpringHDP,15:00,0.063
2248,2025-04-04 16:00:00,SpringHDP,16:00,0.096
2249,2025-04-04 17:00:00,SpringHDP,17:00,0.236
2250,2025-04-04 18:00:00,SpringHDP,18:00,0.493
2251,2025-04-04 19:00:00,SpringHDP,19:00,0.662
2252,2025-04-04 20:00:00,SpringHDP,20:00,0.536
2253,2025-04-04 21:00:00,SpringHDP,21:00,0.412
2254,2025-04-04 22:00:00,SpringHDP,22:00,0.29
2255,2025-04-04 23:00:00,SpringHDP,23:00,0.221
2256,2025-04-05 00:00:00,SpringHDP,00:00,0.171
2257,2025-04-05 01:00:00,SpringHDP,01:00,0.144
2258,2025-04-05 02:00:00,SpringHDP,02:00,0.138
2259,2025-04-05 03:00:00,SpringHDP,03:00,0.152
2260,2025-04-05 04:00:00,SpringHDP,04:00,0.183
2261,2025-04-05 05:00:00,SpringHDP,05:00,0.271
2262,2025-04-05 06:00:00,SpringHDP,06:00,0.466
2263,2025-04-05 07:00:00,SpringHDP,07:00,0.533
2264,2025-04-05 08:00:00,SpringHDP,08:00,0.28
2265,2025-04-05 09:00:00,SpringHDP,09:00,0.116
2266,2025-04-05 10:00:00,SpringHDP,10:00,0.04
2267,2025-04-05 11:00:00,SpringHDP,11:00,0.02
2268,2025-04-05 12:00:00,SpringHDP,12:00,0.011
2269,2025-04-05 13:00:00,SpringHDP,13:00,0.019
2270,2025-04-05 14:00:00,SpringHDP,14:00,0.026
2271,2025-04-05 15:00:00,SpringHDP,15:00,0.063
2272,2025-04-05 16:00:00,SpringHDP,16:00,0.096
2273,2025-04-05 17:00:00,SpringHDP,17:00,0.236
2274,2025-04-05 18:00:00,SpringHDP,18:00,0.493
2275,2025-04-05 19:00:00,SpringHDP,19:00,0.662
2276,2025-04-05 20:00:00,SpringHDP,20:00,0.536
2277,2025-04-05 21:00:00,SpringHDP,21:00,0.412
2278,2025-04-05 22:00:00,SpringHDP,22:00,0.29
2279,2025-04-05 23:00:00,SpringHDP,23:00,0.221
2280,2025-04-06 00:00:00,SpringHDP,00:00,0.171
2281,2025-04-06 01:00:00,SpringHDP,01:00,0.144
2282,2025-04-06 02:00:00,SpringHDP,02:00,0.138
2283,2025-04-06 03:00:00,SpringHDP,03:00,0.152
2284,2025-04-06 04:00:00,SpringHDP,04:00,0.183
2285,2025-04-06 05:00:00,SpringHDP,05:00,0.271
2286,2025-04-06 06:00:00,SpringHDP,06:00,0.466
2287,2025-04-06 07:00:00,SpringHDP,07:00,0.533
2288,2025-04-06 08:00:00,SpringHDP,08:00,0.28
2289,2025-04-06 09:00:00,SpringHDP,09:00,0.116
2290,2025-04-06 10:00:00,SpringHDP,10:00,0.04
2291,2025-04-06 11:00:00,SpringHDP,11:00,0.02
2292,2025-04-06 12:00:00,SpringHDP,12:00,0.011
2293,2025-04-06 13:00:00,SpringHDP,13:00,0.019
2294,2025-04-06 14:00:00,SpringHDP,14:00,0.026
2295,2025-04-06 15:00:00,SpringHDP,15:00,0.063
2296,2025-04-06 16:00:00,SpringHDP,16:00,0.096
2297,2025-04-06 17:00:00,SpringHDP,17:00,0.236
2298,2025-04-06 18:00:00,SpringHDP,18:00,0.493
2299,2025-04-06 19:00:00,SpringHDP,19:00,0.662
2300,2025-04-06 20:00:00,SpringHDP,20:00,0.536
2301,2025-04-06 21:00:00,SpringHDP,21:00,0.412
2302,2025-04-06 22:00:00,SpringHDP,22:00,0.29
2303,2025-04-06 23:00:00,SpringHDP,23:00,0.221
2304,2025-04-07 00:00:00,SpringHDP,00:00,0.171
2305,2025-04-07 01:00:00,SpringHDP,01:00,0.144
2306,2025-04-07 02:00:00,SpringHDP,02:00,0.138
2307,2025-04-07 03:00:00,SpringHDP,03:00,0.152
2308,2025-04-07 04:00:00,SpringHDP,04:00,0.183
2309,2025-04-07 05:00:00,SpringHDP,05:00,0.271
2310,2025-04-07 06:00:00,SpringHDP,06:00,0.466
2311,2025-04-07 07:00:00,SpringHDP,07:00,0.533
2312,2025-04-07 08:00:00,SpringHDP,08:00,0.28
2313,2025-04-07 09:00:00,SpringHDP,09:00,0.116
2314,2025-04-07 10:00:00,SpringHDP,10:00,0.04
2315,2025-04-07 11:00:00,SpringHDP,11:00,0.02
2316,2025-04-07 12:00:00,SpringHDP,12:00,0.011
2317,2025-04-07 13:00:00,SpringHDP,13:00,0.019
2318,2025-04-07 14:00:00,SpringHDP,14:00,0.026
2319,2025-04-07 15:00:00,SpringHDP,15:00,0.063
2320,2025-04-07 16:00:00,SpringHDP,16:00,0.096
2321,2025-04-07 17:00:00,SpringHDP,17:00,0.236
2322,2025-04-07 18:00:00,SpringHDP,18:00,0.493
2323,2025-04-07 19:00:00,SpringHDP,19:00,0.662
2324,2025-04-07 20:00:00,SpringHDP,20:00,0.536
2325,2025-04-07 21:00:00,SpringHDP,21:00,0.412
2326,2025-04-07 22:00:00,SpringHDP,22:00,0.29
2327,2025-04-07 23:00:00,SpringHDP,23:00,0.221
2328,2025-04-08 00:00:00,SpringHDP,00:00,0.171
2329,2025-04-08 01:00:00,SpringHDP,01:00,0.144
2330,2025-04-08 02:00:00,SpringHDP,02:00,0.138
2331,2025-04-08 03:00:00,SpringHDP,03:00,0.152
2332,2025-04-08 04:00:00,SpringHDP,04:00,0.183
2333,2025-04-08 05:00:00,SpringHDP,05:00,0.271
2334,2025-04-08 06:00:00,SpringHDP,06:00,0.466
2335,2025-04-08 07:00:00,SpringHDP,07:00,0.533
2336,2025-04-08 08:00:00,SpringHDP,08:00,0.28
2337,2025-04-08 09:00:00,SpringHDP,09:00,0.116
2338,2025-04-08 10:00:00,SpringHDP,10:00,0.04
2339,2025-04-08 11:00:00,SpringHDP,11:00,0.02
2340,2025-04-08 12:00:00,SpringHDP,12:00,0.011
2341,2025-04-08 13:00:00,SpringHDP,13:00,0.019
2342,2025-04-08 14:00:00,SpringHDP,14:00,0.026
2343,2025-04-08 15:00:00,SpringHDP,15:00,0.063
2344,2025-04-08 16:00:00,SpringHDP,16:00,0.096
2345,2025-04-08 17:00:00,SpringHDP,17:00,0.236
2346,2025-04-08 18:00:00,SpringHDP,18:00,0.493
2347,2025-04-08 19:00:00,SpringHDP,19:00,0.662
2348,2025-04-08 20:00:00,SpringHDP,20:00,0.536
2349,2025-04-08 21:00:00,SpringHDP,21:00,0.412
2350,2025-04-08 22:00:00,SpringHDP,22:00,0.29
2351,2025-04-08 23:00:00,SpringHDP,23:00,0.221
2352,2025-04-09 00:00:00,SpringHDP,00:00,0.171
2353,2025-04-09 01:00:00,SpringHDP,01:00,0.144
2354,2025-04-09 02:00:00,SpringHDP,02:00,0.138
2355,2025-04-09 03:00:00,SpringHDP,03:00,0.152
2356,2025-04-09 04:00:00,SpringHDP,04:00,0.183
2357,2025-04-09 05:00:00,SpringHDP,05:00,0.271
2358,2025-04-09 06:00:00,SpringHDP,06:00,0.466
2359,2025-04-09 07:00:00,SpringHDP,07:00,0.533
2360,2025-04-09 08:00:00,SpringHDP,08:00,0.28
2361,2025-04-09 09:00:00,SpringHDP,09:00,0.116
2362,2025-04-09 10:00:00,SpringHDP,10:00,0.04
2363,2025-04-09 11:00:00,SpringHDP,11:00,0.02
2364,2025-04-09 12:00:00,SpringHDP,12:00,0.011
2365,2025-04-09 13:00:00,SpringHDP,13:00,0.019
2366,2025-04-09 14:00:00,SpringHDP,14:00,0.026
2367,2025-04-09 15:00:00,SpringHDP,15:00,0.063
2368,2025-04-09 16:00:00,SpringHDP,16:00,0.096
2369,2025-04-09 17:00:00,SpringHDP,17:00,0.236
2370,2025-04-09 18:00:00,SpringHDP,18:00,0.493
2371,2025-04-09 19:00:00,SpringHDP,19:00,0.662
2372,2025-04-09 20:00:00,SpringHDP,20:00,0.536
2373,2025-04-09 21:00:00,SpringHDP,21:00,0.412
2374,2025-04-09 22:00:00,SpringHDP,22:00,0.29
2375,2025-04-09 23:00:00,SpringHDP,23:00,0.221
2376,2025-04-10 00:00:00,SpringHDP,00:00,0.171
2377,2025-04-10 01:00:00,SpringHDP,01:00,0.144
2378,2025-04-10 02:00:00,SpringHDP,02:00,0.138
2379,2025-04-10 03:00:00,SpringHDP,03:00,0.152
2380,2025-04-10 04:00:00,SpringHDP,04:00,0.183
2381,2025-04-10 05:00:00,SpringHDP,05:00,0.271
2382,2025-04-10 06:00:00,SpringHDP,06:00,0.466
2383,2025-04-10 07:00:00,SpringHDP,07:00,0.533
2384,2025-04-10 08:00:00,SpringHDP,08:00,0.28
2385,2025-04-10 09:00:00,SpringHDP,09:00,0.116
2386,2025-04-10 10:00:00,SpringHDP,10:00,0.04
2387,2025-04-10 11:00:00,SpringHDP,11:00,0.02
2388,2025-04-10 12:00:00,SpringHDP,12:00,0.011
2389,2025-04-10 13:00:00,SpringHDP,13:00,0.019
2390,2025-04-10 14:00:00,SpringHDP,14:00,0.026
2391,2025-04-10 15:00:00,SpringHDP,15:00,0.063
2392,2025-04-10 16:00:00,SpringHDP,16:00,0.096
2393,2025-04-10 17:00:00,SpringHDP,17:00,0.236
2394,2025-04-10 18:00:00,SpringHDP,18:00,0.493
2395,2025-04-10 19:00:00,SpringHDP,19:00,0.662
2396,2025-04-10 20:00:00,SpringHDP,20:00,0.536
2397,2025-04-10 21:00:00,SpringHDP,21:00,0.412
2398,2025-04-10 22:00:00,SpringHDP,22:00,0.29
2399,2025-04-10 23:00:00,SpringHDP,23:00,0.221
2400,2025-04-11 00:00:00,SpringHDP,00:00,0.171
2401,2025-04-11 01:00:00,SpringHDP,01:00,0.144
2402,2025-04-11 02:00:00,SpringHDP,02:00,0.138
2403,2025-04-11 03:00:00,SpringHDP,03:00,0.152
2404,2025-04-11 04:00:00,SpringHDP,04:00,0.183
2405,2025-04-11 05:00:00,SpringHDP,05:00,0.271
2406,2025-04-11 06:00:00,SpringHDP,06:00,0.466
2407,2025-04-11 07:00:00,SpringHDP,07:00,0.533
2408,2025-04-11 08:00:00,SpringHDP,08:00,0.28
2409,2025-04-11 09:00:00,SpringHDP,09:00,0.116
2410,2025-04-11 10:00:00,SpringHDP,10:00,0.04
2411,2025-04-11 11:00:00,SpringHDP,11:00,0.02
2412,2025-04-11 12:00:00,SpringHDP,12:00,0.011
2413,2025-04-11 13:00:00,SpringHDP,13:00,0.019
2414,2025-04-11 14:00:00,SpringHDP,14:00,0.026
2415,2025-04-11 15:00:00,SpringHDP,15:00,0.063
2416,2025-04-11 16:00:00,SpringHDP,16:00,0.096
2417,2025-04-11 17:00:00,SpringHDP,17:00,0.236
2418,2025-04-11 18:00:00,SpringHDP,18:00,0.493
2419,2025-04-11 19:00:00,SpringHDP,19:00,0.662
2420,2025-04-11 20:00:00,SpringHDP,20:00,0.536
2421,2025-04-11 21:00:00,SpringHDP,21:00,0.412
2422,2025-04-11 22:00:00,SpringHDP,22:00,0.29
2423,2025-04-11 23:00:00,SpringHDP,23:00,0.221
2424,2025-04-12 00:00:00,SpringHDP,00:00,0.171
2425,2025-04-12 01:00:00,SpringHDP,01:00,0.144
2426,2025-04-12 02:00:00,SpringHDP,02:00,0.138
2427,2025-04-12 03:00:00,SpringHDP,03:00,0.152
2428,2025-04-12 04:00:00,SpringHDP,04:00,0.183
2429,2025-04-12 05:00:00,SpringHDP,05:00,0.271
2430,2025-04-12 06:00:00,SpringHDP,06:00,0.466
2431,2025-04-12 07:00:00,SpringHDP,07:00,0.533
2432,2025-04-12 08:00:00,SpringHDP,08:00,0.28
2433,2025-04-12 09:00:00,SpringHDP,09:00,0.116
2434,2025-04-12 10:00:00,SpringHDP,10:00,0.04
2435,2025-04-12 11:00:00,SpringHDP,11:00,0.02
2436,2025-04-12 12:00:00,SpringHDP,12:00,0.011
2437,2025-04-12 13:00:00,SpringHDP,13:00,0.019
2438,2025-04-12 14:00:00,SpringHDP,14:00,0.026
2439,2025-04-12 15:00:00,SpringHDP,15:00,0.063
2440,2025-04-12 16:00:00,SpringHDP,16:00,0.096
2441,2025-04-12 17:00:00,SpringHDP,17:00,0.236
2442,2025-04-12 18:00:00,SpringHDP,18:00,0.493
2443,2025-04-12 19:00:00,SpringHDP,19:00,0.662
2444,2025-04-12 20:00:00,SpringHDP,20:00,0.536
2445,2025-04-12 21:00:00,SpringHDP,21:00,0.412
2446,2025-04-12 22:00:00,SpringHDP,22:00,0.29
2447,2025-04-12 23:00:00,SpringHDP,23:00,0.221
2448,2025-04-13 00:00:00,SpringHDP,00:00,0.171
2449,2025-04-13 01:00:00,SpringHDP,01:00,0.144
2450,2025-04-13 02:00:00,SpringHDP,02:00,0.138
2451,2025-04-13 03:00:00,SpringHDP,03:00,0.152
2452,2025-04-13 04:00:00,SpringHDP,04:00,0.183
2453,2025-04-13 05:00:00,SpringHDP,05:00,0.271
2454,2025-04-13 06:00:00,SpringHDP,06:00,0.466
2455,2025-04-13 07:00:00,SpringHDP,07:00,0.533
2456,2025-04-13 08:00:00,SpringHDP,08:00,0.28
2457,2025-04-13 09:00:00,SpringHDP,09:00,0.116
2458,2025-04-13 10:00:00,SpringHDP,10:00,0.04
2459,2025-04-13 11:00:00,SpringHDP,11:00,0.02
2460,2025-04-13 12:00:00,SpringHDP,12:00,0.011
2461,2025-04-13 13:00:00,SpringHDP,13:00,0.019
2462,2025-04-13 14:00:00,SpringHDP,14:00,0.026
2463,2025-04-13 15:00:00,SpringHDP,15:00,0.063
2464,2025-04-13 16:00:00,SpringHDP,16:00,0.096
2465,2025-04-13 17:00:00,SpringHDP,17:00,0.236
2466,2025-04-13 18:00:00,SpringHDP,18:00,0.493
2467,2025-04-13 19:00:00,SpringHDP,19:00,0.662
2468,2025-04-13 20:00:00,SpringHDP,20:00,0.536
2469,2025-04-13 21:00:00,SpringHDP,21:00,0.412
2470,2025-04-13 22:00:00,SpringHDP,22:00,0.29
2471,2025-04-13 23:00:00,SpringHDP,23:00,0.221
2472,2025-04-14 00:00:00,SpringHDP,00:00,0.171
2473,2025-04-14 01:00:00,SpringHDP,01:00,0.144
2474,2025-04-14 02:00:00,SpringHDP,02:00,0.138
2475,2025-04-14 03:00:00,SpringHDP,03:00,0.152
2476,2025-04-14 04:00:00,SpringHDP,04:00,0.183
2477,2025-04-14 05:00:00,SpringHDP,05:00,0.271
2478,2025-04-14 06:00:00,SpringHDP,06:00,0.466
2479,2025-04-14 07:00:00,SpringHDP,07:00,0.533
2480,2025-04-14 08:00:00,SpringHDP,08:00,0.28
2481,2025-04-14 09:00:00,SpringHDP,09:00,0.116
2482,2025-04-14 10:00:00,SpringHDP,10:00,0.04
2483,2025-04-14 11:00:00,SpringHDP,11:00,0.02
2484,2025-04-14 12:00:00,SpringHDP,12:00,0.011
2485,2025-04-14 13:00:00,SpringHDP,13:00,0.019
2486,2025-04-14 14:00:00,SpringHDP,14:00,0.026
2487,2025-04-14 15:00:00,SpringHDP,15:00,0.063
2488,2025-04-14 16:00:00,SpringHDP,16:00,0.096
2489,2025-04-14 17:00:00,SpringHDP,17:00,0.236
2490,2025-04-14 18:00:00,SpringHDP,18:00,0.493
2491,2025-04-14 19:00:00,SpringHDP,19:00,0.662
2492,2025-04-14 20:00:00,SpringHDP,20:00,0.536
2493,2025-04-14 21:00:00,SpringHDP,21:00,0.412
2494,2025-04-14 22:00:00,SpringHDP,22:00,0.29
2495,2025-04-14 23:00:00,SpringHDP,23:00,0.221
2496,2025-04-15 00:00:00,SpringHDP,00:00,0.171
2497,2025-04-15 01:00:00,SpringHDP,01:00,0.144
2498,2025-04-15 02:00:00,SpringHDP,02:00,0.138
2499,2025-04-15 03:00:00,SpringHDP,03:00,0.152
2500,2025-04-15 04:00:00,SpringHDP,04:00,0.183
2501,2025-04-15 05:00:00,SpringHDP,05:00,0.271
2502,2025-04-15 06:00:00,SpringHDP,06:00,0.466
2503,2025-04-15 07:00:00,SpringHDP,07:00,0.533
2504,2025-04-15 08:00:00,SpringHDP,08:00,0.28
2505,2025-04-15 09:00:00,SpringHDP,09:00,0.116
2506,2025-04-15 10:00:00,SpringHDP,10:00,0.04
2507,2025-04-15 11:00:00,SpringHDP,11:00,0.02
2508,2025-04-15 12:00:00,SpringHDP,12:00,0.011
2509,2025-04-15 13:00:00,SpringHDP,13:00,0.019
2510,2025-04-15 14:00:00,SpringHDP,14:00,0.026
2511,2025-04-15 15:00:00,SpringHDP,15:00,0.063
2512,2025-04-15 16:00:00,SpringHDP,16:00,0.096
2513,2025-04-15 17:00:00,SpringHDP,17:00,0.236
2514,2025-04-15 18:00:00,SpringHDP,18:00,0.493
2515,2025-04-15 19:00:00,SpringHDP,19:00,0.662
2516,2025-04-15 20:00:00,SpringHDP,20:00,0.536
2517,2025-04-15 21:00:00,SpringHDP,21:00,0.412
2518,2025-04-15 22:00:00,SpringHDP,22:00,0.29
2519,2025-04-15 23:00:00,SpringHDP,23:00,0.221
2520,2025-04-16 00:00:00,SpringHDP,00:00,0.171
2521,2025-04-16 01:00:00,SpringHDP,01:00,0.144
2522,2025-04-16 02:00:00,SpringHDP,02:00,0.138
2523,2025-04-16 03:00:00,SpringHDP,03:00,0.152
2524,2025-04-16 04:00:00,SpringHDP,04:00,0.183
2525,2025-04-16 05:00:00,SpringHDP,05:00,0.271
2526,2025-04-16 06:00:00,SpringHDP,06:00,0.466
2527,2025-04-16 07:00:00,SpringHDP,07:00,0.533
2528,2025-04-16 08:00:00,SpringHDP,08:00,0.28
2529,2025-04-16 09:00:00,SpringHDP,09:00,0.116
2530,2025-04-16 10:00:00,SpringHDP,10:00,0.04
2531,2025-04-16 11:00:00,SpringHDP,11:00,0.02
2532,2025-04-16 12:00:00,SpringHDP,12:00,0.011
2533,2025-04-16 13:00:00,SpringHDP,13:00,0.019
2534,2025-04-16 14:00:00,SpringHDP,14:00,0.026
2535,2025-04-16 15:00:00,SpringHDP,15:00,0.063
2536,2025-04-16 16:00:00,SpringHDP,16:00,0.096
2537,2025-04-16 17:00:00,SpringHDP,17:00,0.236
2538,2025-04-16 18:00:00,SpringHDP,18:00,0.493
2539,2025-04-16 19:00:00,SpringHDP,19:00,0.662
2540,2025-04-16 20:00:00,SpringHDP,20:00,0.536
2541,2025-04-16 21:00:00,SpringHDP,21:00,0.412
2542,2025-04-16 22:00:00,SpringHDP,22:00,0.29
2543,2025-04-16 23:00:00,SpringHDP,23:00,0.221
2544,2025-04-17 00:00:00,SpringHDP,00:00,0.171
2545,2025-04-17 01:00:00,SpringHDP,01:00,0.144
2546,2025-04-17 02:00:00,SpringHDP,02:00,0.138
2547,2025-04-17 03:00:00,SpringHDP,03:00,0.152
2548,2025-04-17 04:00:00,SpringHDP,04:00,0.183
2549,2025-04-17 05:00:00,SpringHDP,05:00,0.271
2550,2025-04-17 06:00:00,SpringHDP,06:00,0.466
2551,2025-04-17 07:00:00,SpringHDP,07:00,0.533
2552,2025-04-17 08:00:00,SpringHDP,08:00,0.28
2553,2025-04-17 09:00:00,SpringHDP,09:00,0.116
2554,2025-04-17 10:00:00,SpringHDP,10:00,0.04
2555,2025-04-17 11:00:00,SpringHDP,11:00,0.02
2556,2025-04-17 12:00:00,SpringHDP,12:00,0.011
2557,2025-04-17 13:00:00,SpringHDP,13:00,0.019
2558,2025-04-17 14:00:00,SpringHDP,14:00,0.026
2559,2025-04-17 15:00:00,SpringHDP,15:00,0.063
2560,2025-04-17 16:00:00,SpringHDP,16:00,0.096
2561,2025-04-17 17:00:00,SpringHDP,17:00,0.236
2562,2025-04-17 18:00:00,SpringHDP,18:00,0.493
2563,2025-04-17 19:00:00,SpringHDP,19:00,0.662
2564,2025-04-17 20:00:00,SpringHDP,20:00,0.536
2565,2025-04-17 21:00:00,SpringHDP,21:00,0.412
2566,2025-04-17 22:00:00,SpringHDP,22:00,0.29
2567,2025-04-17 23:00:00,SpringHDP,23:00,0.221
2568,2025-04-18 00:00:00,SpringHDP,00:00,0.171
2569,2025-04-18 01:00:00,SpringHDP,01:00,0.144
2570,2025-04-18 02:00:00,SpringHDP,02:00,0.138
2571,2025-04-18 03:00:00,SpringHDP,03:00,0.152
2572,2025-04-18 04:00:00,SpringHDP,04:00,0.183
2573,2025-04-18 05:00:00,SpringHDP,05:00,0.271
2574,2025-04-18 06:00:00,SpringHDP,06:00,0.466
2575,2025-04-18 07:00:00,SpringHDP,07:00,0.533
2576,2025-04-18 08:00:00,SpringHDP,08:00,0.28
2577,2025-04-18 09:00:00,SpringHDP,09:00,0.116
2578,2025-04-18 10:00:00,SpringHDP,10:00,0.04
2579,2025-04-18 11:00:00,SpringHDP,11:00,0.02
2580,2025-04-18 12:00:00,SpringHDP,12:00,0.011
2581,2025-04-18 13:00:00,SpringHDP,13:00,0.019
2582,2025-04-18 14:00:00,SpringHDP,14:00,0.026
2583,2025-04-18 15:00:00,SpringHDP,15:00,0.063
2584,2025-04-18 16:00:00,SpringHDP,16:00,0.096
2585,2025-04-18 17:00:00,SpringHDP,17:00,0.236
2586,2025-04-18 18:00:00,SpringHDP,18:00,0.493
2587,2025-04-18 19:00:00,SpringHDP,19:00,0.662
2588,2025-04-18 20:00:00,SpringHDP,20:00,0.536
2589,2025-04-18 21:00:00,SpringHDP,21:00,0.412
2590,2025-04-18 22:00:00,SpringHDP,22:00,0.29
2591,2025-04-18 23:00:00,SpringHDP,23:00,0.221
2592,2025-04-19 00:00:00,SpringHDP,00:00,0.171
2593,2025-04-19 01:00:00,SpringHDP,01:00,0.144
2594,2025-04-19 02:00:00,SpringHDP,02:00,0.138
2595,2025-04-19 03:00:00,SpringHDP,03:00,0.152
2596,2025-04-19 04:00:00,SpringHDP,04:00,0.183
2597,2025-04-19 05:00:00,SpringHDP,05:00,0.271
2598,2025-04-19 06:00:00,SpringHDP,06:00,0.466
2599,2025-04-19 07:00:00,SpringHDP,07:00,0.533
2600,2025-04-19 08:00:00,SpringHDP,08:00,0.28
2601,2025-04-19 09:00:00,SpringHDP,09:00,0.116
2602,2025-04-19 10:00:00,SpringHDP,10:00,0.04
2603,2025-04-19 11:00:00,SpringHDP,11:00,0.02
2604,2025-04-19 12:00:00,SpringHDP,12:00,0.011
2605,2025-04-19 13:00:00,SpringHDP,13:00,0.019
2606,2025-04-19 14:00:00,SpringHDP,14:00,0.026
2607,2025-04-19 15:00:00,SpringHDP,15:00,0.063
2608,2025-04-19 16:00:00,SpringHDP,16:00,0.096
2609,2025-04-19 17:00:00,SpringHDP,17:00,0.236
2610,2025-04-19 18:00:00,SpringHDP,18:00,0.493
2611,2025-04-19 19:00:00,SpringHDP,19:00,0.662
2612,2025-04-19 20:00:00,SpringHDP,20:00,0.536
2613,2025-04-19 21:00:00,SpringHDP,21:00,0.412
2614,2025-04-19 22:00:00,SpringHDP,22:00,0.29
2615,2025-04-19 23:00:00,SpringHDP,23:00,0.221
2616,2025-04-20 00:00:00,SpringHDP,00:00,0.171
2617,2025-04-20 01:00:00,SpringHDP,01:00,0.144
2618,2025-04-20 02:00:00,SpringHDP,02:00,0.138
2619,2025-04-20 03:00:00,SpringHDP,03:00,0.152
2620,2025-04-20 04:00:00,SpringHDP,04:00,0.183
2621,2025-04-20 05:00:00,SpringHDP,05:00,0.271
2622,2025-04-20 06:00:00,SpringHDP,06:00,0.466
2623,2025-04-20 07:00:00,SpringHDP,07:00,0.533
2624,2025-04-20 08:00:00,SpringHDP,08:00,0.28
2625,2025-04-20 09:00:00,SpringHDP,09:00,0.116
2626,2025-04-20 10:00:00,SpringHDP,10:00,0.04
2627,2025-04-20 11:00:00,SpringHDP,11:00,0.02
2628,2025-04-20 12:00:00,SpringHDP,12:00,0.011
2629,2025-04-20 13:00:00,SpringHDP,13:00,0.019
2630,2025-04-20 14:00:00,SpringHDP,14:00,0.026
2631,2025-04-20 15:00:00,SpringHDP,15:00,0.063
2632,2025-04-20 16:00:00,SpringHDP,16:00,0.096
2633,2025-04-20 17:00:00,SpringHDP,17:00,0.236
2634,2025-04-20 18:00:00,SpringHDP,18:00,0.493
2635,2025-04-20 19:00:00,SpringHDP,19:00,0.662
2636,2025-04-20 20:00:00,SpringHDP,20:00,0.536
2637,2025-04-20 21:00:00,SpringHDP,21:00,0.412
2638,2025-04-20 22:00:00,SpringHDP,22:00,0.29
2639,2025-04-20 23:00:00,SpringHDP,23:00,0.221
2640,2025-04-21 00:00:00,SpringHDP,00:00,0.171
2641,2025-04-21 01:00:00,SpringHDP,01:00,0.144
2642,2025-04-21 02:00:00,SpringHDP,02:00,0.138
2643,2025-04-21 03:00:00,SpringHDP,03:00,0.152
2644,2025-04-21 04:00:00,SpringHDP,04:00,0.183
2645,2025-04-21 05:00:00,SpringHDP,05:00,0.271
2646,2025-04-21 06:00:00,SpringHDP,06:00,0.466
2647,2025-04-21 07:00:00,SpringHDP,07:00,0.533
2648,2025-04-21 08:00:00,SpringHDP,08:00,0.28
2649,2025-04-21 09:00:00,SpringHDP,09:00,0.116
2650,2025-04-21 10:00:00,SpringHDP,10:00,0.04
2651,2025-04-21 11:00:00,SpringHDP,11:00,0.02
2652,2025-04-21 12:00:00,SpringHDP,12:00,0.011
2653,2025-04-21 13:00:00,SpringHDP,13:00,0.019
2654,2025-04-21 14:00:00,SpringHDP,14:00,0.026
2655,2025-04-21 15:00:00,SpringHDP,15:00,0.063
2656,2025-04-21 16:00:00,SpringHDP,16:00,0.096
2657,2025-04-21 17:00:00,SpringHDP,17:00,0.236
2658,2025-04-21 18:00:00,SpringHDP,18:00,0.493
2659,2025-04-21 19:00:00,SpringHDP,19:00,0.662
2660,2025-04-21 20:00:00,SpringHDP,20:00,0.536
2661,2025-04-21 21:00:00,SpringHDP,21:00,0.412
2662,2025-04-21 22:00:00,SpringHDP,22:00,0.29
2663,2025-04-21 23:00:00,SpringHDP,23:00,0.221
2664,2025-04-22 00:00:00,SpringHDP,00:00,0.171
2665,2025-04-22 01:00:00,SpringHDP,01:00,0.144
2666,2025-04-22 02:00:00,SpringHDP,02:00,0.138
2667,2025-04-22 03:00:00,SpringHDP,03:00,0.152
2668,2025-04-22 04:00:00,SpringHDP,04:00,0.183
2669,2025-04-22 05:00:00,SpringHDP,05:00,0.271
2670,2025-04-22 06:00:00,SpringHDP,06:00,0.466
2671,2025-04-22 07:00:00,SpringHDP,07:00,0.533
2672,2025-04-22 08:00:00,SpringHDP,08:00,0.28
2673,2025-04-22 09:00:00,SpringHDP,09:00,0.116
2674,2025-04-22 10:00:00,SpringHDP,10:00,0.04
2675,2025-04-22 11:00:00,SpringHDP,11:00,0.02
2676,2025-04-22 12:00:00,SpringHDP,12:00,0.011
2677,2025-04-22 13:00:00,SpringHDP,13:00,0.019
2678,2025-04-22 14:00:00,SpringHDP,14:00,0.026
2679,2025-04-22 15:00:00,SpringHDP,15:00,0.063
2680,2025-04-22 16:00:00,SpringHDP,16:00,0.096
2681,2025-04-22 17:00:00,SpringHDP,17:00,0.236
2682,2025-04-22 18:00:00,SpringHDP,18:00,0.493
2683,2025-04-22 19:00:00,SpringHDP,19:00,0.662
2684,2025-04-22 20:00:00,SpringHDP,20:00,0.536
2685,2025-04-22 21:00:00,SpringHDP,21:00,0.412
2686,2025-04-22 22:00:00,SpringHDP,22:00,0.29
2687,2025-04-22 23:00:00,SpringHDP,23:00,0.221
2688,2025-04-23 00:00:00,SpringHDP,00:00,0.171
2689,2025-04-23 01:00:00,SpringHDP,01:00,0.144
2690,2025-04-23 02:00:00,SpringHDP,02:00,0.138
2691,2025-04-23 03:00:00,SpringHDP,03:00,0.152
2692,2025-04-23 04:00:00,SpringHDP,04:00,0.183
2693,2025-04-23 05:00:00,SpringHDP,05:00,0.271
2694,2025-04-23 06:00:00,SpringHDP,06:00,0.466
2695,2025-04-23 07:00:00,SpringHDP,07:00,0.533
2696,2025-04-23 08:00:00,SpringHDP,08:00,0.28
2697,2025-04-23 09:00:00,SpringHDP,09:00,0.116
2698,2025-04-23 10:00:00,SpringHDP,10:00,0.04
2699,2025-04-23 11:00:00,SpringHDP,11:00,0.02
2700,2025-04-23 12:00:00,SpringHDP,12:00,0.011
2701,2025-04-23 13:00:00,SpringHDP,13:00,0.019
2702,2025-04-23 14:00:00,SpringHDP,14:00,0.026
2703,2025-04-23 15:00:00,SpringHDP,15:00,0.063
2704,2025-04-23 16:00:00,SpringHDP,16:00,0.096
2705,2025-04-23 17:00:00,SpringHDP,17:00,0.236
2706,2025-04-23 18:00:00,SpringHDP,18:00,0.493
2707,2025-04-23 19:00:00,SpringHDP,19:00,0.662
2708,2025-04-23 20:00:00,SpringHDP,20:00,0.536
2709,2025-04-23 21:00:00,SpringHDP,21:00,0.412
2710,2025-04-23 22:00:00,SpringHDP,22:00,0.29
2711,2025-04-23 23:00:00,SpringHDP,23:00,0.221
2712,2025-04-24 00:00:00,SpringHDP,00:00,0.171
2713,2025-04-24 01:00:00,SpringHDP,01:00,0.144
2714,2025-04-24 02:00:00,SpringHDP,02:00,0.138
2715,2025-04-24 03:00:00,SpringHDP,03:00,0.152
2716,2025-04-24 04:00:00,SpringHDP,04:00,0.183
2717,2025-04-24 05:00:00,SpringHDP,05:00,0.271
2718,2025-04-24 06:00:00,SpringHDP,06:00,0.466
2719,2025-04-24 07:00:00,SpringHDP,07:00,0.533
2720,2025-04-24 08:00:00,SpringHDP,08:00,0.28
2721,2025-04-24 09:00:00,SpringHDP,09:00,0.116
2722,2025-04-24 10:00:00,SpringHDP,10:00,0.04
2723,2025-04-24 11:00:00,SpringHDP,11:00,0.02
2724,2025-04-24 12:00:00,SpringHDP,12:00,0.011
2725,2025-04-24 13:00:00,SpringHDP,13:00,0.019
2726,2025-04-24 14:00:00,SpringHDP,14:00,0.026
2727,2025-04-24 15:00:00,SpringHDP,15:00,0.063
2728,2025-04-24 16:00:00,SpringHDP,16:00,0.096
2729,2025-04-24 17:00:00,SpringHDP,17:00,0.236
2730,2025-04-24 18:00:00,SpringHDP,18:00,0.493
2731,2025-04-24 19:00:00,SpringHDP,19:00,0.662
2732,2025-04-24 20:00:00,SpringHDP,20:00,0.536
2733,2025-04-24 21:00:00,SpringHDP,21:00,0.412
2734,2025-04-24 22:00:00,SpringHDP,22:00,0.29
2735,2025-04-24 23:00:00,SpringHDP,23:00,0.221
2736,2025-04-25 00:00:00,SpringHDP,00:00,0.171
2737,2025-04-25 01:00:00,SpringHDP,01:00,0.144
2738,2025-04-25 02:00:00,SpringHDP,02:00,0.138
2739,2025-04-25 03:00:00,SpringHDP,03:00,0.152
2740,2025-04-25 04:00:00,SpringHDP,04:00,0.183
2741,2025-04-25 05:00:00,SpringHDP,05:00,0.271
2742,2025-04-25 06:00:00,SpringHDP,06:00,0.466
2743,2025-04-25 07:00:00,SpringHDP,07:00,0.533
2744,2025-04-25 08:00:00,SpringHDP,08:00,0.28
2745,2025-04-25 09:00:00,SpringHDP,09:00,0.116
2746,2025-04-25 10:00:00,SpringHDP,10:00,0.04
2747,2025-04-25 11:00:00,SpringHDP,11:00,0.02
2748,2025-04-25 12:00:00,SpringHDP,12:00,0.011
2749,2025-04-25 13:00:00,SpringHDP,13:00,0.019
2750,2025-04-25 14:00:00,SpringHDP,14:00,0.026
2751,2025-04-25 15:00:00,SpringHDP,15:00,0.063
2752,2025-04-25 16:00:00,SpringHDP,16:00,0.096
2753,2025-04-25 17:00:00,SpringHDP,17:00,0.236
2754,2025-04-25 18:00:00,SpringHDP,18:00,0.493
2755,2025-04-25 19:00:00,SpringHDP,19:00,0.662
2756,2025-04-25 20:00:00,SpringHDP,20:00,0.536
2757,2025-04-25 21:00:00,SpringHDP,21:00,0.412
2758,2025-04-25 22:00:00,SpringHDP,22:00,0.29
2759,2025-04-25 23:00:00,SpringHDP,23:00,0.221
2760,2025-04-26 00:00:00,SpringHDP,00:00,0.171
2761,2025-04-26 01:00:00,SpringHDP,01:00,0.144
2762,2025-04-26 02:00:00,SpringHDP,02:00,0.138
2763,2025-04-26 03:00:00,SpringHDP,03:00,0.152
2764,2025-04-26 04:00:00,SpringHDP,04:00,0.183
2765,2025-04-26 05:00:00,SpringHDP,05:00,0.271
2766,2025-04-26 06:00:00,SpringHDP,06:00,0.466
2767,2025-04-26 07:00:00,SpringHDP,07:00,0.533
2768,2025-04-26 08:00:00,SpringHDP,08:00,0.28
2769,2025-04-26 09:00:00,SpringHDP,09:00,0.116
2770,2025-04-26 10:00:00,SpringHDP,10:00,0.04
2771,2025-04-26 11:00:00,SpringHDP,11:00,0.02
2772,2025-04-26 12:00:00,SpringHDP,12:00,0.011
2773,2025-04-26 13:00:00,SpringHDP,13:00,0.019
2774,2025-04-26 14:00:00,SpringHDP,14:00,0.026
2775,2025-04-26 15:00:00,SpringHDP,15:00,0.063
2776,2025-04-26 16:00:00,SpringHDP,16:00,0.096
2777,2025-04-26 17:00:00,SpringHDP,17:00,0.236
2778,2025-04-26 18:00:00,SpringHDP,18:00,0.493
2779,2025-04-26 19:00:00,SpringHDP,19:00,0.662
2780,2025-04-26 20:00:00,SpringHDP,20:00,0.536
2781,2025-04-26 21:00:00,SpringHDP,21:00,0.412
2782,2025-04-26 22:00:00,SpringHDP,22:00,0.29
2783,2025-04-26 23:00:00,SpringHDP,23:00,0.221
2784,2025-04-27 00:00:00,SpringHDP,00:00,0.171
2785,2025-04-27 01:00:00,SpringHDP,01:00,0.144
2786,2025-04-27 02:00:00,SpringHDP,02:00,0.138
2787,2025-04-27 03:00:00,SpringHDP,03:00,0.152
2788,2025-04-27 04:00:00,SpringHDP,04:00,0.183
2789,2025-04-27 05:00:00,SpringHDP,05:00,0.271
2790,2025-04-27 06:00:00,SpringHDP,06:00,0.466
2791,2025-04-27 07:00:00,SpringHDP,07:00,0.533
2792,2025-04-27 08:00:00,SpringHDP,08:00,0.28
2793,2025-04-27 09:00:00,SpringHDP,09:00,0.116
2794,2025-04-27 10:00:00,SpringHDP,10:00,0.04
2795,2025-04-27 11:00:00,SpringHDP,11:00,0.02
2796,2025-04-27 12:00:00,SpringHDP,12:00,0.011
2797,2025-04-27 13:00:00,SpringHDP,13:00,0.019
2798,2025-04-27 14:00:00,SpringHDP,14:00,0.026
2799,2025-04-27 15:00:00,SpringHDP,15:00,0.063
2800,2025-04-27 16:00:00,SpringHDP,16:00,0.096
2801,2025-04-27 17:00:00,SpringHDP,17:00,0.236
2802,2025-04-27 18:00:00,SpringHDP,18:00,0.493
2803,2025-04-27 19:00:00,SpringHDP,19:00,0.662
2804,2025-04-27 20:00:00,SpringHDP,20:00,0.536
2805,2025-04-27 21:00:00,SpringHDP,21:00,0.412
2806,2025-04-27 22:00:00,SpringHDP,22:00,0.29
2807,2025-04-27 23:00:00,SpringHDP,23:00,0.221
2808,2025-04-28 00:00:00,SpringHDP,00:00,0.171
2809,2025-04-28 01:00:00,SpringHDP,01:00,0.144
2810,2025-04-28 02:00:00,SpringHDP,02:00,0.138
2811,2025-04-28 03:00:00,SpringHDP,03:00,0.152
2812,2025-04-28 04:00:00,SpringHDP,04:00,0.183
2813,2025-04-28 05:00:00,SpringHDP,05:00,0.271
2814,2025-04-28 06:00:00,SpringHDP,06:00,0.466
2815,2025-04-28 07:00:00,SpringHDP,07:00,0.533
2816,2025-04-28 08:00:00,SpringHDP,08:00,0.28
2817,2025-04-28 09:00:00,SpringHDP,09:00,0.116
2818,2025-04-28 10:00:00,SpringHDP,10:00,0.04
2819,2025-04-28 11:00:00,SpringHDP,11:00,0.02
2820,2025-04-28 12:00:00,SpringHDP,12:00,0.011
2821,2025-04-28 13:00:00,SpringHDP,13:00,0.019
2822,2025-04-28 14:00:00,SpringHDP,14:00,0.026
2823,2025-04-28 15:00:00,SpringHDP,15:00,0.063
2824,2025-04-28 16:00:00,SpringHDP,16:00,0.096
2825,2025-04-28 17:00:00,SpringHDP,17:00,0.236
2826,2025-04-28 18:00:00,SpringHDP,18:00,0.493
2827,2025-04-28 19:00:00,SpringHDP,19:00,0.662
2828,2025-04-28 20:00:00,SpringHDP,20:00,0.536
2829,2025-04-28 21:00:00,SpringHDP,21:00,0.412
2830,2025-04-28 22:00:00,SpringHDP,22:00,0.29
2831,2025-04-28 23:00:00,SpringHDP,23:00,0.221
2832,2025-04-29 00:00:00,SpringHDP,00:00,0.171
2833,2025-04-29 01:00:00,SpringHDP,01:00,0.144
2834,2025-04-29 02:00:00,SpringHDP,02:00,0.138
2835,2025-04-29 03:00:00,SpringHDP,03:00,0.152
2836,2025-04-29 04:00:00,SpringHDP,04:00,0.183
2837,2025-04-29 05:00:00,SpringHDP,05:00,0.271
2838,2025-04-29 06:00:00,SpringHDP,06:00,0.466
2839,2025-04-29 07:00:00,SpringHDP,07:00,0.533
2840,2025-04-29 08:00:00,SpringHDP,08:00,0.28
2841,2025-04-29 09:00:00,SpringHDP,09:00,0.116
2842,2025-04-29 10:00:00,SpringHDP,10:00,0.04
2843,2025-04-29 11:00:00,SpringHDP,11:00,0.02
2844,2025-04-29 12:00:00,SpringHDP,12:00,0.011
2845,2025-04-29 13:00:00,SpringHDP,13:00,0.019
2846,2025-04-29 14:00:00,SpringHDP,14:00,0.026
2847,2025-04-29 15:00:00,SpringHDP,15:00,0.063
2848,2025-04-29 16:00:00,SpringHDP,16:00,0.096
2849,2025-04-29 17:00:00,SpringHDP,17:00,0.236
2850,2025-04-29 18:00:00,SpringHDP,18:00,0.493
2851,2025-04-29 19:00:00,SpringHDP,19:00,0.662
2852,2025-04-29 20:00:00,SpringHDP,20:00,0.536
2853,2025-04-29 21:00:00,SpringHDP,21:00,0.412
2854,2025-04-29 22:00:00,SpringHDP,22:00,0.29
2855,2025-04-29 23:00:00,SpringHDP,23:00,0.221
2856,2025-04-30 00:00:00,SpringHDP,00:00,0.171
2857,2025-04-30 01:00:00,SpringHDP,01:00,0.144
2858,2025-04-30 02:00:00,SpringHDP,02:00,0.138
2859,2025-04-30 03:00:00,SpringHDP,03:00,0.152
2860,2025-04-30 04:00:00,SpringHDP,04:00,0.183
2861,2025-04-30 05:00:00,SpringHDP,05:00,0.271
2862,2025-04-30 06:00:00,SpringHDP,06:00,0.466
2863,2025-04-30 07:00:00,SpringHDP,07:00,0.533
2864,2025-04-30 08:00:00,SpringHDP,08:00,0.28
2865,2025-04-30 09:00:00,SpringHDP,09:00,0.116
2866,2025-04-30 10:00:00,SpringHDP,10:00,0.04
2867,2025-04-30 11:00:00,SpringHDP,11:00,0.02
2868,2025-04-30 12:00:00,SpringHDP,12:00,0.011
2869,2025-04-30 13:00:00,SpringHDP,13:00,0.019
2870,2025-04-30 14:00:00,SpringHDP,14:00,0.026
2871,2025-04-30 15:00:00,SpringHDP,15:00,0.063
2872,2025-04-30 16:00:00,SpringHDP,16:00,0.096
2873,2025-04-30 17:00:00,SpringHDP,17:00,0.236
2874,2025-04-30 18:00:00,SpringHDP,18:00,0.493
2875,2025-04-30 19:00:00,SpringHDP,19:00,0.662
2876,2025-04-30 20:00:00,SpringHDP,20:00,0.536
2877,2025-04-30 21:00:00,SpringHDP,21:00,0.412
2878,2025-04-30 22:00:00,SpringHDP,22:00,0.29
2879,2025-04-30 23:00:00,SpringHDP,23:00,0.221
2880,2025-05-01 00:00:00,SpringHDP,00:00,0.171
2881,2025-05-01 01:00:00,SpringHDP,01:00,0.144
2882,2025-05-01 02:00:00,SpringHDP,02:00,0.138
2883,2025-05-01 03:00:00,SpringHDP,03:00,0.152
2884,2025-05-01 04:00:00,SpringHDP,04:00,0.183
2885,2025-05-01 05:00:00,SpringHDP,05:00,0.271
2886,2025-05-01 06:00:00,SpringHDP,06:00,0.466
2887,2025-05-01 07:00:00,SpringHDP,07:00,0.533
2888,2025-05-01 08:00:00,SpringHDP,08:00,0.28
2889,2025-05-01 09:00:00,SpringHDP,09:00,0.116
2890,2025-05-01 10:00:00,SpringHDP,10:00,0.04
2891,2025-05-01 11:00:00,SpringHDP,11:00,0.02
2892,2025-05-01 12:00:00,SpringHDP,12:00,0.011
2893,2025-05-01 13:00:00,SpringHDP,13:00,0.019
2894,2025-05-01 14:00:00,SpringHDP,14:00,0.026
2895,2025-05-01 15:00:00,SpringHDP,15:00,0.063
2896,2025-05-01 16:00:00,SpringHDP,16:00,0.096
2897,2025-05-01 17:00:00,SpringHDP,17:00,0.236
2898,2025-05-01 18:00:00,SpringHDP,18:00,0.493
2899,2025-05-01 19:00:00,SpringHDP,19:00,0.662
2900,2025-05-01 20:00:00,SpringHDP,20:00,0.536
2901,2025-05-01 21:00:00,SpringHDP,21:00,0.412
2902,2025-05-01 22:00:00,SpringHDP,22:00,0.29
2903,2025-05-01 23:00:00,SpringHDP,23:00,0.221
2904,2025-05-02 00:00:00,SpringHDP,00:00,0.171
2905,2025-05-02 01:00:00,SpringHDP,01:00,0.144
2906,2025-05-02 02:00:00,SpringHDP,02:00,0.138
2907,2025-05-02 03:00:00,SpringHDP,03:00,0.152
2908,2025-05-02 04:00:00,SpringHDP,04:00,0.183
2909,2025-05-02 05:00:00,SpringHDP,05:00,0.271
2910,2025-05-02 06:00:00,SpringHDP,06:00,0.466
2911,2025-05-02 07:00:00,SpringHDP,07:00,0.533
2912,2025-05-02 08:00:00,SpringHDP,08:00,0.28
2913,2025-05-02 09:00:00,SpringHDP,09:00,0.116
2914,2025-05-02 10:00:00,SpringHDP,10:00,0.04
2915,2025-05-02 11:00:00,SpringHDP,11:00,0.02
2916,2025-05-02 12:00:00,SpringHDP,12:00,0.011
2917,2025-05-02 13:00:00,SpringHDP,13:00,0.019
2918,2025-05-02 14:00:00,SpringHDP,14:00,0.026
2919,2025-05-02 15:00:00,SpringHDP,15:00,0.063
2920,2025-05-02 16:00:00,SpringHDP,16:00,0.096
2921,2025-05-02 17:00:00,SpringHDP,17:00,0.236
2922,2025-05-02 18:00:00,SpringHDP,18:00,0.493
2923,2025-05-02 19:00:00,SpringHDP,19:00,0.662
2924,2025-05-02 20:00:00,SpringHDP,20:00,0.536
2925,2025-05-02 21:00:00,SpringHDP,21:00,0.412
2926,2025-05-02 22:00:00,SpringHDP,22:00,0.29
2927,2025-05-02 23:00:00,SpringHDP,23:00,0.221
2928,2025-05-03 00:00:00,SpringHDP,00:00,0.171
2929,2025-05-03 01:00:00,SpringHDP,01:00,0.144
2930,2025-05-03 02:00:00,SpringHDP,02:00,0.138
2931,2025-05-03 03:00:00,SpringHDP,03:00,0.152
2932,2025-05-03 04:00:00,SpringHDP,04:00,0.183
2933,2025-05-03 05:00:00,SpringHDP,05:00,0.271
2934,2025-05-03 06:00:00,SpringHDP,06:00,0.466
2935,2025-05-03 07:00:00,SpringHDP,07:00,0.533
2936,2025-05-03 08:00:00,SpringHDP,08:00,0.28
2937,2025-05-03 09:00:00,SpringHDP,09:00,0.116
2938,2025-05-03 10:00:00,SpringHDP,10:00,0.04
2939,2025-05-03 11:00:00,SpringHDP,11:00,0.02
2940,2025-05-03 12:00:00,SpringHDP,12:00,0.011
2941,2025-05-03 13:00:00,SpringHDP,13:00,0.019
2942,2025-05-03 14:00:00,SpringHDP,14:00,0.026
2943,2025-05-03 15:00:00,SpringHDP,15:00,0.063
2944,2025-05-03 16:00:00,SpringHDP,16:00,0.096
2945,2025-05-03 17:00:00,SpringHDP,17:00,0.236
2946,2025-05-03 18:00:00,SpringHDP,18:00,0.493
2947,2025-05-03 19:00:00,SpringHDP,19:00,0.662
2948,2025-05-03 20:00:00,SpringHDP,20:00,0.536
2949,2025-05-03 21:00:00,SpringHDP,21:00,0.412
2950,2025-05-03 22:00:00,SpringHDP,22:00,0.29
2951,2025-05-03 23:00:00,SpringHDP,23:00,0.221
2952,2025-05-04 00:00:00,SpringHDP,00:00,0.171
2953,2025-05-04 01:00:00,SpringHDP,01:00,0.144
2954,2025-05-04 02:00:00,SpringHDP,02:00,0.138
2955,2025-05-04 03:00:00,SpringHDP,03:00,0.152
2956,2025-05-04 04:00:00,SpringHDP,04:00,0.183
2957,2025-05-04 05:00:00,SpringHDP,05:00,0.271
2958,2025-05-04 06:00:00,SpringHDP,06:00,0.466
2959,2025-05-04 07:00:00,SpringHDP,07:00,0.533
2960,2025-05-04 08:00:00,SpringHDP,08:00,0.28
2961,2025-05-04 09:00:00,SpringHDP,09:00,0.116
2962,2025-05-04 10:00:00,SpringHDP,10:00,0.04
2963,2025-05-04 11:00:00,SpringHDP,11:00,0.02
2964,2025-05-04 12:00:00,SpringHDP,12:00,0.011
2965,2025-05-04 13:00:00,SpringHDP,13:00,0.019
2966,2025-05-04 14:00:00,SpringHDP,14:00,0.026
2967,2025-05-04 15:00:00,SpringHDP,15:00,0.063
2968,2025-05-04 16:00:00,SpringHDP,16:00,0.096
2969,2025-05-04 17:00:00,SpringHDP,17:00,0.236
2970,2025-05-04 18:00:00,SpringHDP,18:00,0.493
2971,2025-05-04 19:00:00,SpringHDP,19:00,0.662
2972,2025-05-04 20:00:00,SpringHDP,20:00,0.536
2973,2025-05-04 21:00:00,SpringHDP,21:00,0.412
2974,2025-05-04 22:00:00,SpringHDP,22:00,0.29
2975,2025-05-04 23:00:00,SpringHDP,23:00,0.221
2976,2025-05-05 00:00:00,SpringHDP,00:00,0.171
2977,2025-05-05 01:00:00,SpringHDP,01:00,0.144
2978,2025-05-05 02:00:00,SpringHDP,02:00,0.138
2979,2025-05-05 03:00:00,SpringHDP,03:00,0.152
2980,2025-05-05 04:00:00,SpringHDP,04:00,0.183
2981,2025-05-05 05:00:00,SpringHDP,05:00,0.271
2982,2025-05-05 06:00:00,SpringHDP,06:00,0.466
2983,2025-05-05 07:00:00,SpringHDP,07:00,0.533
2984,2025-05-05 08:00:00,SpringHDP,08:00,0.28
2985,2025-05-05 09:00:00,SpringHDP,09:00,0.116
2986,2025-05-05 10:00:00,SpringHDP,10:00,0.04
2987,2025-05-05 11:00:00,SpringHDP,11:00,0.02
2988,2025-05-05 12:00:00,SpringHDP,12:00,0.011
2989,2025-05-05 13:00:00,SpringHDP,13:00,0.019
2990,2025-05-05 14:00:00,SpringHDP,14:00,0.026
2991,2025-05-05 15:00:00,SpringHDP,15:00,0.063
2992,2025-05-05 16:00:00,SpringHDP,16:00,0.096
2993,2025-05-05 17:00:00,SpringHDP,17:00,0.236
2994,2025-05-05 18:00:00,SpringHDP,18:00,0.493
2995,2025-05-05 19:00:00,SpringHDP,19:00,0.662
2996,2025-05-05 20:00:00,SpringHDP,20:00,0.536
2997,2025-05-05 21:00:00,SpringHDP,21:00,0.412
2998,2025-05-05 22:00:00,SpringHDP,22:00,0.29
2999,2025-05-05 23:00:00,SpringHDP,23:00,0.221
3000,2025-05-06 00:00:00,SpringHDP,00:00,0.171
3001,2025-05-06 01:00:00,SpringHDP,01:00,0.144
3002,2025-05-06 02:00:00,SpringHDP,02:00,0.138
3003,2025-05-06 03:00:00,SpringHDP,03:00,0.152
3004,2025-05-06 04:00:00,SpringHDP,04:00,0.183
3005,2025-05-06 05:00:00,SpringHDP,05:00,0.271
3006,2025-05-06 06:00:00,SpringHDP,06:00,0.466
3007,2025-05-06 07:00:00,SpringHDP,07:00,0.533
3008,2025-05-06 08:00:00,SpringHDP,08:00,0.28
3009,2025-05-06 09:00:00,SpringHDP,09:00,0.116
3010,2025-05-06 10:00:00,SpringHDP,10:00,0.04
3011,2025-05-06 11:00:00,SpringHDP,11:00,0.02
3012,2025-05-06 12:00:00,SpringHDP,12:00,0.011
3013,2025-05-06 13:00:00,SpringHDP,13:00,0.019
3014,2025-05-06 14:00:00,SpringHDP,14:00,0.026
3015,2025-05-06 15:00:00,SpringHDP,15:00,0.063
3016,2025-05-06 16:00:00,SpringHDP,16:00,0.096
3017,2025-05-06 17:00:00,SpringHDP,17:00,0.236
3018,2025-05-06 18:00:00,SpringHDP,18:00,0.493
3019,2025-05-06 19:00:00,SpringHDP,19:00,0.662
3020,2025-05-06 20:00:00,SpringHDP,20:00,0.536
3021,2025-05-06 21:00:00,SpringHDP,21:00,0.412
3022,2025-05-06 22:00:00,SpringHDP,22:00,0.29
3023,2025-05-06 23:00:00,SpringHDP,23:00,0.221
3024,2025-05-07 00:00:00,SpringHDP,00:00,0.171
3025,2025-05-07 01:00:00,SpringHDP,01:00,0.144
3026,2025-05-07 02:00:00,SpringHDP,02:00,0.138
3027,2025-05-07 03:00:00,SpringHDP,03:00,0.152
3028,2025-05-07 04:00:00,SpringHDP,04:00,0.183
3029,2025-05-07 05:00:00,SpringHDP,05:00,0.271
3030,2025-05-07 06:00:00,SpringHDP,06:00,0.466
3031,2025-05-07 07:00:00,SpringHDP,07:00,0.533
3032,2025-05-07 08:00:00,SpringHDP,08:00,0.28
3033,2025-05-07 09:00:00,SpringHDP,09:00,0.116
3034,2025-05-07 10:00:00,SpringHDP,10:00,0.04
3035,2025-05-07 11:00:00,SpringHDP,11:00,0.02
3036,2025-05-07 12:00:00,SpringHDP,12:00,0.011
3037,2025-05-07 13:00:00,SpringHDP,13:00,0.019
3038,2025-05-07 14:00:00,SpringHDP,14:00,0.026
3039,2025-05-07 15:00:00,SpringHDP,15:00,0.063
3040,2025-05-07 16:00:00,SpringHDP,16:00,0.096
3041,2025-05-07 17:00:00,SpringHDP,17:00,0.236
3042,2025-05-07 18:00:00,SpringHDP,18:00,0.493
3043,2025-05-07 19:00:00,SpringHDP,19:00,0.662
3044,2025-05-07 20:00:00,SpringHDP,20:00,0.536
3045,2025-05-07 21:00:00,SpringHDP,21:00,0.412
3046,2025-05-07 22:00:00,SpringHDP,22:00,0.29
3047,2025-05-07 23:00:00,SpringHDP,23:00,0.221
3048,2025-05-08 00:00:00,SpringHDP,00:00,0.171
3049,2025-05-08 01:00:00,SpringHDP,01:00,0.144
3050,2025-05-08 02:00:00,SpringHDP,02:00,0.138
3051,2025-05-08 03:00:00,SpringHDP,03:00,0.152
3052,2025-05-08 04:00:00,SpringHDP,04:00,0.183
3053,2025-05-08 05:00:00,SpringHDP,05:00,0.271
3054,2025-05-08 06:00:00,SpringHDP,06:00,0.466
3055,2025-05-08 07:00:00,SpringHDP,07:00,0.533
3056,2025-05-08 08:00:00,SpringHDP,08:00,0.28
3057,2025-05-08 09:00:00,SpringHDP,09:00,0.116
3058,2025-05-08 10:00:00,SpringHDP,10:00,0.04
3059,2025-05-08 11:00:00,SpringHDP,11:00,0.02
3060,2025-05-08 12:00:00,SpringHDP,12:00,0.011
3061,2025-05-08 13:00:00,SpringHDP,13:00,0.019
3062,2025-05-08 14:00:00,SpringHDP,14:00,0.026
3063,2025-05-08 15:00:00,SpringHDP,15:00,0.063
3064,2025-05-08 16:00:00,SpringHDP,16:00,0.096
3065,2025-05-08 17:00:00,SpringHDP,17:00,0.236
3066,2025-05-08 18:00:00,SpringHDP,18:00,0.493
3067,2025-05-08 19:00:00,SpringHDP,19:00,0.662
3068,2025-05-08 20:00:00,SpringHDP,20:00,0.536
3069,2025-05-08 21:00:00,SpringHDP,21:00,0.412
3070,2025-05-08 22:00:00,SpringHDP,22:00,0.29
3071,2025-05-08 23:00:00,SpringHDP,23:00,0.221
3072,2025-05-09 00:00:00,SpringHDP,00:00,0.171
3073,2025-05-09 01:00:00,SpringHDP,01:00,0.144
3074,2025-05-09 02:00:00,SpringHDP,02:00,0.138
3075,2025-05-09 03:00:00,SpringHDP,03:00,0.152
3076,2025-05-09 04:00:00,SpringHDP,04:00,0.183
3077,2025-05-09 05:00:00,SpringHDP,05:00,0.271
3078,2025-05-09 06:00:00,SpringHDP,06:00,0.466
3079,2025-05-09 07:00:00,SpringHDP,07:00,0.533
3080,2025-05-09 08:00:00,SpringHDP,08:00,0.28
3081,2025-05-09 09:00:00,SpringHDP,09:00,0.116
3082,2025-05-09 10:00:00,SpringHDP,10:00,0.04
3083,2025-05-09 11:00:00,SpringHDP,11:00,0.02
3084,2025-05-09 12:00:00,SpringHDP,12:00,0.011
3085,2025-05-09 13:00:00,SpringHDP,13:00,0.019
3086,2025-05-09 14:00:00,SpringHDP,14:00,0.026
3087,2025-05-09 15:00:00,SpringHDP,15:00,0.063
3088,2025-05-09 16:00:00,SpringHDP,16:00,0.096
3089,2025-05-09 17:00:00,SpringHDP,17:00,0.236
3090,2025-05-09 18:00:00,SpringHDP,18:00,0.493
3091,2025-05-09 19:00:00,SpringHDP,19:00,0.662
3092,2025-05-09 20:00:00,SpringHDP,20:00,0.536
3093,2025-05-09 21:00:00,SpringHDP,21:00,0.412
3094,2025-05-09 22:00:00,SpringHDP,22:00,0.29
3095,2025-05-09 23:00:00,SpringHDP,23:00,0.221
3096,2025-05-10 00:00:00,SpringHDP,00:00,0.171
3097,2025-05-10 01:00:00,SpringHDP,01:00,0.144
3098,2025-05-10 02:00:00,SpringHDP,02:00,0.138
3099,2025-05-10 03:00:00,SpringHDP,03:00,0.152
3100,2025-05-10 04:00:00,SpringHDP,04:00,0.183
3101,2025-05-10 05:00:00,SpringHDP,05:00,0.271
3102,2025-05-10 06:00:00,SpringHDP,06:00,0.466
3103,2025-05-10 07:00:00,SpringHDP,07:00,0.533
3104,2025-05-10 08:00:00,SpringHDP,08:00,0.28
3105,2025-05-10 09:00:00,SpringHDP,09:00,0.116
3106,2025-05-10 10:00:00,SpringHDP,10:00,0.04
3107,2025-05-10 11:00:00,SpringHDP,11:00,0.02
3108,2025-05-10 12:00:00,SpringHDP,12:00,0.011
3109,2025-05-10 13:00:00,SpringHDP,13:00,0.019
3110,2025-05-10 14:00:00,SpringHDP,14:00,0.026
3111,2025-05-10 15:00:00,SpringHDP,15:00,0.063
3112,2025-05-10 16:00:00,SpringHDP,16:00,0.096
3113,2025-05-10 17:00:00,SpringHDP,17:00,0.236
3114,2025-05-10 18:00:00,SpringHDP,18:00,0.493
3115,2025-05-10 19:00:00,SpringHDP,19:00,0.662
3116,2025-05-10 20:00:00,SpringHDP,20:00,0.536
3117,2025-05-10 21:00:00,SpringHDP,21:00,0.412
3118,2025-05-10 22:00:00,SpringHDP,22:00,0.29
3119,2025-05-10 23:00:00,SpringHDP,23:00,0.221
3120,2025-05-11 00:00:00,SpringHDP,00:00,0.171
3121,2025-05-11 01:00:00,SpringHDP,01:00,0.144
3122,2025-05-11 02:00:00,SpringHDP,02:00,0.138
3123,2025-05-11 03:00:00,SpringHDP,03:00,0.152
3124,2025-05-11 04:00:00,SpringHDP,04:00,0.183
3125,2025-05-11 05:00:00,SpringHDP,05:00,0.271
3126,2025-05-11 06:00:00,SpringHDP,06:00,0.466
3127,2025-05-11 07:00:00,SpringHDP,07:00,0.533
3128,2025-05-11 08:00:00,SpringHDP,08:00,0.28
3129,2025-05-11 09:00:00,SpringHDP,09:00,0.116
3130,2025-05-11 10:00:00,SpringHDP,10:00,0.04
3131,2025-05-11 11:00:00,SpringHDP,11:00,0.02
3132,2025-05-11 12:00:00,SpringHDP,12:00,0.011
3133,2025-05-11 13:00:00,SpringHDP,13:00,0.019
3134,2025-05-11 14:00:00,SpringHDP,14:00,0.026
3135,2025-05-11 15:00:00,SpringHDP,15:00,0.063
3136,2025-05-11 16:00:00,SpringHDP,16:00,0.096
3137,2025-05-11 17:00:00,SpringHDP,17:00,0.236
3138,2025-05-11 18:00:00,SpringHDP,18:00,0.493
3139,2025-05-11 19:00:00,SpringHDP,19:00,0.662
3140,2025-05-11 20:00:00,SpringHDP,20:00,0.536
3141,2025-05-11 21:00:00,SpringHDP,21:00,0.412
3142,2025-05-11 22:00:00,SpringHDP,22:00,0.29
3143,2025-05-11 23:00:00,SpringHDP,23:00,0.221
3144,2025-05-12 00:00:00,SpringHDP,00:00,0.171
3145,2025-05-12 01:00:00,SpringHDP,01:00,0.144
3146,2025-05-12 02:00:00,SpringHDP,02:00,0.138
3147,2025-05-12 03:00:00,SpringHDP,03:00,0.152
3148,2025-05-12 04:00:00,SpringHDP,04:00,0.183
3149,2025-05-12 05:00:00,SpringHDP,05:00,0.271
3150,2025-05-12 06:00:00,SpringHDP,06:00,0.466
3151,2025-05-12 07:00:00,SpringHDP,07:00,0.533
3152,2025-05-12 08:00:00,SpringHDP,08:00,0.28
3153,2025-05-12 09:00:00,SpringHDP,09:00,0.116
3154,2025-05-12 10:00:00,SpringHDP,10:00,0.04
3155,2025-05-12 11:00:00,SpringHDP,11:00,0.02
3156,2025-05-12 12:00:00,SpringHDP,12:00,0.011
3157,2025-05-12 13:00:00,SpringHDP,13:00,0.019
3158,2025-05-12 14:00:00,SpringHDP,14:00,0.026
3159,2025-05-12 15:00:00,SpringHDP,15:00,0.063
3160,2025-05-12 16:00:00,SpringHDP,16:00,0.096
3161,2025-05-12 17:00:00,SpringHDP,17:00,0.236
3162,2025-05-12 18:00:00,SpringHDP,18:00,0.493
3163,2025-05-12 19:00:00,SpringHDP,19:00,0.662
3164,2025-05-12 20:00:00,SpringHDP,20:00,0.536
3165,2025-05-12 21:00:00,SpringHDP,21:00,0.412
3166,2025-05-12 22:00:00,SpringHDP,22:00,0.29
3167,2025-05-12 23:00:00,SpringHDP,23:00,0.221
3168,2025-05-13 00:00:00,SpringHDP,00:00,0.171
3169,2025-05-13 01:00:00,SpringHDP,01:00,0.144
3170,2025-05-13 02:00:00,SpringHDP,02:00,0.138
3171,2025-05-13 03:00:00,SpringHDP,03:00,0.152
3172,2025-05-13 04:00:00,SpringHDP,04:00,0.183
3173,2025-05-13 05:00:00,SpringHDP,05:00,0.271
3174,2025-05-13 06:00:00,SpringHDP,06:00,0.466
3175,2025-05-13 07:00:00,SpringHDP,07:00,0.533
3176,2025-05-13 08:00:00,SpringHDP,08:00,0.28
3177,2025-05-13 09:00:00,SpringHDP,09:00,0.116
3178,2025-05-13 10:00:00,SpringHDP,10:00,0.04
3179,2025-05-13 11:00:00,SpringHDP,11:00,0.02
3180,2025-05-13 12:00:00,SpringHDP,12:00,0.011
3181,2025-05-13 13:00:00,SpringHDP,13:00,0.019
3182,2025-05-13 14:00:00,SpringHDP,14:00,0.026
3183,2025-05-13 15:00:00,SpringHDP,15:00,0.063
3184,2025-05-13 16:00:00,SpringHDP,16:00,0.096
3185,2025-05-13 17:00:00,SpringHDP,17:00,0.236
3186,2025-05-13 18:00:00,SpringHDP,18:00,0.493
3187,2025-05-13 19:00:00,SpringHDP,19:00,0.662
3188,2025-05-13 20:00:00,SpringHDP,20:00,0.536
3189,2025-05-13 21:00:00,SpringHDP,21:00,0.412
3190,2025-05-13 22:00:00,SpringHDP,22:00,0.29
3191,2025-05-13 23:00:00,SpringHDP,23:00,0.221
3192,2025-05-14 00:00:00,SpringHDP,00:00,0.171
3193,2025-05-14 01:00:00,SpringHDP,01:00,0.144
3194,2025-05-14 02:00:00,SpringHDP,02:00,0.138
3195,2025-05-14 03:00:00,SpringHDP,03:00,0.152
3196,2025-05-14 04:00:00,SpringHDP,04:00,0.183
3197,2025-05-14 05:00:00,SpringHDP,05:00,0.271
3198,2025-05-14 06:00:00,SpringHDP,06:00,0.466
3199,2025-05-14 07:00:00,SpringHDP,07:00,0.533
3200,2025-05-14 08:00:00,SpringHDP,08:00,0.28
3201,2025-05-14 09:00:00,SpringHDP,09:00,0.116
3202,2025-05-14 10:00:00,SpringHDP,10:00,0.04
3203,2025-05-14 11:00:00,SpringHDP,11:00,0.02
3204,2025-05-14 12:00:00,SpringHDP,12:00,0.011
3205,2025-05-14 13:00:00,SpringHDP,13:00,0.019
3206,2025-05-14 14:00:00,SpringHDP,14:00,0.026
3207,2025-05-14 15:00:00,SpringHDP,15:00,0.063
3208,2025-05-14 16:00:00,SpringHDP,16:00,0.096
3209,2025-05-14 17:00:00,SpringHDP,17:00,0.236
3210,2025-05-14 18:00:00,SpringHDP,18:00,0.493
3211,2025-05-14 19:00:00,SpringHDP,19:00,0.662
3212,2025-05-14 20:00:00,SpringHDP,20:00,0.536
3213,2025-05-14 21:00:00,SpringHDP,21:00,0.412
3214,2025-05-14 22:00:00,SpringHDP,22:00,0.29
3215,2025-05-14 23:00:00,SpringHDP,23:00,0.221
3216,2025-05-15 00:00:00,SpringHDP,00:00,0.171
3217,2025-05-15 01:00:00,SpringHDP,01:00,0.144
3218,2025-05-15 02:00:00,SpringHDP,02:00,0.138
3219,2025-05-15 03:00:00,SpringHDP,03:00,0.152
3220,2025-05-15 04:00:00,SpringHDP,04:00,0.183
3221,2025-05-15 05:00:00,SpringHDP,05:00,0.271
3222,2025-05-15 06:00:00,SpringHDP,06:00,0.466
3223,2025-05-15 07:00:00,SpringHDP,07:00,0.533
3224,2025-05-15 08:00:00,SpringHDP,08:00,0.28
3225,2025-05-15 09:00:00,SpringHDP,09:00,0.116
3226,2025-05-15 10:00:00,SpringHDP,10:00,0.04
3227,2025-05-15 11:00:00,SpringHDP,11:00,0.02
3228,2025-05-15 12:00:00,SpringHDP,12:00,0.011
3229,2025-05-15 13:00:00,SpringHDP,13:00,0.019
3230,2025-05-15 14:00:00,SpringHDP,14:00,0.026
3231,2025-05-15 15:00:00,SpringHDP,15:00,0.063
3232,2025-05-15 16:00:00,SpringHDP,16:00,0.096
3233,2025-05-15 17:00:00,SpringHDP,17:00,0.236
3234,2025-05-15 18:00:00,SpringHDP,18:00,0.493
3235,2025-05-15 19:00:00,SpringHDP,19:00,0.662
3236,2025-05-15 20:00:00,SpringHDP,20:00,0.536
3237,2025-05-15 21:00:00,SpringHDP,21:00,0.412
3238,2025-05-15 22:00:00,SpringHDP,22:00,0.29
3239,2025-05-15 23:00:00,SpringHDP,23:00,0.221
3240,2025-05-16 00:00:00,SpringHDP,00:00,0.171
3241,2025-05-16 01:00:00,SpringHDP,01:00,0.144
3242,2025-05-16 02:00:00,SpringHDP,02:00,0.138
3243,2025-05-16 03:00:00,SpringHDP,03:00,0.152
3244,2025-05-16 04:00:00,SpringHDP,04:00,0.183
3245,2025-05-16 05:00:00,SpringHDP,05:00,0.271
3246,2025-05-16 06:00:00,SpringHDP,06:00,0.466
3247,2025-05-16 07:00:00,SpringHDP,07:00,0.533
3248,2025-05-16 08:00:00,SpringHDP,08:00,0.28
3249,2025-05-16 09:00:00,SpringHDP,09:00,0.116
3250,2025-05-16 10:00:00,SpringHDP,10:00,0.04
3251,2025-05-16 11:00:00,SpringHDP,11:00,0.02
3252,2025-05-16 12:00:00,SpringHDP,12:00,0.011
3253,2025-05-16 13:00:00,SpringHDP,13:00,0.019
3254,2025-05-16 14:00:00,SpringHDP,14:00,0.026
3255,2025-05-16 15:00:00,SpringHDP,15:00,0.063
3256,2025-05-16 16:00:00,SpringHDP,16:00,0.096
3257,2025-05-16 17:00:00,SpringHDP,17:00,0.236
3258,2025-05-16 18:00:00,SpringHDP,18:00,0.493
3259,2025-05-16 19:00:00,SpringHDP,19:00,0.662
3260,2025-05-16 20:00:00,SpringHDP,20:00,0.536
3261,2025-05-16 21:00:00,SpringHDP,21:00,0.412
3262,2025-05-16 22:00:00,SpringHDP,22:00,0.29
3263,2025-05-16 23:00:00,SpringHDP,23:00,0.221
3264,2025-05-17 00:00:00,SpringHDP,00:00,0.171
3265,2025-05-17 01:00:00,SpringHDP,01:00,0.144
3266,2025-05-17 02:00:00,SpringHDP,02:00,0.138
3267,2025-05-17 03:00:00,SpringHDP,03:00,0.152
3268,2025-05-17 04:00:00,SpringHDP,04:00,0.183
3269,2025-05-17 05:00:00,SpringHDP,05:00,0.271
3270,2025-05-17 06:00:00,SpringHDP,06:00,0.466
3271,2025-05-17 07:00:00,SpringHDP,07:00,0.533
3272,2025-05-17 08:00:00,SpringHDP,08:00,0.28
3273,2025-05-17 09:00:00,SpringHDP,09:00,0.116
3274,2025-05-17 10:00:00,SpringHDP,10:00,0.04
3275,2025-05-17 11:00:00,SpringHDP,11:00,0.02
3276,2025-05-17 12:00:00,SpringHDP,12:00,0.011
3277,2025-05-17 13:00:00,SpringHDP,13:00,0.019
3278,2025-05-17 14:00:00,SpringHDP,14:00,0.026
3279,2025-05-17 15:00:00,SpringHDP,15:00,0.063
3280,2025-05-17 16:00:00,SpringHDP,16:00,0.096
3281,2025-05-17 17:00:00,SpringHDP,17:00,0.236
3282,2025-05-17 18:00:00,SpringHDP,18:00,0.493
3283,2025-05-17 19:00:00,SpringHDP,19:00,0.662
3284,2025-05-17 20:00:00,SpringHDP,20:00,0.536
3285,2025-05-17 21:00:00,SpringHDP,21:00,0.412
3286,2025-05-17 22:00:00,SpringHDP,22:00,0.29
3287,2025-05-17 23:00:00,SpringHDP,23:00,0.221
3288,2025-05-18 00:00:00,SpringHDP,00:00,0.171
3289,2025-05-18 01:00:00,SpringHDP,01:00,0.144
3290,2025-05-18 02:00:00,SpringHDP,02:00,0.138
3291,2025-05-18 03:00:00,SpringHDP,03:00,0.152
3292,2025-05-18 04:00:00,SpringHDP,04:00,0.183
3293,2025-05-18 05:00:00,SpringHDP,05:00,0.271
3294,2025-05-18 06:00:00,SpringHDP,06:00,0.466
3295,2025-05-18 07:00:00,SpringHDP,07:00,0.533
3296,2025-05-18 08:00:00,SpringHDP,08:00,0.28
3297,2025-05-18 09:00:00,SpringHDP,09:00,0.116
3298,2025-05-18 10:00:00,SpringHDP,10:00,0.04
3299,2025-05-18 11:00:00,SpringHDP,11:00,0.02
3300,2025-05-18 12:00:00,SpringHDP,12:00,0.011
3301,2025-05-18 13:00:00,SpringHDP,13:00,0.019
3302,2025-05-18 14:00:00,SpringHDP,14:00,0.026
3303,2025-05-18 15:00:00,SpringHDP,15:00,0.063
3304,2025-05-18 16:00:00,SpringHDP,16:00,0.096
3305,2025-05-18 17:00:00,SpringHDP,17:00,0.236
3306,2025-05-18 18:00:00,SpringHDP,18:00,0.493
3307,2025-05-18 19:00:00,SpringHDP,19:00,0.662
3308,2025-05-18 20:00:00,SpringHDP,20:00,0.536
3309,2025-05-18 21:00:00,SpringHDP,21:00,0.412
3310,2025-05-18 22:00:00,SpringHDP,22:00,0.29
3311,2025-05-18 23:00:00,SpringHDP,23:00,0.221
3312,2025-05-19 00:00:00,SpringHDP,00:00,0.171
3313,2025-05-19 01:00:00,SpringHDP,01:00,0.144
3314,2025-05-19 02:00:00,SpringHDP,02:00,0.138
3315,2025-05-19 03:00:00,SpringHDP,03:00,0.152
3316,2025-05-19 04:00:00,SpringHDP,04:00,0.183
3317,2025-05-19 05:00:00,SpringHDP,05:00,0.271
3318,2025-05-19 06:00:00,SpringHDP,06:00,0.466
3319,2025-05-19 07:00:00,SpringHDP,07:00,0.533
3320,2025-05-19 08:00:00,SpringHDP,08:00,0.28
3321,2025-05-19 09:00:00,SpringHDP,09:00,0.116
3322,2025-05-19 10:00:00,SpringHDP,10:00,0.04
3323,2025-05-19 11:00:00,SpringHDP,11:00,0.02
3324,2025-05-19 12:00:00,SpringHDP,12:00,0.011
3325,2025-05-19 13:00:00,SpringHDP,13:00,0.019
3326,2025-05-19 14:00:00,SpringHDP,14:00,0.026
3327,2025-05-19 15:00:00,SpringHDP,15:00,0.063
3328,2025-05-19 16:00:00,SpringHDP,16:00,0.096
3329,2025-05-19 17:00:00,SpringHDP,17:00,0.236
3330,2025-05-19 18:00:00,SpringHDP,18:00,0.493
3331,2025-05-19 19:00:00,SpringHDP,19:00,0.662
3332,2025-05-19 20:00:00,SpringHDP,20:00,0.536
3333,2025-05-19 21:00:00,SpringHDP,21:00,0.412
3334,2025-05-19 22:00:00,SpringHDP,22:00,0.29
3335,2025-05-19 23:00:00,SpringHDP,23:00,0.221
3336,2025-05-20 00:00:00,SpringHDP,00:00,0.171
3337,2025-05-20 01:00:00,SpringHDP,01:00,0.144
3338,2025-05-20 02:00:00,SpringHDP,02:00,0.138
3339,2025-05-20 03:00:00,SpringHDP,03:00,0.152
3340,2025-05-20 04:00:00,SpringHDP,04:00,0.183
3341,2025-05-20 05:00:00,SpringHDP,05:00,0.271
3342,2025-05-20 06:00:00,SpringHDP,06:00,0.466
3343,2025-05-20 07:00:00,SpringHDP,07:00,0.533
3344,2025-05-20 08:00:00,SpringHDP,08:00,0.28
3345,2025-05-20 09:00:00,SpringHDP,09:00,0.116
3346,2025-05-20 10:00:00,SpringHDP,10:00,0.04
3347,2025-05-20 11:00:00,SpringHDP,11:00,0.02
3348,2025-05-20 12:00:00,SpringHDP,12:00,0.011
3349,2025-05-20 13:00:00,SpringHDP,13:00,0.019
3350,2025-05-20 14:00:00,SpringHDP,14:00,0.026
3351,2025-05-20 15:00:00,SpringHDP,15:00,0.063
3352,2025-05-20 16:00:00,SpringHDP,16:00,0.096
3353,2025-05-20 17:00:00,SpringHDP,17:00,0.236
3354,2025-05-20 18:00:00,SpringHDP,18:00,0.493
3355,2025-05-20 19:00:00,SpringHDP,19:00,0.662
3356,2025-05-20 20:00:00,SpringHDP,20:00,0.536
3357,2025-05-20 21:00:00,SpringHDP,21:00,0.412
3358,2025-05-20 22:00:00,SpringHDP,22:00,0.29
3359,2025-05-20 23:00:00,SpringHDP,23:00,0.221
3360,2025-05-21 00:00:00,SpringHDP,00:00,0.171
3361,2025-05-21 01:00:00,SpringHDP,01:00,0.144
3362,2025-05-21 02:00:00,SpringHDP,02:00,0.138
3363,2025-05-21 03:00:00,SpringHDP,03:00,0.152
3364,2025-05-21 04:00:00,SpringHDP,04:00,0.183
3365,2025-05-21 05:00:00,SpringHDP,05:00,0.271
3366,2025-05-21 06:00:00,SpringHDP,06:00,0.466
3367,2025-05-21 07:00:00,SpringHDP,07:00,0.533
3368,2025-05-21 08:00:00,SpringHDP,08:00,0.28
3369,2025-05-21 09:00:00,SpringHDP,09:00,0.116
3370,2025-05-21 10:00:00,SpringHDP,10:00,0.04
3371,2025-05-21 11:00:00,SpringHDP,11:00,0.02
3372,2025-05-21 12:00:00,SpringHDP,12:00,0.011
3373,2025-05-21 13:00:00,SpringHDP,13:00,0.019
3374,2025-05-21 14:00:00,SpringHDP,14:00,0.026
3375,2025-05-21 15:00:00,SpringHDP,15:00,0.063
3376,2025-05-21 16:00:00,SpringHDP,16:00,0.096
3377,2025-05-21 17:00:00,SpringHDP,17:00,0.236
3378,2025-05-21 18:00:00,SpringHDP,18:00,0.493
3379,2025-05-21 19:00:00,SpringHDP,19:00,0.662
3380,2025-05-21 20:00:00,SpringHDP,20:00,0.536
3381,2025-05-21 21:00:00,SpringHDP,21:00,0.412
3382,2025-05-21 22:00:00,SpringHDP,22:00,0.29
3383,2025-05-21 23:00:00,SpringHDP,23:00,0.221
3384,2025-05-22 00:00:00,SpringHDP,00:00,0.171
3385,2025-05-22 01:00:00,SpringHDP,01:00,0.144
3386,2025-05-22 02:00:00,SpringHDP,02:00,0.138
3387,2025-05-22 03:00:00,SpringHDP,03:00,0.152
3388,2025-05-22 04:00:00,SpringHDP,04:00,0.183
3389,2025-05-22 05:00:00,SpringHDP,05:00,0.271
3390,2025-05-22 06:00:00,SpringHDP,06:00,0.466
3391,2025-05-22 07:00:00,SpringHDP,07:00,0.533
3392,2025-05-22 08:00:00,SpringHDP,08:00,0.28
3393,2025-05-22 09:00:00,SpringHDP,09:00,0.116
3394,2025-05-22 10:00:00,SpringHDP,10:00,0.04
3395,2025-05-22 11:00:00,SpringHDP,11:00,0.02
3396,2025-05-22 12:00:00,SpringHDP,12:00,0.011
3397,2025-05-22 13:00:00,SpringHDP,13:00,0.019
3398,2025-05-22 14:00:00,SpringHDP,14:00,0.026
3399,2025-05-22 15:00:00,SpringHDP,15:00,0.063
3400,2025-05-22 16:00:00,SpringHDP,16:00,0.096
3401,2025-05-22 17:00:00,SpringHDP,17:00,0.236
3402,2025-05-22 18:00:00,SpringHDP,18:00,0.493
3403,2025-05-22 19:00:00,SpringHDP,19:00,0.662
3404,2025-05-22 20:00:00,SpringHDP,20:00,0.536
3405,2025-05-22 21:00:00,SpringHDP,21:00,0.412
3406,2025-05-22 22:00:00,SpringHDP,22:00,0.29
3407,2025-05-22 23:00:00,SpringHDP,23:00,0.221
3408,2025-05-23 00:00:00,SpringHDP,00:00,0.171
3409,2025-05-23 01:00:00,SpringHDP,01:00,0.144
3410,2025-05-23 02:00:00,SpringHDP,02:00,0.138
3411,2025-05-23 03:00:00,SpringHDP,03:00,0.152
3412,2025-05-23 04:00:00,SpringHDP,04:00,0.183
3413,2025-05-23 05:00:00,SpringHDP,05:00,0.271
3414,2025-05-23 06:00:00,SpringHDP,06:00,0.466
3415,2025-05-23 07:00:00,SpringHDP,07:00,0.533
3416,2025-05-23 08:00:00,SpringHDP,08:00,0.28
3417,2025-05-23 09:00:00,SpringHDP,09:00,0.116
3418,2025-05-23 10:00:00,SpringHDP,10:00,0.04
3419,2025-05-23 11:00:00,SpringHDP,11:00,0.02
3420,2025-05-23 12:00:00,SpringHDP,12:00,0.011
3421,2025-05-23 13:00:00,SpringHDP,13:00,0.019
3422,2025-05-23 14:00:00,SpringHDP,14:00,0.026
3423,2025-05-23 15:00:00,SpringHDP,15:00,0.063
3424,2025-05-23 16:00:00,SpringHDP,16:00,0.096
3425,2025-05-23 17:00:00,SpringHDP,17:00,0.236
3426,2025-05-23 18:00:00,SpringHDP,18:00,0.493
3427,2025-05-23 19:00:00,SpringHDP,19:00,0.662
3428,2025-05-23 20:00:00,SpringHDP,20:00,0.536
3429,2025-05-23 21:00:00,SpringHDP,21:00,0.412
3430,2025-05-23 22:00:00,SpringHDP,22:00,0.29
3431,2025-05-23 23:00:00,SpringHDP,23:00,0.221
3432,2025-05-24 00:00:00,SpringHDP,00:00,0.171
3433,2025-05-24 01:00:00,SpringHDP,01:00,0.144
3434,2025-05-24 02:00:00,SpringHDP,02:00,0.138
3435,2025-05-24 03:00:00,SpringHDP,03:00,0.152
3436,2025-05-24 04:00:00,SpringHDP,04:00,0.183
3437,2025-05-24 05:00:00,SpringHDP,05:00,0.271
3438,2025-05-24 06:00:00,SpringHDP,06:00,0.466
3439,2025-05-24 07:00:00,SpringHDP,07:00,0.533
3440,2025-05-24 08:00:00,SpringHDP,08:00,0.28
3441,2025-05-24 09:00:00,SpringHDP,09:00,0.116
3442,2025-05-24 10:00:00,SpringHDP,10:00,0.04
3443,2025-05-24 11:00:00,SpringHDP,11:00,0.02
3444,2025-05-24 12:00:00,SpringHDP,12:00,0.011
3445,2025-05-24 13:00:00,SpringHDP,13:00,0.019
3446,2025-05-24 14:00:00,SpringHDP,14:00,0.026
3447,2025-05-24 15:00:00,SpringHDP,15:00,0.063
3448,2025-05-24 16:00:00,SpringHDP,16:00,0.096
3449,2025-05-24 17:00:00,SpringHDP,17:00,0.236
3450,2025-05-24 18:00:00,SpringHDP,18:00,0.493
3451,2025-05-24 19:00:00,SpringHDP,19:00,0.662
3452,2025-05-24 20:00:00,SpringHDP,20:00,0.536
3453,2025-05-24 21:00:00,SpringHDP,21:00,0.412
3454,2025-05-24 22:00:00,SpringHDP,22:00,0.29
3455,2025-05-24 23:00:00,SpringHDP,23:00,0.221
3456,2025-05-25 00:00:00,SpringHDP,00:00,0.171
3457,2025-05-25 01:00:00,SpringHDP,01:00,0.144
3458,2025-05-25 02:00:00,SpringHDP,02:00,0.138
3459,2025-05-25 03:00:00,SpringHDP,03:00,0.152
3460,2025-05-25 04:00:00,SpringHDP,04:00,0.183
3461,2025-05-25 05:00:00,SpringHDP,05:00,0.271
3462,2025-05-25 06:00:00,SpringHDP,06:00,0.466
3463,2025-05-25 07:00:00,SpringHDP,07:00,0.533
3464,2025-05-25 08:00:00,SpringHDP,08:00,0.28
3465,2025-05-25 09:00:00,SpringHDP,09:00,0.116
3466,2025-05-25 10:00:00,SpringHDP,10:00,0.04
3467,2025-05-25 11:00:00,SpringHDP,11:00,0.02
3468,2025-05-25 12:00:00,SpringHDP,12:00,0.011
3469,2025-05-25 13:00:00,SpringHDP,13:00,0.019
3470,2025-05-25 14:00:00,SpringHDP,14:00,0.026
3471,2025-05-25 15:00:00,SpringHDP,15:00,0.063
3472,2025-05-25 16:00:00,SpringHDP,16:00,0.096
3473,2025-05-25 17:00:00,SpringHDP,17:00,0.236
3474,2025-05-25 18:00:00,SpringHDP,18:00,0.493
3475,2025-05-25 19:00:00,SpringHDP,19:00,0.662
3476,2025-05-25 20:00:00,SpringHDP,20:00,0.536
3477,2025-05-25 21:00:00,SpringHDP,21:00,0.412
3478,2025-05-25 22:00:00,SpringHDP,22:00,0.29
3479,2025-05-25 23:00:00,SpringHDP,23:00,0.221
3480,2025-05-26 00:00:00,SpringHDP,00:00,0.171
3481,2025-05-26 01:00:00,SpringHDP,01:00,0.144
3482,2025-05-26 02:00:00,SpringHDP,02:00,0.138
3483,2025-05-26 03:00:00,SpringHDP,03:00,0.152
3484,2025-05-26 04:00:00,SpringHDP,04:00,0.183
3485,2025-05-26 05:00:00,SpringHDP,05:00,0.271
3486,2025-05-26 06:00:00,SpringHDP,06:00,0.466
3487,2025-05-26 07:00:00,SpringHDP,07:00,0.533
3488,2025-05-26 08:00:00,SpringHDP,08:00,0.28
3489,2025-05-26 09:00:00,SpringHDP,09:00,0.116
3490,2025-05-26 10:00:00,SpringHDP,10:00,0.04
3491,2025-05-26 11:00:00,SpringHDP,11:00,0.02
3492,2025-05-26 12:00:00,SpringHDP,12:00,0.011
3493,2025-05-26 13:00:00,SpringHDP,13:00,0.019
3494,2025-05-26 14:00:00,SpringHDP,14:00,0.026
3495,2025-05-26 15:00:00,SpringHDP,15:00,0.063
3496,2025-05-26 16:00:00,SpringHDP,16:00,0.096
3497,2025-05-26 17:00:00,SpringHDP,17:00,0.236
3498,2025-05-26 18:00:00,SpringHDP,18:00,0.493
3499,2025-05-26 19:00:00,SpringHDP,19:00,0.662
3500,2025-05-26 20:00:00,SpringHDP,20:00,0.536
3501,2025-05-26 21:00:00,SpringHDP,21:00,0.412
3502,2025-05-26 22:00:00,SpringHDP,22:00,0.29
3503,2025-05-26 23:00:00,SpringHDP,23:00,0.221
3504,2025-05-27 00:00:00,SpringHDP,00:00,0.171
3505,2025-05-27 01:00:00,SpringHDP,01:00,0.144
3506,2025-05-27 02:00:00,SpringHDP,02:00,0.138
3507,2025-05-27 03:00:00,SpringHDP,03:00,0.152
3508,2025-05-27 04:00:00,SpringHDP,04:00,0.183
3509,2025-05-27 05:00:00,SpringHDP,05:00,0.271
3510,2025-05-27 06:00:00,SpringHDP,06:00,0.466
3511,2025-05-27 07:00:00,SpringHDP,07:00,0.533
3512,2025-05-27 08:00:00,SpringHDP,08:00,0.28
3513,2025-05-27 09:00:00,SpringHDP,09:00,0.116
3514,2025-05-27 10:00:00,SpringHDP,10:00,0.04
3515,2025-05-27 11:00:00,SpringHDP,11:00,0.02
3516,2025-05-27 12:00:00,SpringHDP,12:00,0.011
3517,2025-05-27 13:00:00,SpringHDP,13:00,0.019
3518,2025-05-27 14:00:00,SpringHDP,14:00,0.026
3519,2025-05-27 15:00:00,SpringHDP,15:00,0.063
3520,2025-05-27 16:00:00,SpringHDP,16:00,0.096
3521,2025-05-27 17:00:00,SpringHDP,17:00,0.236
3522,2025-05-27 18:00:00,SpringHDP,18:00,0.493
3523,2025-05-27 19:00:00,SpringHDP,19:00,0.662
3524,2025-05-27 20:00:00,SpringHDP,20:00,0.536
3525,2025-05-27 21:00:00,SpringHDP,21:00,0.412
3526,2025-05-27 22:00:00,SpringHDP,22:00,0.29
3527,2025-05-27 23:00:00,SpringHDP,23:00,0.221
3528,2025-05-28 00:00:00,SpringHDP,00:00,0.171
3529,2025-05-28 01:00:00,SpringHDP,01:00,0.144
3530,2025-05-28 02:00:00,SpringHDP,02:00,0.138
3531,2025-05-28 03:00:00,SpringHDP,03:00,0.152
3532,2025-05-28 04:00:00,SpringHDP,04:00,0.183
3533,2025-05-28 05:00:00,SpringHDP,05:00,0.271
3534,2025-05-28 06:00:00,SpringHDP,06:00,0.466
3535,2025-05-28 07:00:00,SpringHDP,07:00,0.533
3536,2025-05-28 08:00:00,SpringHDP,08:00,0.28
3537,2025-05-28 09:00:00,SpringHDP,09:00,0.116
3538,2025-05-28 10:00:00,SpringHDP,10:00,0.04
3539,2025-05-28 11:00:00,SpringHDP,11:00,0.02
3540,2025-05-28 12:00:00,SpringHDP,12:00,0.011
3541,2025-05-28 13:00:00,SpringHDP,13:00,0.019
3542,2025-05-28 14:00:00,SpringHDP,14:00,0.026
3543,2025-05-28 15:00:00,SpringHDP,15:00,0.063
3544,2025-05-28 16:00:00,SpringHDP,16:00,0.096
3545,2025-05-28 17:00:00,SpringHDP,17:00,0.236
3546,2025-05-28 18:00:00,SpringHDP,18:00,0.493
3547,2025-05-28 19:00:00,SpringHDP,19:00,0.662
3548,2025-05-28 20:00:00,SpringHDP,20:00,0.536
3549,2025-05-28 21:00:00,SpringHDP,21:00,0.412
3550,2025-05-28 22:00:00,SpringHDP,22:00,0.29
3551,2025-05-28 23:00:00,SpringHDP,23:00,0.221
3552,2025-05-29 00:00:00,SpringHDP,00:00,0.171
3553,2025-05-29 01:00:00,SpringHDP,01:00,0.144
3554,2025-05-29 02:00:00,SpringHDP,02:00,0.138
3555,2025-05-29 03:00:00,SpringHDP,03:00,0.152
3556,2025-05-29 04:00:00,SpringHDP,04:00,0.183
3557,2025-05-29 05:00:00,SpringHDP,05:00,0.271
3558,2025-05-29 06:00:00,SpringHDP,06:00,0.466
3559,2025-05-29 07:00:00,SpringHDP,07:00,0.533
3560,2025-05-29 08:00:00,SpringHDP,08:00,0.28
3561,2025-05-29 09:00:00,SpringHDP,09:00,0.116
3562,2025-05-29 10:00:00,SpringHDP,10:00,0.04
3563,2025-05-29 11:00:00,SpringHDP,11:00,0.02
3564,2025-05-29 12:00:00,SpringHDP,12:00,0.011
3565,2025-05-29 13:00:00,SpringHDP,13:00,0.019
3566,2025-05-29 14:00:00,SpringHDP,14:00,0.026
3567,2025-05-29 15:00:00,SpringHDP,15:00,0.063
3568,2025-05-29 16:00:00,SpringHDP,16:00,0.096
3569,2025-05-29 17:00:00,SpringHDP,17:00,0.236
3570,2025-05-29 18:00:00,SpringHDP,18:00,0.493
3571,2025-05-29 19:00:00,SpringHDP,19:00,0.662
3572,2025-05-29 20:00:00,SpringHDP,20:00,0.536
3573,2025-05-29 21:00:00,SpringHDP,21:00,0.412
3574,2025-05-29 22:00:00,SpringHDP,22:00,0.29
3575,2025-05-29 23:00:00,SpringHDP,23:00,0.221
3576,2025-05-30 00:00:00,SpringHDP,00:00,0.171
3577,2025-05-30 01:00:00,SpringHDP,01:00,0.144
3578,2025-05-30 02:00:00,SpringHDP,02:00,0.138
3579,2025-05-30 03:00:00,SpringHDP,03:00,0.152
3580,2025-05-30 04:00:00,SpringHDP,04:00,0.183
3581,2025-05-30 05:00:00,SpringHDP,05:00,0.271
3582,2025-05-30 06:00:00,SpringHDP,06:00,0.466
3583,2025-05-30 07:00:00,SpringHDP,07:00,0.533
3584,2025-05-30 08:00:00,SpringHDP,08:00,0.28
3585,2025-05-30 09:00:00,SpringHDP,09:00,0.116
3586,2025-05-30 10:00:00,SpringHDP,10:00,0.04
3587,2025-05-30 11:00:00,SpringHDP,11:00,0.02
3588,2025-05-30 12:00:00,SpringHDP,12:00,0.011
3589,2025-05-30 13:00:00,SpringHDP,13:00,0.019
3590,2025-05-30 14:00:00,SpringHDP,14:00,0.026
3591,2025-05-30 15:00:00,SpringHDP,15:00,0.063
3592,2025-05-30 16:00:00,SpringHDP,16:00,0.096
3593,2025-05-30 17:00:00,SpringHDP,17:00,0.236
3594,2025-05-30 18:00:00,SpringHDP,18:00,0.493
3595,2025-05-30 19:00:00,SpringHDP,19:00,0.662
3596,2025-05-30 20:00:00,SpringHDP,20:00,0.536
3597,2025-05-30 21:00:00,SpringHDP,21:00,0.412
3598,2025-05-30 22:00:00,SpringHDP,22:00,0.29
3599,2025-05-30 23:00:00,SpringHDP,23:00,0.221
3600,2025-05-31 00:00:00,SpringHDP,00:00,0.171
3601,2025-05-31 01:00:00,SpringHDP,01:00,0.144
3602,2025-05-31 02:00:00,SpringHDP,02:00,0.138
3603,2025-05-31 03:00:00,SpringHDP,03:00,0.152
3604,2025-05-31 04:00:00,SpringHDP,04:00,0.183
3605,2025-05-31 05:00:00,SpringHDP,05:00,0.271
3606,2025-05-31 06:00:00,SpringHDP,06:00,0.466
3607,2025-05-31 07:00:00,SpringHDP,07:00,0.533
3608,2025-05-31 08:00:00,SpringHDP,08:00,0.28
3609,2025-05-31 09:00:00,SpringHDP,09:00,0.116
3610,2025-05-31 10:00:00,SpringHDP,10:00,0.04
3611,2025-05-31 11:00:00,SpringHDP,11:00,0.02
3612,2025-05-31 12:00:00,SpringHDP,12:00,0.011
3613,2025-05-31 13:00:00,SpringHDP,13:00,0.019
3614,2025-05-31 14:00:00,SpringHDP,14:00,0.026
3615,2025-05-31 15:00:00,SpringHDP,15:00,0.063
3616,2025-05-31 16:00:00,SpringHDP,16:00,0.096
3617,2025-05-31 17:00:00,SpringHDP,17:00,0.236
3618,2025-05-31 18:00:00,SpringHDP,18:00,0.493
3619,2025-05-31 19:00:00,SpringHDP,19:00,0.662
3620,2025-05-31 20:00:00,SpringHDP,20:00,0.536
3621,2025-05-31 21:00:00,SpringHDP,21:00,0.412
3622,2025-05-31 22:00:00,SpringHDP,22:00,0.29
3623,2025-05-31 23:00:00,SpringHDP,23:00,0.221
3624,2025-06-01 00:00:00,SummerHDP,00:00,0.086
3625,2025-06-01 01:00:00,SummerHDP,01:00,0.059
3626,2025-06-01 02:00:00,SummerHDP,02:00,0.038
3627,2025-06-01 03:00:00,SummerHDP,03:00,0.025
3628,2025-06-01 04:00:00,SummerHDP,04:00,0.016
3629,2025-06-01 05:00:00,SummerHDP,05:00,0.022
3630,2025-06-01 06:00:00,SummerHDP,06:00,0.036
3631,2025-06-01 07:00:00,SummerHDP,07:00,0.021
3632,2025-06-01 08:00:00,SummerHDP,08:00,0.011
3633,2025-06-01 09:00:00,SummerHDP,09:00,0.019
3634,2025-06-01 10:00:00,SummerHDP,10:00,0.031
3635,2025-06-01 11:00:00,SummerHDP,11:00,0.061
3636,2025-06-01 12:00:00,SummerHDP,12:00,0.092
3637,2025-06-01 13:00:00,SummerHDP,13:00,0.124
3638,2025-06-01 14:00:00,SummerHDP,14:00,0.167
3639,2025-06-01 15:00:00,SummerHDP,15:00,0.215
3640,2025-06-01 16:00:00,SummerHDP,16:00,0.356
3641,2025-06-01 17:00:00,SummerHDP,17:00,0.489
3642,2025-06-01 18:00:00,SummerHDP,18:00,0.71
3643,2025-06-01 19:00:00,SummerHDP,19:00,0.788
3644,2025-06-01 20:00:00,SummerHDP,20:00,0.559
3645,2025-06-01 21:00:00,SummerHDP,21:00,0.333
3646,2025-06-01 22:00:00,SummerHDP,22:00,0.215
3647,2025-06-01 23:00:00,SummerHDP,23:00,0.149
3648,2025-06-02 00:00:00,SummerHDP,00:00,0.086
3649,2025-06-02 01:00:00,SummerHDP,01:00,0.059
3650,2025-06-02 02:00:00,SummerHDP,02:00,0.038
3651,2025-06-02 03:00:00,SummerHDP,03:00,0.025
3652,2025-06-02 04:00:00,SummerHDP,04:00,0.016
3653,2025-06-02 05:00:00,SummerHDP,05:00,0.022
3654,2025-06-02 06:00:00,SummerHDP,06:00,0.036
3655,2025-06-02 07:00:00,SummerHDP,07:00,0.021
3656,2025-06-02 08:00:00,SummerHDP,08:00,0.011
3657,2025-06-02 09:00:00,SummerHDP,09:00,0.019
3658,2025-06-02 10:00:00,SummerHDP,10:00,0.031
3659,2025-06-02 11:00:00,SummerHDP,11:00,0.061
3660,2025-06-02 12:00:00,SummerHDP,12:00,0.092
3661,2025-06-02 13:00:00,SummerHDP,13:00,0.124
3662,2025-06-02 14:00:00,SummerHDP,14:00,0.167
3663,2025-06-02 15:00:00,SummerHDP,15:00,0.215
3664,2025-06-02 16:00:00,SummerHDP,16:00,0.356
3665,2025-06-02 17:00:00,SummerHDP,17:00,0.489
3666,2025-06-02 18:00:00,SummerHDP,18:00,0.71
3667,2025-06-02 19:00:00,SummerHDP,19:00,0.788
3668,2025-06-02 20:00:00,SummerHDP,20:00,0.559
3669,2025-06-02 21:00:00,SummerHDP,21:00,0.333
3670,2025-06-02 22:00:00,SummerHDP,22:00,0.215
3671,2025-06-02 23:00:00,SummerHDP,23:00,0.149
3672,2025-06-03 00:00:00,SummerHDP,00:00,0.086
3673,2025-06-03 01:00:00,SummerHDP,01:00,0.059
3674,2025-06-03 02:00:00,SummerHDP,02:00,0.038
3675,2025-06-03 03:00:00,SummerHDP,03:00,0.025
3676,2025-06-03 04:00:00,SummerHDP,04:00,0.016
3677,2025-06-03 05:00:00,SummerHDP,05:00,0.022
3678,2025-06-03 06:00:00,SummerHDP,06:00,0.036
3679,2025-06-03 07:00:00,SummerHDP,07:00,0.021
3680,2025-06-03 08:00:00,SummerHDP,08:00,0.011
3681,2025-06-03 09:00:00,SummerHDP,09:00,0.019
3682,2025-06-03 10:00:00,SummerHDP,10:00,0.031
3683,2025-06-03 11:00:00,SummerHDP,11:00,0.061
3684,2025-06-03 12:00:00,SummerHDP,12:00,0.092
3685,2025-06-03 13:00:00,SummerHDP,13:00,0.124
3686,2025-06-03 14:00:00,SummerHDP,14:00,0.167
3687,2025-06-03 15:00:00,SummerHDP,15:00,0.215
3688,2025-06-03 16:00:00,SummerHDP,16:00,0.356
3689,2025-06-03 17:00:00,SummerHDP,17:00,0.489
3690,2025-06-03 18:00:00,SummerHDP,18:00,0.71
3691,2025-06-03 19:00:00,SummerHDP,19:00,0.788
3692,2025-06-03 20:00:00,SummerHDP,20:00,0.559
3693,2025-06-03 21:00:00,SummerHDP,21:00,0.333
3694,2025-06-03 22:00:00,SummerHDP,22:00,0.215
3695,2025-06-03 23:00:00,SummerHDP,23:00,0.149
3696,2025-06-04 00:00:00,SummerHDP,00:00,0.086
3697,2025-06-04 01:00:00,SummerHDP,01:00,0.059
3698,2025-06-04 02:00:00,SummerHDP,02:00,0.038
3699,2025-06-04 03:00:00,SummerHDP,03:00,0.025
3700,2025-06-04 04:00:00,SummerHDP,04:00,0.016
3701,2025-06-04 05:00:00,SummerHDP,05:00,0.022
3702,2025-06-04 06:00:00,SummerHDP,06:00,0.036
3703,2025-06-04 07:00:00,SummerHDP,07:00,0.021
3704,2025-06-04 08:00:00,SummerHDP,08:00,0.011
3705,2025-06-04 09:00:00,SummerHDP,09:00,0.019
3706,2025-06-04 10:00:00,SummerHDP,10:00,0.031
3707,2025-06-04 11:00:00,SummerHDP,11:00,0.061
3708,2025-06-04 12:00:00,SummerHDP,12:00,0.092
3709,2025-06-04 13:00:00,SummerHDP,13:00,0.124
3710,2025-06-04 14:00:00,SummerHDP,14:00,0.167
3711,2025-06-04 15:00:00,SummerHDP,15:00,0.215
3712,2025-06-04 16:00:00,SummerHDP,16:00,0.356
3713,2025-06-04 17:00:00,SummerHDP,17:00,0.489
3714,2025-06-04 18:00:00,SummerHDP,18:00,0.71
3715,2025-06-04 19:00:00,SummerHDP,19:00,0.788
3716,2025-06-04 20:00:00,SummerHDP,20:00,0.559
3717,2025-06-04 21:00:00,SummerHDP,21:00,0.333
3718,2025-06-04 22:00:00,SummerHDP,22:00,0.215
3719,2025-06-04 23:00:00,SummerHDP,23:00,0.149
3720,2025-06-05 00:00:00,SummerHDP,00:00,0.086
3721,2025-06-05 01:00:00,SummerHDP,01:00,0.059
3722,2025-06-05 02:00:00,SummerHDP,02:00,0.038
3723,2025-06-05 03:00:00,SummerHDP,03:00,0.025
3724,2025-06-05 04:00:00,SummerHDP,04:00,0.016
3725,2025-06-05 05:00:00,SummerHDP,05:00,0.022
3726,2025-06-05 06:00:00,SummerHDP,06:00,0.036
3727,2025-06-05 07:00:00,SummerHDP,07:00,0.021
3728,2025-06-05 08:00:00,SummerHDP,08:00,0.011
3729,2025-06-05 09:00:00,SummerHDP,09:00,0.019
3730,2025-06-05 10:00:00,SummerHDP,10:00,0.031
3731,2025-06-05 11:00:00,SummerHDP,11:00,0.061
3732,2025-06-05 12:00:00,SummerHDP,12:00,0.092
3733,2025-06-05 13:00:00,SummerHDP,13:00,0.124
3734,2025-06-05 14:00:00,SummerHDP,14:00,0.167
3735,2025-06-05 15:00:00,SummerHDP,15:00,0.215
3736,2025-06-05 16:00:00,SummerHDP,16:00,0.356
3737,2025-06-05 17:00:00,SummerHDP,17:00,0.489
3738,2025-06-05 18:00:00,SummerHDP,18:00,0.71
3739,2025-06-05 19:00:00,SummerHDP,19:00,0.788
3740,2025-06-05 20:00:00,SummerHDP,20:00,0.559
3741,2025-06-05 21:00:00,SummerHDP,21:00,0.333
3742,2025-06-05 22:00:00,SummerHDP,22:00,0.215
3743,2025-06-05 23:00:00,SummerHDP,23:00,0.149
3744,2025-06-06 00:00:00,SummerHDP,00:00,0.086
3745,2025-06-06 01:00:00,SummerHDP,01:00,0.059
3746,2025-06-06 02:00:00,SummerHDP,02:00,0.038
3747,2025-06-06 03:00:00,SummerHDP,03:00,0.025
3748,2025-06-06 04:00:00,SummerHDP,04:00,0.016
3749,2025-06-06 05:00:00,SummerHDP,05:00,0.022
3750,2025-06-06 06:00:00,SummerHDP,06:00,0.036
3751,2025-06-06 07:00:00,SummerHDP,07:00,0.021
3752,2025-06-06 08:00:00,SummerHDP,08:00,0.011
3753,2025-06-06 09:00:00,SummerHDP,09:00,0.019
3754,2025-06-06 10:00:00,SummerHDP,10:00,0.031
3755,2025-06-06 11:00:00,SummerHDP,11:00,0.061
3756,2025-06-06 12:00:00,SummerHDP,12:00,0.092
3757,2025-06-06 13:00:00,SummerHDP,13:00,0.124
3758,2025-06-06 14:00:00,SummerHDP,14:00,0.167
3759,2025-06-06 15:00:00,SummerHDP,15:00,0.215
3760,2025-06-06 16:00:00,SummerHDP,16:00,0.356
3761,2025-06-06 17:00:00,SummerHDP,17:00,0.489
3762,2025-06-06 18:00:00,SummerHDP,18:00,0.71
3763,2025-06-06 19:00:00,SummerHDP,19:00,0.788
3764,2025-06-06 20:00:00,SummerHDP,20:00,0.559
3765,2025-06-06 21:00:00,SummerHDP,21:00,0.333
3766,2025-06-06 22:00:00,SummerHDP,22:00,0.215
3767,2025-06-06 23:00:00,SummerHDP,23:00,0.149
3768,2025-06-07 00:00:00,SummerHDP,00:00,0.086
3769,2025-06-07 01:00:00,SummerHDP,01:00,0.059
3770,2025-06-07 02:00:00,SummerHDP,02:00,0.038
3771,2025-06-07 03:00:00,SummerHDP,03:00,0.025
3772,2025-06-07 04:00:00,SummerHDP,04:00,0.016
3773,2025-06-07 05:00:00,SummerHDP,05:00,0.022
3774,2025-06-07 06:00:00,SummerHDP,06:00,0.036
3775,2025-06-07 07:00:00,SummerHDP,07:00,0.021
3776,2025-06-07 08:00:00,SummerHDP,08:00,0.011
3777,2025-06-07 09:00:00,SummerHDP,09:00,0.019
3778,2025-06-07 10:00:00,SummerHDP,10:00,0.031
3779,2025-06-07 11:00:00,SummerHDP,11:00,0.061
3780,2025-06-07 12:00:00,SummerHDP,12:00,0.092
3781,2025-06-07 13:00:00,SummerHDP,13:00,0.124
3782,2025-06-07 14:00:00,SummerHDP,14:00,0.167
3783,2025-06-07 15:00:00,SummerHDP,15:00,0.215
3784,2025-06-07 16:00:00,SummerHDP,16:00,0.356
3785,2025-06-07 17:00:00,SummerHDP,17:00,0.489
3786,2025-06-07 18:00:00,SummerHDP,18:00,0.71
3787,2025-06-07 19:00:00,SummerHDP,19:00,0.788
3788,2025-06-07 20:00:00,SummerHDP,20:00,0.559
3789,2025-06-07 21:00:00,SummerHDP,21:00,0.333
3790,2025-06-07 22:00:00,SummerHDP,22:00,0.215
3791,2025-06-07 23:00:00,SummerHDP,23:00,0.149
3792,2025-06-08 00:00:00,SummerHDP,00:00,0.086
3793,2025-06-08 01:00:00,SummerHDP,01:00,0.059
3794,2025-06-08 02:00:00,SummerHDP,02:00,0.038
3795,2025-06-08 03:00:00,SummerHDP,03:00,0.025
3796,2025-06-08 04:00:00,SummerHDP,04:00,0.016
3797,2025-06-08 05:00:00,SummerHDP,05:00,0.022
3798,2025-06-08 06:00:00,SummerHDP,06:00,0.036
3799,2025-06-08 07:00:00,SummerHDP,07:00,0.021
3800,2025-06-08 08:00:00,SummerHDP,08:00,0.011
3801,2025-06-08 09:00:00,SummerHDP,09:00,0.019
3802,2025-06-08 10:00:00,SummerHDP,10:00,0.031
3803,2025-06-08 11:00:00,SummerHDP,11:00,0.061
3804,2025-06-08 12:00:00,SummerHDP,12:00,0.092
3805,2025-06-08 13:00:00,SummerHDP,13:00,0.124
3806,2025-06-08 14:00:00,SummerHDP,14:00,0.167
3807,2025-06-08 15:00:00,SummerHDP,15:00,0.215
3808,2025-06-08 16:00:00,SummerHDP,16:00,0.356
3809,2025-06-08 17:00:00,SummerHDP,17:00,0.489
3810,2025-06-08 18:00:00,SummerHDP,18:00,0.71
3811,2025-06-08 19:00:00,SummerHDP,19:00,0.788
3812,2025-06-08 20:00:00,SummerHDP,20:00,0.559
3813,2025-06-08 21:00:00,SummerHDP,21:00,0.333
3814,2025-06-08 22:00:00,SummerHDP,22:00,0.215
3815,2025-06-08 23:00:00,SummerHDP,23:00,0.149
3816,2025-06-09 00:00:00,SummerHDP,00:00,0.086
3817,2025-06-09 01:00:00,SummerHDP,01:00,0.059
3818,2025-06-09 02:00:00,SummerHDP,02:00,0.038
3819,2025-06-09 03:00:00,SummerHDP,03:00,0.025
3820,2025-06-09 04:00:00,SummerHDP,04:00,0.016
3821,2025-06-09 05:00:00,SummerHDP,05:00,0.022
3822,2025-06-09 06:00:00,SummerHDP,06:00,0.036
3823,2025-06-09 07:00:00,SummerHDP,07:00,0.021
3824,2025-06-09 08:00:00,SummerHDP,08:00,0.011
3825,2025-06-09 09:00:00,SummerHDP,09:00,0.019
3826,2025-06-09 10:00:00,SummerHDP,10:00,0.031
3827,2025-06-09 11:00:00,SummerHDP,11:00,0.061
3828,2025-06-09 12:00:00,SummerHDP,12:00,0.092
3829,2025-06-09 13:00:00,SummerHDP,13:00,0.124
3830,2025-06-09 14:00:00,SummerHDP,14:00,0.167
3831,2025-06-09 15:00:00,SummerHDP,15:00,0.215
3832,2025-06-09 16:00:00,SummerHDP,16:00,0.356
3833,2025-06-09 17:00:00,SummerHDP,17:00,0.489
3834,2025-06-09 18:00:00,SummerHDP,18:00,0.71
3835,2025-06-09 19:00:00,SummerHDP,19:00,0.788
3836,2025-06-09 20:00:00,SummerHDP,20:00,0.559
3837,2025-06-09 21:00:00,SummerHDP,21:00,0.333
3838,2025-06-09 22:00:00,SummerHDP,22:00,0.215
3839,2025-06-09 23:00:00,SummerHDP,23:00,0.149
3840,2025-06-10 00:00:00,SummerHDP,00:00,0.086
3841,2025-06-10 01:00:00,SummerHDP,01:00,0.059
3842,2025-06-10 02:00:00,SummerHDP,02:00,0.038
3843,2025-06-10 03:00:00,SummerHDP,03:00,0.025
3844,2025-06-10 04:00:00,SummerHDP,04:00,0.016
3845,2025-06-10 05:00:00,SummerHDP,05:00,0.022
3846,2025-06-10 06:00:00,SummerHDP,06:00,0.036
3847,2025-06-10 07:00:00,SummerHDP,07:00,0.021
3848,2025-06-10 08:00:00,SummerHDP,08:00,0.011
3849,2025-06-10 09:00:00,SummerHDP,09:00,0.019
3850,2025-06-10 10:00:00,SummerHDP,10:00,0.031
3851,2025-06-10 11:00:00,SummerHDP,11:00,0.061
3852,2025-06-10 12:00:00,SummerHDP,12:00,0.092
3853,2025-06-10 13:00:00,SummerHDP,13:00,0.124
3854,2025-06-10 14:00:00,SummerHDP,14:00,0.167
3855,2025-06-10 15:00:00,SummerHDP,15:00,0.215
3856,2025-06-10 16:00:00,SummerHDP,16:00,0.356
3857,2025-06-10 17:00:00,SummerHDP,17:00,0.489
3858,2025-06-10 18:00:00,SummerHDP,18:00,0.71
3859,2025-06-10 19:00:00,SummerHDP,19:00,0.788
3860,2025-06-10 20:00:00,SummerHDP,20:00,0.559
3861,2025-06-10 21:00:00,SummerHDP,21:00,0.333
3862,2025-06-10 22:00:00,SummerHDP,22:00,0.215
3863,2025-06-10 23:00:00,SummerHDP,23:00,0.149
3864,2025-06-11 00:00:00,SummerHDP,00:00,0.086
3865,2025-06-11 01:00:00,SummerHDP,01:00,0.059
3866,2025-06-11 02:00:00,SummerHDP,02:00,0.038
3867,2025-06-11 03:00:00,SummerHDP,03:00,0.025
3868,2025-06-11 04:00:00,SummerHDP,04:00,0.016
3869,2025-06-11 05:00:00,SummerHDP,05:00,0.022
3870,2025-06-11 06:00:00,SummerHDP,06:00,0.036
3871,2025-06-11 07:00:00,SummerHDP,07:00,0.021
3872,2025-06-11 08:00:00,SummerHDP,08:00,0.011
3873,2025-06-11 09:00:00,SummerHDP,09:00,0.019
3874,2025-06-11 10:00:00,SummerHDP,10:00,0.031
3875,2025-06-11 11:00:00,SummerHDP,11:00,0.061
3876,2025-06-11 12:00:00,SummerHDP,12:00,0.092
3877,2025-06-11 13:00:00,SummerHDP,13:00,0.124
3878,2025-06-11 14:00:00,SummerHDP,14:00,0.167
3879,2025-06-11 15:00:00,SummerHDP,15:00,0.215
3880,2025-06-11 16:00:00,SummerHDP,16:00,0.356
3881,2025-06-11 17:00:00,SummerHDP,17:00,0.489
3882,2025-06-11 18:00:00,SummerHDP,18:00,0.71
3883,2025-06-11 19:00:00,SummerHDP,19:00,0.788
3884,2025-06-11 20:00:00,SummerHDP,20:00,0.559
3885,2025-06-11 21:00:00,SummerHDP,21:00,0.333
3886,2025-06-11 22:00:00,SummerHDP,22:00,0.215
3887,2025-06-11 23:00:00,SummerHDP,23:00,0.149
3888,2025-06-12 00:00:00,SummerHDP,00:00,0.086
3889,2025-06-12 01:00:00,SummerHDP,01:00,0.059
3890,2025-06-12 02:00:00,SummerHDP,02:00,0.038
3891,2025-06-12 03:00:00,SummerHDP,03:00,0.025
3892,2025-06-12 04:00:00,SummerHDP,04:00,0.016
3893,2025-06-12 05:00:00,SummerHDP,05:00,0.022
3894,2025-06-12 06:00:00,SummerHDP,06:00,0.036
3895,2025-06-12 07:00:00,SummerHDP,07:00,0.021
3896,2025-06-12 08:00:00,SummerHDP,08:00,0.011
3897,2025-06-12 09:00:00,SummerHDP,09:00,0.019
3898,2025-06-12 10:00:00,SummerHDP,10:00,0.031
3899,2025-06-12 11:00:00,SummerHDP,11:00,0.061
3900,2025-06-12 12:00:00,SummerHDP,12:00,0.092
3901,2025-06-12 13:00:00,SummerHDP,13:00,0.124
3902,2025-06-12 14:00:00,SummerHDP,14:00,0.167
3903,2025-06-12 15:00:00,SummerHDP,15:00,0.215
3904,2025-06-12 16:00:00,SummerHDP,16:00,0.356
3905,2025-06-12 17:00:00,SummerHDP,17:00,0.489
3906,2025-06-12 18:00:00,SummerHDP,18:00,0.71
3907,2025-06-12 19:00:00,SummerHDP,19:00,0.788
3908,2025-06-12 20:00:00,SummerHDP,20:00,0.559
3909,2025-06-12 21:00:00,SummerHDP,21:00,0.333
3910,2025-06-12 22:00:00,SummerHDP,22:00,0.215
3911,2025-06-12 23:00:00,SummerHDP,23:00,0.149
3912,2025-06-13 00:00:00,SummerHDP,00:00,0.086
3913,2025-06-13 01:00:00,SummerHDP,01:00,0.059
3914,2025-06-13 02:00:00,SummerHDP,02:00,0.038
3915,2025-06-13 03:00:00,SummerHDP,03:00,0.025
3916,2025-06-13 04:00:00,SummerHDP,04:00,0.016
3917,2025-06-13 05:00:00,SummerHDP,05:00,0.022
3918,2025-06-13 06:00:00,SummerHDP,06:00,0.036
3919,2025-06-13 07:00:00,SummerHDP,07:00,0.021
3920,2025-06-13 08:00:00,SummerHDP,08:00,0.011
3921,2025-06-13 09:00:00,SummerHDP,09:00,0.019
3922,2025-06-13 10:00:00,SummerHDP,10:00,0.031
3923,2025-06-13 11:00:00,SummerHDP,11:00,0.061
3924,2025-06-13 12:00:00,SummerHDP,12:00,0.092
3925,2025-06-13 13:00:00,SummerHDP,13:00,0.124
3926,2025-06-13 14:00:00,SummerHDP,14:00,0.167
3927,2025-06-13 15:00:00,SummerHDP,15:00,0.215
3928,2025-06-13 16:00:00,SummerHDP,16:00,0.356
3929,2025-06-13 17:00:00,SummerHDP,17:00,0.489
3930,2025-06-13 18:00:00,SummerHDP,18:00,0.71
3931,2025-06-13 19:00:00,SummerHDP,19:00,0.788
3932,2025-06-13 20:00:00,SummerHDP,20:00,0.559
3933,2025-06-13 21:00:00,SummerHDP,21:00,0.333
3934,2025-06-13 22:00:00,SummerHDP,22:00,0.215
3935,2025-06-13 23:00:00,SummerHDP,23:00,0.149
3936,2025-06-14 00:00:00,SummerHDP,00:00,0.086
3937,2025-06-14 01:00:00,SummerHDP,01:00,0.059
3938,2025-06-14 02:00:00,SummerHDP,02:00,0.038
3939,2025-06-14 03:00:00,SummerHDP,03:00,0.025
3940,2025-06-14 04:00:00,SummerHDP,04:00,0.016
3941,2025-06-14 05:00:00,SummerHDP,05:00,0.022
3942,2025-06-14 06:00:00,SummerHDP,06:00,0.036
3943,2025-06-14 07:00:00,SummerHDP,07:00,0.021
3944,2025-06-14 08:00:00,SummerHDP,08:00,0.011
3945,2025-06-14 09:00:00,SummerHDP,09:00,0.019
3946,2025-06-14 10:00:00,SummerHDP,10:00,0.031
3947,2025-06-14 11:00:00,SummerHDP,11:00,0.061
3948,2025-06-14 12:00:00,SummerHDP,12:00,0.092
3949,2025-06-14 13:00:00,SummerHDP,13:00,0.124
3950,2025-06-14 14:00:00,SummerHDP,14:00,0.167
3951,2025-06-14 15:00:00,SummerHDP,15:00,0.215
3952,2025-06-14 16:00:00,SummerHDP,16:00,0.356
3953,2025-06-14 17:00:00,SummerHDP,17:00,0.489
3954,2025-06-14 18:00:00,SummerHDP,18:00,0.71
3955,2025-06-14 19:00:00,SummerHDP,19:00,0.788
3956,2025-06-14 20:00:00,SummerHDP,20:00,0.559
3957,2025-06-14 21:00:00,SummerHDP,21:00,0.333
3958,2025-06-14 22:00:00,SummerHDP,22:00,0.215
3959,2025-06-14 23:00:00,SummerHDP,23:00,0.149
3960,2025-06-15 00:00:00,SummerHDP,00:00,0.086
3961,2025-06-15 01:00:00,SummerHDP,01:00,0.059
3962,2025-06-15 02:00:00,SummerHDP,02:00,0.038
3963,2025-06-15 03:00:00,SummerHDP,03:00,0.025
3964,2025-06-15 04:00:00,SummerHDP,04:00,0.016
3965,2025-06-15 05:00:00,SummerHDP,05:00,0.022
3966,2025-06-15 06:00:00,SummerHDP,06:00,0.036
3967,2025-06-15 07:00:00,SummerHDP,07:00,0.021
3968,2025-06-15 08:00:00,SummerHDP,08:00,0.011
3969,2025-06-15 09:00:00,SummerHDP,09:00,0.019
3970,2025-06-15 10:00:00,SummerHDP,10:00,0.031
3971,2025-06-15 11:00:00,SummerHDP,11:00,0.061
3972,2025-06-15 12:00:00,SummerHDP,12:00,0.092
3973,2025-06-15 13:00:00,SummerHDP,13:00,0.124
3974,2025-06-15 14:00:00,SummerHDP,14:00,0.167
3975,2025-06-15 15:00:00,SummerHDP,15:00,0.215
3976,2025-06-15 16:00:00,SummerHDP,16:00,0.356
3977,2025-06-15 17:00:00,SummerHDP,17:00,0.489
3978,2025-06-15 18:00:00,SummerHDP,18:00,0.71
3979,2025-06-15 19:00:00,SummerHDP,19:00,0.788
3980,2025-06-15 20:00:00,SummerHDP,20:00,0.559
3981,2025-06-15 21:00:00,SummerHDP,21:00,0.333
3982,2025-06-15 22:00:00,SummerHDP,22:00,0.215
3983,2025-06-15 23:00:00,SummerHDP,23:00,0.149
3984,2025-06-16 00:00:00,SummerHDP,00:00,0.086
3985,2025-06-16 01:00:00,SummerHDP,01:00,0.059
3986,2025-06-16 02:00:00,SummerHDP,02:00,0.038
3987,2025-06-16 03:00:00,SummerHDP,03:00,0.025
3988,2025-06-16 04:00:00,SummerHDP,04:00,0.016
3989,2025-06-16 05:00:00,SummerHDP,05:00,0.022
3990,2025-06-16 06:00:00,SummerHDP,06:00,0.036
3991,2025-06-16 07:00:00,SummerHDP,07:00,0.021
3992,2025-06-16 08:00:00,SummerHDP,08:00,0.011
3993,2025-06-16 09:00:00,SummerHDP,09:00,0.019
3994,2025-06-16 10:00:00,SummerHDP,10:00,0.031
3995,2025-06-16 11:00:00,SummerHDP,11:00,0.061
3996,2025-06-16 12:00:00,SummerHDP,12:00,0.092
3997,2025-06-16 13:00:00,SummerHDP,13:00,0.124
3998,2025-06-16 14:00:00,SummerHDP,14:00,0.167
3999,2025-06-16 15:00:00,SummerHDP,15:00,0.215
4000,2025-06-16 16:00:00,SummerHDP,16:00,0.356
4001,2025-06-16 17:00:00,SummerHDP,17:00,0.489
4002,2025-06-16 18:00:00,SummerHDP,18:00,0.71
4003,2025-06-16 19:00:00,SummerHDP,19:00,0.788
4004,2025-06-16 20:00:00,SummerHDP,20:00,0.559
4005,2025-06-16 21:00:00,SummerHDP,21:00,0.333
4006,2025-06-16 22:00:00,SummerHDP,22:00,0.215
4007,2025-06-16 23:00:00,SummerHDP,23:00,0.149
4008,2025-06-17 00:00:00,SummerHDP,00:00,0.086
4009,2025-06-17 01:00:00,SummerHDP,01:00,0.059
4010,2025-06-17 02:00:00,SummerHDP,02:00,0.038
4011,2025-06-17 03:00:00,SummerHDP,03:00,0.025
4012,2025-06-17 04:00:00,SummerHDP,04:00,0.016
4013,2025-06-17 05:00:00,SummerHDP,05:00,0.022
4014,2025-06-17 06:00:00,SummerHDP,06:00,0.036
4015,2025-06-17 07:00:00,SummerHDP,07:00,0.021
4016,2025-06-17 08:00:00,SummerHDP,08:00,0.011
4017,2025-06-17 09:00:00,SummerHDP,09:00,0.019
4018,2025-06-17 10:00:00,SummerHDP,10:00,0.031
4019,2025-06-17 11:00:00,SummerHDP,11:00,0.061
4020,2025-06-17 12:00:00,SummerHDP,12:00,0.092
4021,2025-06-17 13:00:00,SummerHDP,13:00,0.124
4022,2025-06-17 14:00:00,SummerHDP,14:00,0.167
4023,2025-06-17 15:00:00,SummerHDP,15:00,0.215
4024,2025-06-17 16:00:00,SummerHDP,16:00,0.356
4025,2025-06-17 17:00:00,SummerHDP,17:00,0.489
4026,2025-06-17 18:00:00,SummerHDP,18:00,0.71
4027,2025-06-17 19:00:00,SummerHDP,19:00,0.788
4028,2025-06-17 20:00:00,SummerHDP,20:00,0.559
4029,2025-06-17 21:00:00,SummerHDP,21:00,0.333
4030,2025-06-17 22:00:00,SummerHDP,22:00,0.215
4031,2025-06-17 23:00:00,SummerHDP,23:00,0.149
4032,2025-06-18 00:00:00,SummerHDP,00:00,0.086
4033,2025-06-18 01:00:00,SummerHDP,01:00,0.059
4034,2025-06-18 02:00:00,SummerHDP,02:00,0.038
4035,2025-06-18 03:00:00,SummerHDP,03:00,0.025
4036,2025-06-18 04:00:00,SummerHDP,04:00,0.016
4037,2025-06-18 05:00:00,SummerHDP,05:00,0.022
4038,2025-06-18 06:00:00,SummerHDP,06:00,0.036
4039,2025-06-18 07:00:00,SummerHDP,07:00,0.021
4040,2025-06-18 08:00:00,SummerHDP,08:00,0.011
4041,2025-06-18 09:00:00,SummerHDP,09:00,0.019
4042,2025-06-18 10:00:00,SummerHDP,10:00,0.031
4043,2025-06-18 11:00:00,SummerHDP,11:00,0.061
4044,2025-06-18 12:00:00,SummerHDP,12:00,0.092
4045,2025-06-18 13:00:00,SummerHDP,13:00,0.124
4046,2025-06-18 14:00:00,SummerHDP,14:00,0.167
4047,2025-06-18 15:00:00,SummerHDP,15:00,0.215
4048,2025-06-18 16:00:00,SummerHDP,16:00,0.356
4049,2025-06-18 17:00:00,SummerHDP,17:00,0.489
4050,2025-06-18 18:00:00,SummerHDP,18:00,0.71
4051,2025-06-18 19:00:00,SummerHDP,19:00,0.788
4052,2025-06-18 20:00:00,SummerHDP,20:00,0.559
4053,2025-06-18 21:00:00,SummerHDP,21:00,0.333
4054,2025-06-18 22:00:00,SummerHDP,22:00,0.215
4055,2025-06-18 23:00:00,SummerHDP,23:00,0.149
4056,2025-06-19 00:00:00,SummerHDP,00:00,0.086
4057,2025-06-19 01:00:00,SummerHDP,01:00,0.059
4058,2025-06-19 02:00:00,SummerHDP,02:00,0.038
4059,2025-06-19 03:00:00,SummerHDP,03:00,0.025
4060,2025-06-19 04:00:00,SummerHDP,04:00,0.016
4061,2025-06-19 05:00:00,SummerHDP,05:00,0.022
4062,2025-06-19 06:00:00,SummerHDP,06:00,0.036
4063,2025-06-19 07:00:00,SummerHDP,07:00,0.021
4064,2025-06-19 08:00:00,SummerHDP,08:00,0.011
4065,2025-06-19 09:00:00,SummerHDP,09:00,0.019
4066,2025-06-19 10:00:00,SummerHDP,10:00,0.031
4067,2025-06-19 11:00:00,SummerHDP,11:00,0.061
4068,2025-06-19 12:00:00,SummerHDP,12:00,0.092
4069,2025-06-19 13:00:00,SummerHDP,13:00,0.124
4070,2025-06-19 14:00:00,SummerHDP,14:00,0.167
4071,2025-06-19 15:00:00,SummerHDP,15:00,0.215
4072,2025-06-19 16:00:00,SummerHDP,16:00,0.356
4073,2025-06-19 17:00:00,SummerHDP,17:00,0.489
4074,2025-06-19 18:00:00,SummerHDP,18:00,0.71
4075,2025-06-19 19:00:00,SummerHDP,19:00,0.788
4076,2025-06-19 20:00:00,SummerHDP,20:00,0.559
4077,2025-06-19 21:00:00,SummerHDP,21:00,0.333
4078,2025-06-19 22:00:00,SummerHDP,22:00,0.215
4079,2025-06-19 23:00:00,SummerHDP,23:00,0.149
4080,2025-06-20 00:00:00,SummerHDP,00:00,0.086
4081,2025-06-20 01:00:00,SummerHDP,01:00,0.059
4082,2025-06-20 02:00:00,SummerHDP,02:00,0.038
4083,2025-06-20 03:00:00,SummerHDP,03:00,0.025
4084,2025-06-20 04:00:00,SummerHDP,04:00,0.016
4085,2025-06-20 05:00:00,SummerHDP,05:00,0.022
4086,2025-06-20 06:00:00,SummerHDP,06:00,0.036
4087,2025-06-20 07:00:00,SummerHDP,07:00,0.021
4088,2025-06-20 08:00:00,SummerHDP,08:00,0.011
4089,2025-06-20 09:00:00,SummerHDP,09:00,0.019
4090,2025-06-20 10:00:00,SummerHDP,10:00,0.031
4091,2025-06-20 11:00:00,SummerHDP,11:00,0.061
4092,2025-06-20 12:00:00,SummerHDP,12:00,0.092
4093,2025-06-20 13:00:00,SummerHDP,13:00,0.124
4094,2025-06-20 14:00:00,SummerHDP,14:00,0.167
4095,2025-06-20 15:00:00,SummerHDP,15:00,0.215
4096,2025-06-20 16:00:00,SummerHDP,16:00,0.356
4097,2025-06-20 17:00:00,SummerHDP,17:00,0.489
4098,2025-06-20 18:00:00,SummerHDP,18:00,0.71
4099,2025-06-20 19:00:00,SummerHDP,19:00,0.788
4100,2025-06-20 20:00:00,SummerHDP,20:00,0.559
4101,2025-06-20 21:00:00,SummerHDP,21:00,0.333
4102,2025-06-20 22:00:00,SummerHDP,22:00,0.215
4103,2025-06-20 23:00:00,SummerHDP,23:00,0.149
4104,2025-06-21 00:00:00,SummerHDP,00:00,0.086
4105,2025-06-21 01:00:00,SummerHDP,01:00,0.059
4106,2025-06-21 02:00:00,SummerHDP,02:00,0.038
4107,2025-06-21 03:00:00,SummerHDP,03:00,0.025
4108,2025-06-21 04:00:00,SummerHDP,04:00,0.016
4109,2025-06-21 05:00:00,SummerHDP,05:00,0.022
4110,2025-06-21 06:00:00,SummerHDP,06:00,0.036
4111,2025-06-21 07:00:00,SummerHDP,07:00,0.021
4112,2025-06-21 08:00:00,SummerHDP,08:00,0.011
4113,2025-06-21 09:00:00,SummerHDP,09:00,0.019
4114,2025-06-21 10:00:00,SummerHDP,10:00,0.031
4115,2025-06-21 11:00:00,SummerHDP,11:00,0.061
4116,2025-06-21 12:00:00,SummerHDP,12:00,0.092
4117,2025-06-21 13:00:00,SummerHDP,13:00,0.124
4118,2025-06-21 14:00:00,SummerHDP,14:00,0.167
4119,2025-06-21 15:00:00,SummerHDP,15:00,0.215
4120,2025-06-21 16:00:00,SummerHDP,16:00,0.356
4121,2025-06-21 17:00:00,SummerHDP,17:00,0.489
4122,2025-06-21 18:00:00,SummerHDP,18:00,0.71
4123,2025-06-21 19:00:00,SummerHDP,19:00,0.788
4124,2025-06-21 20:00:00,SummerHDP,20:00,0.559
4125,2025-06-21 21:00:00,SummerHDP,21:00,0.333
4126,2025-06-21 22:00:00,SummerHDP,22:00,0.215
4127,2025-06-21 23:00:00,SummerHDP,23:00,0.149
4128,2025-06-22 00:00:00,SummerHDP,00:00,0.086
4129,2025-06-22 01:00:00,SummerHDP,01:00,0.059
4130,2025-06-22 02:00:00,SummerHDP,02:00,0.038
4131,2025-06-22 03:00:00,SummerHDP,03:00,0.025
4132,2025-06-22 04:00:00,SummerHDP,04:00,0.016
4133,2025-06-22 05:00:00,SummerHDP,05:00,0.022
4134,2025-06-22 06:00:00,SummerHDP,06:00,0.036
4135,2025-06-22 07:00:00,SummerHDP,07:00,0.021
4136,2025-06-22 08:00:00,SummerHDP,08:00,0.011
4137,2025-06-22 09:00:00,SummerHDP,09:00,0.019
4138,2025-06-22 10:00:00,SummerHDP,10:00,0.031
4139,2025-06-22 11:00:00,SummerHDP,11:00,0.061
4140,2025-06-22 12:00:00,SummerHDP,12:00,0.092
4141,2025-06-22 13:00:00,SummerHDP,13:00,0.124
4142,2025-06-22 14:00:00,SummerHDP,14:00,0.167
4143,2025-06-22 15:00:00,SummerHDP,15:00,0.215
4144,2025-06-22 16:00:00,SummerHDP,16:00,0.356
4145,2025-06-22 17:00:00,SummerHDP,17:00,0.489
4146,2025-06-22 18:00:00,SummerHDP,18:00,0.71
4147,2025-06-22 19:00:00,SummerHDP,19:00,0.788
4148,2025-06-22 20:00:00,SummerHDP,20:00,0.559
4149,2025-06-22 21:00:00,SummerHDP,21:00,0.333
4150,2025-06-22 22:00:00,SummerHDP,22:00,0.215
4151,2025-06-22 23:00:00,SummerHDP,23:00,0.149
4152,2025-06-23 00:00:00,SummerHDP,00:00,0.086
4153,2025-06-23 01:00:00,SummerHDP,01:00,0.059
4154,2025-06-23 02:00:00,SummerHDP,02:00,0.038
4155,2025-06-23 03:00:00,SummerHDP,03:00,0.025
4156,2025-06-23 04:00:00,SummerHDP,04:00,0.016
4157,2025-06-23 05:00:00,SummerHDP,05:00,0.022
4158,2025-06-23 06:00:00,SummerHDP,06:00,0.036
4159,2025-06-23 07:00:00,SummerHDP,07:00,0.021
4160,2025-06-23 08:00:00,SummerHDP,08:00,0.011
4161,2025-06-23 09:00:00,SummerHDP,09:00,0.019
4162,2025-06-23 10:00:00,SummerHDP,10:00,0.031
4163,2025-06-23 11:00:00,SummerHDP,11:00,0.061
4164,2025-06-23 12:00:00,SummerHDP,12:00,0.092
4165,2025-06-23 13:00:00,SummerHDP,13:00,0.124
4166,2025-06-23 14:00:00,SummerHDP,14:00,0.167
4167,2025-06-23 15:00:00,SummerHDP,15:00,0.215
4168,2025-06-23 16:00:00,SummerHDP,16:00,0.356
4169,2025-06-23 17:00:00,SummerHDP,17:00,0.489
4170,2025-06-23 18:00:00,SummerHDP,18:00,0.71
4171,2025-06-23 19:00:00,SummerHDP,19:00,0.788
4172,2025-06-23 20:00:00,SummerHDP,20:00,0.559
4173,2025-06-23 21:00:00,SummerHDP,21:00,0.333
4174,2025-06-23 22:00:00,SummerHDP,22:00,0.215
4175,2025-06-23 23:00:00,SummerHDP,23:00,0.149
4176,2025-06-24 00:00:00,SummerHDP,00:00,0.086
4177,2025-06-24 01:00:00,SummerHDP,01:00,0.059
4178,2025-06-24 02:00:00,SummerHDP,02:00,0.038
4179,2025-06-24 03:00:00,SummerHDP,03:00,0.025
4180,2025-06-24 04:00:00,SummerHDP,04:00,0.016
4181,2025-06-24 05:00:00,SummerHDP,05:00,0.022
4182,2025-06-24 06:00:00,SummerHDP,06:00,0.036
4183,2025-06-24 07:00:00,SummerHDP,07:00,0.021
4184,2025-06-24 08:00:00,SummerHDP,08:00,0.011
4185,2025-06-24 09:00:00,SummerHDP,09:00,0.019
4186,2025-06-24 10:00:00,SummerHDP,10:00,0.031
4187,2025-06-24 11:00:00,SummerHDP,11:00,0.061
4188,2025-06-24 12:00:00,SummerHDP,12:00,0.092
4189,2025-06-24 13:00:00,SummerHDP,13:00,0.124
4190,2025-06-24 14:00:00,SummerHDP,14:00,0.167
4191,2025-06-24 15:00:00,SummerHDP,15:00,0.215
4192,2025-06-24 16:00:00,SummerHDP,16:00,0.356
4193,2025-06-24 17:00:00,SummerHDP,17:00,0.489
4194,2025-06-24 18:00:00,SummerHDP,18:00,0.71
4195,2025-06-24 19:00:00,SummerHDP,19:00,0.788
4196,2025-06-24 20:00:00,SummerHDP,20:00,0.559
4197,2025-06-24 21:00:00,SummerHDP,21:00,0.333
4198,2025-06-24 22:00:00,SummerHDP,22:00,0.215
4199,2025-06-24 23:00:00,SummerHDP,23:00,0.149
4200,2025-06-25 00:00:00,SummerHDP,00:00,0.086
4201,2025-06-25 01:00:00,SummerHDP,01:00,0.059
4202,2025-06-25 02:00:00,SummerHDP,02:00,0.038
4203,2025-06-25 03:00:00,SummerHDP,03:00,0.025
4204,2025-06-25 04:00:00,SummerHDP,04:00,0.016
4205,2025-06-25 05:00:00,SummerHDP,05:00,0.022
4206,2025-06-25 06:00:00,SummerHDP,06:00,0.036
4207,2025-06-25 07:00:00,SummerHDP,07:00,0.021
4208,2025-06-25 08:00:00,SummerHDP,08:00,0.011
4209,2025-06-25 09:00:00,SummerHDP,09:00,0.019
4210,2025-06-25 10:00:00,SummerHDP,10:00,0.031
4211,2025-06-25 11:00:00,SummerHDP,11:00,0.061
4212,2025-06-25 12:00:00,SummerHDP,12:00,0.092
4213,2025-06-25 13:00:00,SummerHDP,13:00,0.124
4214,2025-06-25 14:00:00,SummerHDP,14:00,0.167
4215,2025-06-25 15:00:00,SummerHDP,15:00,0.215
4216,2025-06-25 16:00:00,SummerHDP,16:00,0.356
4217,2025-06-25 17:00:00,SummerHDP,17:00,0.489
4218,2025-06-25 18:00:00,SummerHDP,18:00,0.71
4219,2025-06-25 19:00:00,SummerHDP,19:00,0.788
4220,2025-06-25 20:00:00,SummerHDP,20:00,0.559
4221,2025-06-25 21:00:00,SummerHDP,21:00,0.333
4222,2025-06-25 22:00:00,SummerHDP,22:00,0.215
4223,2025-06-25 23:00:00,SummerHDP,23:00,0.149
4224,2025-06-26 00:00:00,SummerHDP,00:00,0.086
4225,2025-06-26 01:00:00,SummerHDP,01:00,0.059
4226,2025-06-26 02:00:00,SummerHDP,02:00,0.038
4227,2025-06-26 03:00:00,SummerHDP,03:00,0.025
4228,2025-06-26 04:00:00,SummerHDP,04:00,0.016
4229,2025-06-26 05:00:00,SummerHDP,05:00,0.022
4230,2025-06-26 06:00:00,SummerHDP,06:00,0.036
4231,2025-06-26 07:00:00,SummerHDP,07:00,0.021
4232,2025-06-26 08:00:00,SummerHDP,08:00,0.011
4233,2025-06-26 09:00:00,SummerHDP,09:00,0.019
4234,2025-06-26 10:00:00,SummerHDP,10:00,0.031
4235,2025-06-26 11:00:00,SummerHDP,11:00,0.061
4236,2025-06-26 12:00:00,SummerHDP,12:00,0.092
4237,2025-06-26 13:00:00,SummerHDP,13:00,0.124
4238,2025-06-26 14:00:00,SummerHDP,14:00,0.167
4239,2025-06-26 15:00:00,SummerHDP,15:00,0.215
4240,2025-06-26 16:00:00,SummerHDP,16:00,0.356
4241,2025-06-26 17:00:00,SummerHDP,17:00,0.489
4242,2025-06-26 18:00:00,SummerHDP,18:00,0.71
4243,2025-06-26 19:00:00,SummerHDP,19:00,0.788
4244,2025-06-26 20:00:00,SummerHDP,20:00,0.559
4245,2025-06-26 21:00:00,SummerHDP,21:00,0.333
4246,2025-06-26 22:00:00,SummerHDP,22:00,0.215
4247,2025-06-26 23:00:00,SummerHDP,23:00,0.149
4248,2025-06-27 00:00:00,SummerHDP,00:00,0.086
4249,2025-06-27 01:00:00,SummerHDP,01:00,0.059
4250,2025-06-27 02:00:00,SummerHDP,02:00,0.038
4251,2025-06-27 03:00:00,SummerHDP,03:00,0.025
4252,2025-06-27 04:00:00,SummerHDP,04:00,0.016
4253,2025-06-27 05:00:00,SummerHDP,05:00,0.022
4254,2025-06-27 06:00:00,SummerHDP,06:00,0.036
4255,2025-06-27 07:00:00,SummerHDP,07:00,0.021
4256,2025-06-27 08:00:00,SummerHDP,08:00,0.011
4257,2025-06-27 09:00:00,SummerHDP,09:00,0.019
4258,2025-06-27 10:00:00,SummerHDP,10:00,0.031
4259,2025-06-27 11:00:00,SummerHDP,11:00,0.061
4260,2025-06-27 12:00:00,SummerHDP,12:00,0.092
4261,2025-06-27 13:00:00,SummerHDP,13:00,0.124
4262,2025-06-27 14:00:00,SummerHDP,14:00,0.167
4263,2025-06-27 15:00:00,SummerHDP,15:00,0.215
4264,2025-06-27 16:00:00,SummerHDP,16:00,0.356
4265,2025-06-27 17:00:00,SummerHDP,17:00,0.489
4266,2025-06-27 18:00:00,SummerHDP,18:00,0.71
4267,2025-06-27 19:00:00,SummerHDP,19:00,0.788
4268,2025-06-27 20:00:00,SummerHDP,20:00,0.559
4269,2025-06-27 21:00:00,SummerHDP,21:00,0.333
4270,2025-06-27 22:00:00,SummerHDP,22:00,0.215
4271,2025-06-27 23:00:00,SummerHDP,23:00,0.149
4272,2025-06-28 00:00:00,SummerHDP,00:00,0.086
4273,2025-06-28 01:00:00,SummerHDP,01:00,0.059
4274,2025-06-28 02:00:00,SummerHDP,02:00,0.038
4275,2025-06-28 03:00:00,SummerHDP,03:00,0.025
4276,2025-06-28 04:00:00,SummerHDP,04:00,0.016
4277,2025-06-28 05:00:00,SummerHDP,05:00,0.022
4278,2025-06-28 06:00:00,SummerHDP,06:00,0.036
4279,2025-06-28 07:00:00,SummerHDP,07:00,0.021
4280,2025-06-28 08:00:00,SummerHDP,08:00,0.011
4281,2025-06-28 09:00:00,SummerHDP,09:00,0.019
4282,2025-06-28 10:00:00,SummerHDP,10:00,0.031
4283,2025-06-28 11:00:00,SummerHDP,11:00,0.061
4284,2025-06-28 12:00:00,SummerHDP,12:00,0.092
4285,2025-06-28 13:00:00,SummerHDP,13:00,0.124
4286,2025-06-28 14:00:00,SummerHDP,14:00,0.167
4287,2025-06-28 15:00:00,SummerHDP,15:00,0.215
4288,2025-06-28 16:00:00,SummerHDP,16:00,0.356
4289,2025-06-28 17:00:00,SummerHDP,17:00,0.489
4290,2025-06-28 18:00:00,SummerHDP,18:00,0.71
4291,2025-06-28 19:00:00,SummerHDP,19:00,0.788
4292,2025-06-28 20:00:00,SummerHDP,20:00,0.559
4293,2025-06-28 21:00:00,SummerHDP,21:00,0.333
4294,2025-06-28 22:00:00,SummerHDP,22:00,0.215
4295,2025-06-28 23:00:00,SummerHDP,23:00,0.149
4296,2025-06-29 00:00:00,SummerHDP,00:00,0.086
4297,2025-06-29 01:00:00,SummerHDP,01:00,0.059
4298,2025-06-29 02:00:00,SummerHDP,02:00,0.038
4299,2025-06-29 03:00:00,SummerHDP,03:00,0.025
4300,2025-06-29 04:00:00,SummerHDP,04:00,0.016
4301,2025-06-29 05:00:00,SummerHDP,05:00,0.022
4302,2025-06-29 06:00:00,SummerHDP,06:00,0.036
4303,2025-06-29 07:00:00,SummerHDP,07:00,0.021
4304,2025-06-29 08:00:00,SummerHDP,08:00,0.011
4305,2025-06-29 09:00:00,SummerHDP,09:00,0.019
4306,2025-06-29 10:00:00,SummerHDP,10:00,0.031
4307,2025-06-29 11:00:00,SummerHDP,11:00,0.061
4308,2025-06-29 12:00:00,SummerHDP,12:00,0.092
4309,2025-06-29 13:00:00,SummerHDP,13:00,0.124
4310,2025-06-29 14:00:00,SummerHDP,14:00,0.167
4311,2025-06-29 15:00:00,SummerHDP,15:00,0.215
4312,2025-06-29 16:00:00,SummerHDP,16:00,0.356
4313,2025-06-29 17:00:00,SummerHDP,17:00,0.489
4314,2025-06-29 18:00:00,SummerHDP,18:00,0.71
4315,2025-06-29 19:00:00,SummerHDP,19:00,0.788
4316,2025-06-29 20:00:00,SummerHDP,20:00,0.559
4317,2025-06-29 21:00:00,SummerHDP,21:00,0.333
4318,2025-06-29 22:00:00,SummerHDP,22:00,0.215
4319,2025-06-29 23:00:00,SummerHDP,23:00,0.149
4320,2025-06-30 00:00:00,SummerHDP,00:00,0.086
4321,2025-06-30 01:00:00,SummerHDP,01:00,0.059
4322,2025-06-30 02:00:00,SummerHDP,02:00,0.038
4323,2025-06-30 03:00:00,SummerHDP,03:00,0.025
4324,2025-06-30 04:00:00,SummerHDP,04:00,0.016
4325,2025-06-30 05:00:00,SummerHDP,05:00,0.022
4326,2025-06-30 06:00:00,SummerHDP,06:00,0.036
4327,2025-06-30 07:00:00,SummerHDP,07:00,0.021
4328,2025-06-30 08:00:00,SummerHDP,08:00,0.011
4329,2025-06-30 09:00:00,SummerHDP,09:00,0.019
4330,2025-06-30 10:00:00,SummerHDP,10:00,0.031
4331,2025-06-30 11:00:00,SummerHDP,11:00,0.061
4332,2025-06-30 12:00:00,SummerHDP,12:00,0.092
4333,2025-06-30 13:00:00,SummerHDP,13:00,0.124
4334,2025-06-30 14:00:00,SummerHDP,14:00,0.167
4335,2025-06-30 15:00:00,SummerHDP,15:00,0.215
4336,2025-06-30 16:00:00,SummerHDP,16:00,0.356
4337,2025-06-30 17:00:00,SummerHDP,17:00,0.489
4338,2025-06-30 18:00:00,SummerHDP,18:00,0.71
4339,2025-06-30 19:00:00,SummerHDP,19:00,0.788
4340,2025-06-30 20:00:00,SummerHDP,20:00,0.559
4341,2025-06-30 21:00:00,SummerHDP,21:00,0.333
4342,2025-06-30 22:00:00,SummerHDP,22:00,0.215
4343,2025-06-30 23:00:00,SummerHDP,23:00,0.149
4344,2025-07-01 00:00:00,SummerHDP,00:00,0.086
4345,2025-07-01 01:00:00,SummerHDP,01:00,0.059
4346,2025-07-01 02:00:00,SummerHDP,02:00,0.038
4347,2025-07-01 03:00:00,SummerHDP,03:00,0.025
4348,2025-07-01 04:00:00,SummerHDP,04:00,0.016
4349,2025-07-01 05:00:00,SummerHDP,05:00,0.022
4350,2025-07-01 06:00:00,SummerHDP,06:00,0.036
4351,2025-07-01 07:00:00,SummerHDP,07:00,0.021
4352,2025-07-01 08:00:00,SummerHDP,08:00,0.011
4353,2025-07-01 09:00:00,SummerHDP,09:00,0.019
4354,2025-07-01 10:00:00,SummerHDP,10:00,0.031
4355,2025-07-01 11:00:00,SummerHDP,11:00,0.061
4356,2025-07-01 12:00:00,SummerHDP,12:00,0.092
4357,2025-07-01 13:00:00,SummerHDP,13:00,0.124
4358,2025-07-01 14:00:00,SummerHDP,14:00,0.167
4359,2025-07-01 15:00:00,SummerHDP,15:00,0.215
4360,2025-07-01 16:00:00,SummerHDP,16:00,0.356
4361,2025-07-01 17:00:00,SummerHDP,17:00,0.489
4362,2025-07-01 18:00:00,SummerHDP,18:00,0.71
4363,2025-07-01 19:00:00,SummerHDP,19:00,0.788
4364,2025-07-01 20:00:00,SummerHDP,20:00,0.559
4365,2025-07-01 21:00:00,SummerHDP,21:00,0.333
4366,2025-07-01 22:00:00,SummerHDP,22:00,0.215
4367,2025-07-01 23:00:00,SummerHDP,23:00,0.149
4368,2025-07-02 00:00:00,SummerHDP,00:00,0.086
4369,2025-07-02 01:00:00,SummerHDP,01:00,0.059
4370,2025-07-02 02:00:00,SummerHDP,02:00,0.038
4371,2025-07-02 03:00:00,SummerHDP,03:00,0.025
4372,2025-07-02 04:00:00,SummerHDP,04:00,0.016
4373,2025-07-02 05:00:00,SummerHDP,05:00,0.022
4374,2025-07-02 06:00:00,SummerHDP,06:00,0.036
4375,2025-07-02 07:00:00,SummerHDP,07:00,0.021
4376,2025-07-02 08:00:00,SummerHDP,08:00,0.011
4377,2025-07-02 09:00:00,SummerHDP,09:00,0.019
4378,2025-07-02 10:00:00,SummerHDP,10:00,0.031
4379,2025-07-02 11:00:00,SummerHDP,11:00,0.061
4380,2025-07-02 12:00:00,SummerHDP,12:00,0.092
4381,2025-07-02 13:00:00,SummerHDP,13:00,0.124
4382,2025-07-02 14:00:00,SummerHDP,14:00,0.167
4383,2025-07-02 15:00:00,SummerHDP,15:00,0.215
4384,2025-07-02 16:00:00,SummerHDP,16:00,0.356
4385,2025-07-02 17:00:00,SummerHDP,17:00,0.489
4386,2025-07-02 18:00:00,SummerHDP,18:00,0.71
4387,2025-07-02 19:00:00,SummerHDP,19:00,0.788
4388,2025-07-02 20:00:00,SummerHDP,20:00,0.559
4389,2025-07-02 21:00:00,SummerHDP,21:00,0.333
4390,2025-07-02 22:00:00,SummerHDP,22:00,0.215
4391,2025-07-02 23:00:00,SummerHDP,23:00,0.149
4392,2025-07-03 00:00:00,SummerHDP,00:00,0.086
4393,2025-07-03 01:00:00,SummerHDP,01:00,0.059
4394,2025-07-03 02:00:00,SummerHDP,02:00,0.038
4395,2025-07-03 03:00:00,SummerHDP,03:00,0.025
4396,2025-07-03 04:00:00,SummerHDP,04:00,0.016
4397,2025-07-03 05:00:00,SummerHDP,05:00,0.022
4398,2025-07-03 06:00:00,SummerHDP,06:00,0.036
4399,2025-07-03 07:00:00,SummerHDP,07:00,0.021
4400,2025-07-03 08:00:00,SummerHDP,08:00,0.011
4401,2025-07-03 09:00:00,SummerHDP,09:00,0.019
4402,2025-07-03 10:00:00,SummerHDP,10:00,0.031
4403,2025-07-03 11:00:00,SummerHDP,11:00,0.061
4404,2025-07-03 12:00:00,SummerHDP,12:00,0.092
4405,2025-07-03 13:00:00,SummerHDP,13:00,0.124
4406,2025-07-03 14:00:00,SummerHDP,14:00,0.167
4407,2025-07-03 15:00:00,SummerHDP,15:00,0.215
4408,2025-07-03 16:00:00,SummerHDP,16:00,0.356
4409,2025-07-03 17:00:00,SummerHDP,17:00,0.489
4410,2025-07-03 18:00:00,SummerHDP,18:00,0.71
4411,2025-07-03 19:00:00,SummerHDP,19:00,0.788
4412,2025-07-03 20:00:00,SummerHDP,20:00,0.559
4413,2025-07-03 21:00:00,SummerHDP,21:00,0.333
4414,2025-07-03 22:00:00,SummerHDP,22:00,0.215
4415,2025-07-03 23:00:00,SummerHDP,23:00,0.149
4416,2025-07-04 00:00:00,SummerHDP,00:00,0.086
4417,2025-07-04 01:00:00,SummerHDP,01:00,0.059
4418,2025-07-04 02:00:00,SummerHDP,02:00,0.038
4419,2025-07-04 03:00:00,SummerHDP,03:00,0.025
4420,2025-07-04 04:00:00,SummerHDP,04:00,0.016
4421,2025-07-04 05:00:00,SummerHDP,05:00,0.022
4422,2025-07-04 06:00:00,SummerHDP,06:00,0.036
4423,2025-07-04 07:00:00,SummerHDP,07:00,0.021
4424,2025-07-04 08:00:00,SummerHDP,08:00,0.011
4425,2025-07-04 09:00:00,SummerHDP,09:00,0.019
4426,2025-07-04 10:00:00,SummerHDP,10:00,0.031
4427,2025-07-04 11:00:00,SummerHDP,11:00,0.061
4428,2025-07-04 12:00:00,SummerHDP,12:00,0.092
4429,2025-07-04 13:00:00,SummerHDP,13:00,0.124
4430,2025-07-04 14:00:00,SummerHDP,14:00,0.167
4431,2025-07-04 15:00:00,SummerHDP,15:00,0.215
4432,2025-07-04 16:00:00,SummerHDP,16:00,0.356
4433,2025-07-04 17:00:00,SummerHDP,17:00,0.489
4434,2025-07-04 18:00:00,SummerHDP,18:00,0.71
4435,2025-07-04 19:00:00,SummerHDP,19:00,0.788
4436,2025-07-04 20:00:00,SummerHDP,20:00,0.559
4437,2025-07-04 21:00:00,SummerHDP,21:00,0.333
4438,2025-07-04 22:00:00,SummerHDP,22:00,0.215
4439,2025-07-04 23:00:00,SummerHDP,23:00,0.149
4440,2025-07-05 00:00:00,SummerHDP,00:00,0.086
4441,2025-07-05 01:00:00,SummerHDP,01:00,0.059
4442,2025-07-05 02:00:00,SummerHDP,02:00,0.038
4443,2025-07-05 03:00:00,SummerHDP,03:00,0.025
4444,2025-07-05 04:00:00,SummerHDP,04:00,0.016
4445,2025-07-05 05:00:00,SummerHDP,05:00,0.022
4446,2025-07-05 06:00:00,SummerHDP,06:00,0.036
4447,2025-07-05 07:00:00,SummerHDP,07:00,0.021
4448,2025-07-05 08:00:00,SummerHDP,08:00,0.011
4449,2025-07-05 09:00:00,SummerHDP,09:00,0.019
4450,2025-07-05 10:00:00,SummerHDP,10:00,0.031
4451,2025-07-05 11:00:00,SummerHDP,11:00,0.061
4452,2025-07-05 12:00:00,SummerHDP,12:00,0.092
4453,2025-07-05 13:00:00,SummerHDP,13:00,0.124
4454,2025-07-05 14:00:00,SummerHDP,14:00,0.167
4455,2025-07-05 15:00:00,SummerHDP,15:00,0.215
4456,2025-07-05 16:00:00,SummerHDP,16:00,0.356
4457,2025-07-05 17:00:00,SummerHDP,17:00,0.489
4458,2025-07-05 18:00:00,SummerHDP,18:00,0.71
4459,2025-07-05 19:00:00,SummerHDP,19:00,0.788
4460,2025-07-05 20:00:00,SummerHDP,20:00,0.559
4461,2025-07-05 21:00:00,SummerHDP,21:00,0.333
4462,2025-07-05 22:00:00,SummerHDP,22:00,0.215
4463,2025-07-05 23:00:00,SummerHDP,23:00,0.149
4464,2025-07-06 00:00:00,SummerHDP,00:00,0.086
4465,2025-07-06 01:00:00,SummerHDP,01:00,0.059
4466,2025-07-06 02:00:00,SummerHDP,02:00,0.038
4467,2025-07-06 03:00:00,SummerHDP,03:00,0.025
4468,2025-07-06 04:00:00,SummerHDP,04:00,0.016
4469,2025-07-06 05:00:00,SummerHDP,05:00,0.022
4470,2025-07-06 06:00:00,SummerHDP,06:00,0.036
4471,2025-07-06 07:00:00,SummerHDP,07:00,0.021
4472,2025-07-06 08:00:00,SummerHDP,08:00,0.011
4473,2025-07-06 09:00:00,SummerHDP,09:00,0.019
4474,2025-07-06 10:00:00,SummerHDP,10:00,0.031
4475,2025-07-06 11:00:00,SummerHDP,11:00,0.061
4476,2025-07-06 12:00:00,SummerHDP,12:00,0.092
4477,2025-07-06 13:00:00,SummerHDP,13:00,0.124
4478,2025-07-06 14:00:00,SummerHDP,14:00,0.167
4479,2025-07-06 15:00:00,SummerHDP,15:00,0.215
4480,2025-07-06 16:00:00,SummerHDP,16:00,0.356
4481,2025-07-06 17:00:00,SummerHDP,17:00,0.489
4482,2025-07-06 18:00:00,SummerHDP,18:00,0.71
4483,2025-07-06 19:00:00,SummerHDP,19:00,0.788
4484,2025-07-06 20:00:00,SummerHDP,20:00,0.559
4485,2025-07-06 21:00:00,SummerHDP,21:00,0.333
4486,2025-07-06 22:00:00,SummerHDP,22:00,0.215
4487,2025-07-06 23:00:00,SummerHDP,23:00,0.149
4488,2025-07-07 00:00:00,SummerHDP,00:00,0.086
4489,2025-07-07 01:00:00,SummerHDP,01:00,0.059
4490,2025-07-07 02:00:00,SummerHDP,02:00,0.038
4491,2025-07-07 03:00:00,SummerHDP,03:00,0.025
4492,2025-07-07 04:00:00,SummerHDP,04:00,0.016
4493,2025-07-07 05:00:00,SummerHDP,05:00,0.022
4494,2025-07-07 06:00:00,SummerHDP,06:00,0.036
4495,2025-07-07 07:00:00,SummerHDP,07:00,0.021
4496,2025-07-07 08:00:00,SummerHDP,08:00,0.011
4497,2025-07-07 09:00:00,SummerHDP,09:00,0.019
4498,2025-07-07 10:00:00,SummerHDP,10:00,0.031
4499,2025-07-07 11:00:00,SummerHDP,11:00,0.061
4500,2025-07-07 12:00:00,SummerHDP,12:00,0.092
4501,2025-07-07 13:00:00,SummerHDP,13:00,0.124
4502,2025-07-07 14:00:00,SummerHDP,14:00,0.167
4503,2025-07-07 15:00:00,SummerHDP,15:00,0.215
4504,2025-07-07 16:00:00,SummerHDP,16:00,0.356
4505,2025-07-07 17:00:00,SummerHDP,17:00,0.489
4506,2025-07-07 18:00:00,SummerHDP,18:00,0.71
4507,2025-07-07 19:00:00,SummerHDP,19:00,0.788
4508,2025-07-07 20:00:00,SummerHDP,20:00,0.559
4509,2025-07-07 21:00:00,SummerHDP,21:00,0.333
4510,2025-07-07 22:00:00,SummerHDP,22:00,0.215
4511,2025-07-07 23:00:00,SummerHDP,23:00,0.149
4512,2025-07-08 00:00:00,SummerHDP,00:00,0.086
4513,2025-07-08 01:00:00,SummerHDP,01:00,0.059
4514,2025-07-08 02:00:00,SummerHDP,02:00,0.038
4515,2025-07-08 03:00:00,SummerHDP,03:00,0.025
4516,2025-07-08 04:00:00,SummerHDP,04:00,0.016
4517,2025-07-08 05:00:00,SummerHDP,05:00,0.022
4518,2025-07-08 06:00:00,SummerHDP,06:00,0.036
4519,2025-07-08 07:00:00,SummerHDP,07:00,0.021
4520,2025-07-08 08:00:00,SummerHDP,08:00,0.011
4521,2025-07-08 09:00:00,SummerHDP,09:00,0.019
4522,2025-07-08 10:00:00,SummerHDP,10:00,0.031
4523,2025-07-08 11:00:00,SummerHDP,11:00,0.061
4524,2025-07-08 12:00:00,SummerHDP,12:00,0.092
4525,2025-07-08 13:00:00,SummerHDP,13:00,0.124
4526,2025-07-08 14:00:00,SummerHDP,14:00,0.167
4527,2025-07-08 15:00:00,SummerHDP,15:00,0.215
4528,2025-07-08 16:00:00,SummerHDP,16:00,0.356
4529,2025-07-08 17:00:00,SummerHDP,17:00,0.489
4530,2025-07-08 18:00:00,SummerHDP,18:00,0.71
4531,2025-07-08 19:00:00,SummerHDP,19:00,0.788
4532,2025-07-08 20:00:00,SummerHDP,20:00,0.559
4533,2025-07-08 21:00:00,SummerHDP,21:00,0.333
4534,2025-07-08 22:00:00,SummerHDP,22:00,0.215
4535,2025-07-08 23:00:00,SummerHDP,23:00,0.149
4536,2025-07-09 00:00:00,SummerHDP,00:00,0.086
4537,2025-07-09 01:00:00,SummerHDP,01:00,0.059
4538,2025-07-09 02:00:00,SummerHDP,02:00,0.038
4539,2025-07-09 03:00:00,SummerHDP,03:00,0.025
4540,2025-07-09 04:00:00,SummerHDP,04:00,0.016
4541,2025-07-09 05:00:00,SummerHDP,05:00,0.022
4542,2025-07-09 06:00:00,SummerHDP,06:00,0.036
4543,2025-07-09 07:00:00,SummerHDP,07:00,0.021
4544,2025-07-09 08:00:00,SummerHDP,08:00,0.011
4545,2025-07-09 09:00:00,SummerHDP,09:00,0.019
4546,2025-07-09 10:00:00,SummerHDP,10:00,0.031
4547,2025-07-09 11:00:00,SummerHDP,11:00,0.061
4548,2025-07-09 12:00:00,SummerHDP,12:00,0.092
4549,2025-07-09 13:00:00,SummerHDP,13:00,0.124
4550,2025-07-09 14:00:00,SummerHDP,14:00,0.167
4551,2025-07-09 15:00:00,SummerHDP,15:00,0.215
4552,2025-07-09 16:00:00,SummerHDP,16:00,0.356
4553,2025-07-09 17:00:00,SummerHDP,17:00,0.489
4554,2025-07-09 18:00:00,SummerHDP,18:00,0.71
4555,2025-07-09 19:00:00,SummerHDP,19:00,0.788
4556,2025-07-09 20:00:00,SummerHDP,20:00,0.559
4557,2025-07-09 21:00:00,SummerHDP,21:00,0.333
4558,2025-07-09 22:00:00,SummerHDP,22:00,0.215
4559,2025-07-09 23:00:00,SummerHDP,23:00,0.149
4560,2025-07-10 00:00:00,SummerHDP,00:00,0.086
4561,2025-07-10 01:00:00,SummerHDP,01:00,0.059
4562,2025-07-10 02:00:00,SummerHDP,02:00,0.038
4563,2025-07-10 03:00:00,SummerHDP,03:00,0.025
4564,2025-07-10 04:00:00,SummerHDP,04:00,0.016
4565,2025-07-10 05:00:00,SummerHDP,05:00,0.022
4566,2025-07-10 06:00:00,SummerHDP,06:00,0.036
4567,2025-07-10 07:00:00,SummerHDP,07:00,0.021
4568,2025-07-10 08:00:00,SummerHDP,08:00,0.011
4569,2025-07-10 09:00:00,SummerHDP,09:00,0.019
4570,2025-07-10 10:00:00,SummerHDP,10:00,0.031
4571,2025-07-10 11:00:00,SummerHDP,11:00,0.061
4572,2025-07-10 12:00:00,SummerHDP,12:00,0.092
4573,2025-07-10 13:00:00,SummerHDP,13:00,0.124
4574,2025-07-10 14:00:00,SummerHDP,14:00,0.167
4575,2025-07-10 15:00:00,SummerHDP,15:00,0.215
4576,2025-07-10 16:00:00,SummerHDP,16:00,0.356
4577,2025-07-10 17:00:00,SummerHDP,17:00,0.489
4578,2025-07-10 18:00:00,SummerHDP,18:00,0.71
4579,2025-07-10 19:00:00,SummerHDP,19:00,0.788
4580,2025-07-10 20:00:00,SummerHDP,20:00,0.559
4581,2025-07-10 21:00:00,SummerHDP,21:00,0.333
4582,2025-07-10 22:00:00,SummerHDP,22:00,0.215
4583,2025-07-10 23:00:00,SummerHDP,23:00,0.149
4584,2025-07-11 00:00:00,SummerHDP,00:00,0.086
4585,2025-07-11 01:00:00,SummerHDP,01:00,0.059
4586,2025-07-11 02:00:00,SummerHDP,02:00,0.038
4587,2025-07-11 03:00:00,SummerHDP,03:00,0.025
4588,2025-07-11 04:00:00,SummerHDP,04:00,0.016
4589,2025-07-11 05:00:00,SummerHDP,05:00,0.022
4590,2025-07-11 06:00:00,SummerHDP,06:00,0.036
4591,2025-07-11 07:00:00,SummerHDP,07:00,0.021
4592,2025-07-11 08:00:00,SummerHDP,08:00,0.011
4593,2025-07-11 09:00:00,SummerHDP,09:00,0.019
4594,2025-07-11 10:00:00,SummerHDP,10:00,0.031
4595,2025-07-11 11:00:00,SummerHDP,11:00,0.061
4596,2025-07-11 12:00:00,SummerHDP,12:00,0.092
4597,2025-07-11 13:00:00,SummerHDP,13:00,0.124
4598,2025-07-11 14:00:00,SummerHDP,14:00,0.167
4599,2025-07-11 15:00:00,SummerHDP,15:00,0.215
4600,2025-07-11 16:00:00,SummerHDP,16:00,0.356
4601,2025-07-11 17:00:00,SummerHDP,17:00,0.489
4602,2025-07-11 18:00:00,SummerHDP,18:00,0.71
4603,2025-07-11 19:00:00,SummerHDP,19:00,0.788
4604,2025-07-11 20:00:00,SummerHDP,20:00,0.559
4605,2025-07-11 21:00:00,SummerHDP,21:00,0.333
4606,2025-07-11 22:00:00,SummerHDP,22:00,0.215
4607,2025-07-11 23:00:00,SummerHDP,23:00,0.149
4608,2025-07-12 00:00:00,SummerHDP,00:00,0.086
4609,2025-07-12 01:00:00,SummerHDP,01:00,0.059
4610,2025-07-12 02:00:00,SummerHDP,02:00,0.038
4611,2025-07-12 03:00:00,SummerHDP,03:00,0.025
4612,2025-07-12 04:00:00,SummerHDP,04:00,0.016
4613,2025-07-12 05:00:00,SummerHDP,05:00,0.022
4614,2025-07-12 06:00:00,SummerHDP,06:00,0.036
4615,2025-07-12 07:00:00,SummerHDP,07:00,0.021
4616,2025-07-12 08:00:00,SummerHDP,08:00,0.011
4617,2025-07-12 09:00:00,SummerHDP,09:00,0.019
4618,2025-07-12 10:00:00,SummerHDP,10:00,0.031
4619,2025-07-12 11:00:00,SummerHDP,11:00,0.061
4620,2025-07-12 12:00:00,SummerHDP,12:00,0.092
4621,2025-07-12 13:00:00,SummerHDP,13:00,0.124
4622,2025-07-12 14:00:00,SummerHDP,14:00,0.167
4623,2025-07-12 15:00:00,SummerHDP,15:00,0.215
4624,2025-07-12 16:00:00,SummerHDP,16:00,0.356
4625,2025-07-12 17:00:00,SummerHDP,17:00,0.489
4626,2025-07-12 18:00:00,SummerHDP,18:00,0.71
4627,2025-07-12 19:00:00,SummerHDP,19:00,0.788
4628,2025-07-12 20:00:00,SummerHDP,20:00,0.559
4629,2025-07-12 21:00:00,SummerHDP,21:00,0.333
4630,2025-07-12 22:00:00,SummerHDP,22:00,0.215
4631,2025-07-12 23:00:00,SummerHDP,23:00,0.149
4632,2025-07-13 00:00:00,SummerHDP,00:00,0.086
4633,2025-07-13 01:00:00,SummerHDP,01:00,0.059
4634,2025-07-13 02:00:00,SummerHDP,02:00,0.038
4635,2025-07-13 03:00:00,SummerHDP,03:00,0.025
4636,2025-07-13 04:00:00,SummerHDP,04:00,0.016
4637,2025-07-13 05:00:00,SummerHDP,05:00,0.022
4638,2025-07-13 06:00:00,SummerHDP,06:00,0.036
4639,2025-07-13 07:00:00,SummerHDP,07:00,0.021
4640,2025-07-13 08:00:00,SummerHDP,08:00,0.011
4641,2025-07-13 09:00:00,SummerHDP,09:00,0.019
4642,2025-07-13 10:00:00,SummerHDP,10:00,0.031
4643,2025-07-13 11:00:00,SummerHDP,11:00,0.061
4644,2025-07-13 12:00:00,SummerHDP,12:00,0.092
4645,2025-07-13 13:00:00,SummerHDP,13:00,0.124
4646,2025-07-13 14:00:00,SummerHDP,14:00,0.167
4647,2025-07-13 15:00:00,SummerHDP,15:00,0.215
4648,2025-07-13 16:00:00,SummerHDP,16:00,0.356
4649,2025-07-13 17:00:00,SummerHDP,17:00,0.489
4650,2025-07-13 18:00:00,SummerHDP,18:00,0.71
4651,2025-07-13 19:00:00,SummerHDP,19:00,0.788
4652,2025-07-13 20:00:00,SummerHDP,20:00,0.559
4653,2025-07-13 21:00:00,SummerHDP,21:00,0.333
4654,2025-07-13 22:00:00,SummerHDP,22:00,0.215
4655,2025-07-13 23:00:00,SummerHDP,23:00,0.149
4656,2025-07-14 00:00:00,SummerHDP,00:00,0.086
4657,2025-07-14 01:00:00,SummerHDP,01:00,0.059
4658,2025-07-14 02:00:00,SummerHDP,02:00,0.038
4659,2025-07-14 03:00:00,SummerHDP,03:00,0.025
4660,2025-07-14 04:00:00,SummerHDP,04:00,0.016
4661,2025-07-14 05:00:00,SummerHDP,05:00,0.022
4662,2025-07-14 06:00:00,SummerHDP,06:00,0.036
4663,2025-07-14 07:00:00,SummerHDP,07:00,0.021
4664,2025-07-14 08:00:00,SummerHDP,08:00,0.011
4665,2025-07-14 09:00:00,SummerHDP,09:00,0.019
4666,2025-07-14 10:00:00,SummerHDP,10:00,0.031
4667,2025-07-14 11:00:00,SummerHDP,11:00,0.061
4668,2025-07-14 12:00:00,SummerHDP,12:00,0.092
4669,2025-07-14 13:00:00,SummerHDP,13:00,0.124
4670,2025-07-14 14:00:00,SummerHDP,14:00,0.167
4671,2025-07-14 15:00:00,SummerHDP,15:00,0.215
4672,2025-07-14 16:00:00,SummerHDP,16:00,0.356
4673,2025-07-14 17:00:00,SummerHDP,17:00,0.489
4674,2025-07-14 18:00:00,SummerHDP,18:00,0.71
4675,2025-07-14 19:00:00,SummerHDP,19:00,0.788
4676,2025-07-14 20:00:00,SummerHDP,20:00,0.559
4677,2025-07-14 21:00:00,SummerHDP,21:00,0.333
4678,2025-07-14 22:00:00,SummerHDP,22:00,0.215
4679,2025-07-14 23:00:00,SummerHDP,23:00,0.149
4680,2025-07-15 00:00:00,SummerHDP,00:00,0.086
4681,2025-07-15 01:00:00,SummerHDP,01:00,0.059
4682,2025-07-15 02:00:00,SummerHDP,02:00,0.038
4683,2025-07-15 03:00:00,SummerHDP,03:00,0.025
4684,2025-07-15 04:00:00,SummerHDP,04:00,0.016
4685,2025-07-15 05:00:00,SummerHDP,05:00,0.022
4686,2025-07-15 06:00:00,SummerHDP,06:00,0.036
4687,2025-07-15 07:00:00,SummerHDP,07:00,0.021
4688,2025-07-15 08:00:00,SummerHDP,08:00,0.011
4689,2025-07-15 09:00:00,SummerHDP,09:00,0.019
4690,2025-07-15 10:00:00,SummerHDP,10:00,0.031
4691,2025-07-15 11:00:00,SummerHDP,11:00,0.061
4692,2025-07-15 12:00:00,SummerHDP,12:00,0.092
4693,2025-07-15 13:00:00,SummerHDP,13:00,0.124
4694,2025-07-15 14:00:00,SummerHDP,14:00,0.167
4695,2025-07-15 15:00:00,SummerHDP,15:00,0.215
4696,2025-07-15 16:00:00,SummerHDP,16:00,0.356
4697,2025-07-15 17:00:00,SummerHDP,17:00,0.489
4698,2025-07-15 18:00:00,SummerHDP,18:00,0.71
4699,2025-07-15 19:00:00,SummerHDP,19:00,0.788
4700,2025-07-15 20:00:00,SummerHDP,20:00,0.559
4701,2025-07-15 21:00:00,SummerHDP,21:00,0.333
4702,2025-07-15 22:00:00,SummerHDP,22:00,0.215
4703,2025-07-15 23:00:00,SummerHDP,23:00,0.149
4704,2025-07-16 00:00:00,SummerHDP,00:00,0.086
4705,2025-07-16 01:00:00,SummerHDP,01:00,0.059
4706,2025-07-16 02:00:00,SummerHDP,02:00,0.038
4707,2025-07-16 03:00:00,SummerHDP,03:00,0.025
4708,2025-07-16 04:00:00,SummerHDP,04:00,0.016
4709,2025-07-16 05:00:00,SummerHDP,05:00,0.022
4710,2025-07-16 06:00:00,SummerHDP,06:00,0.036
4711,2025-07-16 07:00:00,SummerHDP,07:00,0.021
4712,2025-07-16 08:00:00,SummerHDP,08:00,0.011
4713,2025-07-16 09:00:00,SummerHDP,09:00,0.019
4714,2025-07-16 10:00:00,SummerHDP,10:00,0.031
4715,2025-07-16 11:00:00,SummerHDP,11:00,0.061
4716,2025-07-16 12:00:00,SummerHDP,12:00,0.092
4717,2025-07-16 13:00:00,SummerHDP,13:00,0.124
4718,2025-07-16 14:00:00,SummerHDP,14:00,0.167
4719,2025-07-16 15:00:00,SummerHDP,15:00,0.215
4720,2025-07-16 16:00:00,SummerHDP,16:00,0.356
4721,2025-07-16 17:00:00,SummerHDP,17:00,0.489
4722,2025-07-16 18:00:00,SummerHDP,18:00,0.71
4723,2025-07-16 19:00:00,SummerHDP,19:00,0.788
4724,2025-07-16 20:00:00,SummerHDP,20:00,0.559
4725,2025-07-16 21:00:00,SummerHDP,21:00,0.333
4726,2025-07-16 22:00:00,SummerHDP,22:00,0.215
4727,2025-07-16 23:00:00,SummerHDP,23:00,0.149
4728,2025-07-17 00:00:00,SummerHDP,00:00,0.086
4729,2025-07-17 01:00:00,SummerHDP,01:00,0.059
4730,2025-07-17 02:00:00,SummerHDP,02:00,0.038
4731,2025-07-17 03:00:00,SummerHDP,03:00,0.025
4732,2025-07-17 04:00:00,SummerHDP,04:00,0.016
4733,2025-07-17 05:00:00,SummerHDP,05:00,0.022
4734,2025-07-17 06:00:00,SummerHDP,06:00,0.036
4735,2025-07-17 07:00:00,SummerHDP,07:00,0.021
4736,2025-07-17 08:00:00,SummerHDP,08:00,0.011
4737,2025-07-17 09:00:00,SummerHDP,09:00,0.019
4738,2025-07-17 10:00:00,SummerHDP,10:00,0.031
4739,2025-07-17 11:00:00,SummerHDP,11:00,0.061
4740,2025-07-17 12:00:00,SummerHDP,12:00,0.092
4741,2025-07-17 13:00:00,SummerHDP,13:00,0.124
4742,2025-07-17 14:00:00,SummerHDP,14:00,0.167
4743,2025-07-17 15:00:00,SummerHDP,15:00,0.215
4744,2025-07-17 16:00:00,SummerHDP,16:00,0.356
4745,2025-07-17 17:00:00,SummerHDP,17:00,0.489
4746,2025-07-17 18:00:00,SummerHDP,18:00,0.71
4747,2025-07-17 19:00:00,SummerHDP,19:00,0.788
4748,2025-07-17 20:00:00,SummerHDP,20:00,0.559
4749,2025-07-17 21:00:00,SummerHDP,21:00,0.333
4750,2025-07-17 22:00:00,SummerHDP,22:00,0.215
4751,2025-07-17 23:00:00,SummerHDP,23:00,0.149
4752,2025-07-18 00:00:00,SummerHDP,00:00,0.086
4753,2025-07-18 01:00:00,SummerHDP,01:00,0.059
4754,2025-07-18 02:00:00,SummerHDP,02:00,0.038
4755,2025-07-18 03:00:00,SummerHDP,03:00,0.025
4756,2025-07-18 04:00:00,SummerHDP,04:00,0.016
4757,2025-07-18 05:00:00,SummerHDP,05:00,0.022
4758,2025-07-18 06:00:00,SummerHDP,06:00,0.036
4759,2025-07-18 07:00:00,SummerHDP,07:00,0.021
4760,2025-07-18 08:00:00,SummerHDP,08:00,0.011
4761,2025-07-18 09:00:00,SummerHDP,09:00,0.019
4762,2025-07-18 10:00:00,SummerHDP,10:00,0.031
4763,2025-07-18 11:00:00,SummerHDP,11:00,0.061
4764,2025-07-18 12:00:00,SummerHDP,12:00,0.092
4765,2025-07-18 13:00:00,SummerHDP,13:00,0.124
4766,2025-07-18 14:00:00,SummerHDP,14:00,0.167
4767,2025-07-18 15:00:00,SummerHDP,15:00,0.215
4768,2025-07-18 16:00:00,SummerHDP,16:00,0.356
4769,2025-07-18 17:00:00,SummerHDP,17:00,0.489
4770,2025-07-18 18:00:00,SummerHDP,18:00,0.71
4771,2025-07-18 19:00:00,SummerHDP,19:00,0.788
4772,2025-07-18 20:00:00,SummerHDP,20:00,0.559
4773,2025-07-18 21:00:00,SummerHDP,21:00,0.333
4774,2025-07-18 22:00:00,SummerHDP,22:00,0.215
4775,2025-07-18 23:00:00,SummerHDP,23:00,0.149
4776,2025-07-19 00:00:00,SummerHDP,00:00,0.086
4777,2025-07-19 01:00:00,SummerHDP,01:00,0.059
4778,2025-07-19 02:00:00,SummerHDP,02:00,0.038
4779,2025-07-19 03:00:00,SummerHDP,03:00,0.025
4780,2025-07-19 04:00:00,SummerHDP,04:00,0.016
4781,2025-07-19 05:00:00,SummerHDP,05:00,0.022
4782,2025-07-19 06:00:00,SummerHDP,06:00,0.036
4783,2025-07-19 07:00:00,SummerHDP,07:00,0.021
4784,2025-07-19 08:00:00,SummerHDP,08:00,0.011
4785,2025-07-19 09:00:00,SummerHDP,09:00,0.019
4786,2025-07-19 10:00:00,SummerHDP,10:00,0.031
4787,2025-07-19 11:00:00,SummerHDP,11:00,0.061
4788,2025-07-19 12:00:00,SummerHDP,12:00,0.092
4789,2025-07-19 13:00:00,SummerHDP,13:00,0.124
4790,2025-07-19 14:00:00,SummerHDP,14:00,0.167
4791,2025-07-19 15:00:00,SummerHDP,15:00,0.215
4792,2025-07-19 16:00:00,SummerHDP,16:00,0.356
4793,2025-07-19 17:00:00,SummerHDP,17:00,0.489
4794,2025-07-19 18:00:00,SummerHDP,18:00,0.71
4795,2025-07-19 19:00:00,SummerHDP,19:00,0.788
4796,2025-07-19 20:00:00,SummerHDP,20:00,0.559
4797,2025-07-19 21:00:00,SummerHDP,21:00,0.333
4798,2025-07-19 22:00:00,SummerHDP,22:00,0.215
4799,2025-07-19 23:00:00,SummerHDP,23:00,0.149
4800,2025-07-20 00:00:00,SummerHDP,00:00,0.086
4801,2025-07-20 01:00:00,SummerHDP,01:00,0.059
4802,2025-07-20 02:00:00,SummerHDP,02:00,0.038
4803,2025-07-20 03:00:00,SummerHDP,03:00,0.025
4804,2025-07-20 04:00:00,SummerHDP,04:00,0.016
4805,2025-07-20 05:00:00,SummerHDP,05:00,0.022
4806,2025-07-20 06:00:00,SummerHDP,06:00,0.036
4807,2025-07-20 07:00:00,SummerHDP,07:00,0.021
4808,2025-07-20 08:00:00,SummerHDP,08:00,0.011
4809,2025-07-20 09:00:00,SummerHDP,09:00,0.019
4810,2025-07-20 10:00:00,SummerHDP,10:00,0.031
4811,2025-07-20 11:00:00,SummerHDP,11:00,0.061
4812,2025-07-20 12:00:00,SummerHDP,12:00,0.092
4813,2025-07-20 13:00:00,SummerHDP,13:00,0.124
4814,2025-07-20 14:00:00,SummerHDP,14:00,0.167
4815,2025-07-20 15:00:00,SummerHDP,15:00,0.215
4816,2025-07-20 16:00:00,SummerHDP,16:00,0.356
4817,2025-07-20 17:00:00,SummerHDP,17:00,0.489
4818,2025-07-20 18:00:00,SummerHDP,18:00,0.71
4819,2025-07-20 19:00:00,SummerHDP,19:00,0.788
4820,2025-07-20 20:00:00,SummerHDP,20:00,0.559
4821,2025-07-20 21:00:00,SummerHDP,21:00,0.333
4822,2025-07-20 22:00:00,SummerHDP,22:00,0.215
4823,2025-07-20 23:00:00,SummerHDP,23:00,0.149
4824,2025-07-21 00:00:00,SummerHDP,00:00,0.086
4825,2025-07-21 01:00:00,SummerHDP,01:00,0.059
4826,2025-07-21 02:00:00,SummerHDP,02:00,0.038
4827,2025-07-21 03:00:00,SummerHDP,03:00,0.025
4828,2025-07-21 04:00:00,SummerHDP,04:00,0.016
4829,2025-07-21 05:00:00,SummerHDP,05:00,0.022
4830,2025-07-21 06:00:00,SummerHDP,06:00,0.036
4831,2025-07-21 07:00:00,SummerHDP,07:00,0.021
4832,2025-07-21 08:00:00,SummerHDP,08:00,0.011
4833,2025-07-21 09:00:00,SummerHDP,09:00,0.019
4834,2025-07-21 10:00:00,SummerHDP,10:00,0.031
4835,2025-07-21 11:00:00,SummerHDP,11:00,0.061
4836,2025-07-21 12:00:00,SummerHDP,12:00,0.092
4837,2025-07-21 13:00:00,SummerHDP,13:00,0.124
4838,2025-07-21 14:00:00,SummerHDP,14:00,0.167
4839,2025-07-21 15:00:00,SummerHDP,15:00,0.215
4840,2025-07-21 16:00:00,SummerHDP,16:00,0.356
4841,2025-07-21 17:00:00,SummerHDP,17:00,0.489
4842,2025-07-21 18:00:00,SummerHDP,18:00,0.71
4843,2025-07-21 19:00:00,SummerHDP,19:00,0.788
4844,2025-07-21 20:00:00,SummerHDP,20:00,0.559
4845,2025-07-21 21:00:00,SummerHDP,21:00,0.333
4846,2025-07-21 22:00:00,SummerHDP,22:00,0.215
4847,2025-07-21 23:00:00,SummerHDP,23:00,0.149
4848,2025-07-22 00:00:00,SummerHDP,00:00,0.086
4849,2025-07-22 01:00:00,SummerHDP,01:00,0.059
4850,2025-07-22 02:00:00,SummerHDP,02:00,0.038
4851,2025-07-22 03:00:00,SummerHDP,03:00,0.025
4852,2025-07-22 04:00:00,SummerHDP,04:00,0.016
4853,2025-07-22 05:00:00,SummerHDP,05:00,0.022
4854,2025-07-22 06:00:00,SummerHDP,06:00,0.036
4855,2025-07-22 07:00:00,SummerHDP,07:00,0.021
4856,2025-07-22 08:00:00,SummerHDP,08:00,0.011
4857,2025-07-22 09:00:00,SummerHDP,09:00,0.019
4858,2025-07-22 10:00:00,SummerHDP,10:00,0.031
4859,2025-07-22 11:00:00,SummerHDP,11:00,0.061
4860,2025-07-22 12:00:00,SummerHDP,12:00,0.092
4861,2025-07-22 13:00:00,SummerHDP,13:00,0.124
4862,2025-07-22 14:00:00,SummerHDP,14:00,0.167
4863,2025-07-22 15:00:00,SummerHDP,15:00,0.215
4864,2025-07-22 16:00:00,SummerHDP,16:00,0.356
4865,2025-07-22 17:00:00,SummerHDP,17:00,0.489
4866,2025-07-22 18:00:00,SummerHDP,18:00,0.71
4867,2025-07-22 19:00:00,SummerHDP,19:00,0.788
4868,2025-07-22 20:00:00,SummerHDP,20:00,0.559
4869,2025-07-22 21:00:00,SummerHDP,21:00,0.333
4870,2025-07-22 22:00:00,SummerHDP,22:00,0.215
4871,2025-07-22 23:00:00,SummerHDP,23:00,0.149
4872,2025-07-23 00:00:00,SummerHDP,00:00,0.086
4873,2025-07-23 01:00:00,SummerHDP,01:00,0.059
4874,2025-07-23 02:00:00,SummerHDP,02:00,0.038
4875,2025-07-23 03:00:00,SummerHDP,03:00,0.025
4876,2025-07-23 04:00:00,SummerHDP,04:00,0.016
4877,2025-07-23 05:00:00,SummerHDP,05:00,0.022
4878,2025-07-23 06:00:00,SummerHDP,06:00,0.036
4879,2025-07-23 07:00:00,SummerHDP,07:00,0.021
4880,2025-07-23 08:00:00,SummerHDP,08:00,0.011
4881,2025-07-23 09:00:00,SummerHDP,09:00,0.019
4882,2025-07-23 10:00:00,SummerHDP,10:00,0.031
4883,2025-07-23 11:00:00,SummerHDP,11:00,0.061
4884,2025-07-23 12:00:00,SummerHDP,12:00,0.092
4885,2025-07-23 13:00:00,SummerHDP,13:00,0.124
4886,2025-07-23 14:00:00,SummerHDP,14:00,0.167
4887,2025-07-23 15:00:00,SummerHDP,15:00,0.215
4888,2025-07-23 16:00:00,SummerHDP,16:00,0.356
4889,2025-07-23 17:00:00,SummerHDP,17:00,0.489
4890,2025-07-23 18:00:00,SummerHDP,18:00,0.71
4891,2025-07-23 19:00:00,SummerHDP,19:00,0.788
4892,2025-07-23 20:00:00,SummerHDP,20:00,0.559
4893,2025-07-23 21:00:00,SummerHDP,21:00,0.333
4894,2025-07-23 22:00:00,SummerHDP,22:00,0.215
4895,2025-07-23 23:00:00,SummerHDP,23:00,0.149
4896,2025-07-24 00:00:00,SummerHDP,00:00,0.086
4897,2025-07-24 01:00:00,SummerHDP,01:00,0.059
4898,2025-07-24 02:00:00,SummerHDP,02:00,0.038
4899,2025-07-24 03:00:00,SummerHDP,03:00,0.025
4900,2025-07-24 04:00:00,SummerHDP,04:00,0.016
4901,2025-07-24 05:00:00,SummerHDP,05:00,0.022
4902,2025-07-24 06:00:00,SummerHDP,06:00,0.036
4903,2025-07-24 07:00:00,SummerHDP,07:00,0.021
4904,2025-07-24 08:00:00,SummerHDP,08:00,0.011
4905,2025-07-24 09:00:00,SummerHDP,09:00,0.019
4906,2025-07-24 10:00:00,SummerHDP,10:00,0.031
4907,2025-07-24 11:00:00,SummerHDP,11:00,0.061
4908,2025-07-24 12:00:00,SummerHDP,12:00,0.092
4909,2025-07-24 13:00:00,SummerHDP,13:00,0.124
4910,2025-07-24 14:00:00,SummerHDP,14:00,0.167
4911,2025-07-24 15:00:00,SummerHDP,15:00,0.215
4912,2025-07-24 16:00:00,SummerHDP,16:00,0.356
4913,2025-07-24 17:00:00,SummerHDP,17:00,0.489
4914,2025-07-24 18:00:00,SummerHDP,18:00,0.71
4915,2025-07-24 19:00:00,SummerHDP,19:00,0.788
4916,2025-07-24 20:00:00,SummerHDP,20:00,0.559
4917,2025-07-24 21:00:00,SummerHDP,21:00,0.333
4918,2025-07-24 22:00:00,SummerHDP,22:00,0.215
4919,2025-07-24 23:00:00,SummerHDP,23:00,0.149
4920,2025-07-25 00:00:00,SummerHDP,00:00,0.086
4921,2025-07-25 01:00:00,SummerHDP,01:00,0.059
4922,2025-07-25 02:00:00,SummerHDP,02:00,0.038
4923,2025-07-25 03:00:00,SummerHDP,03:00,0.025
4924,2025-07-25 04:00:00,SummerHDP,04:00,0.016
4925,2025-07-25 05:00:00,SummerHDP,05:00,0.022
4926,2025-07-25 06:00:00,SummerHDP,06:00,0.036
4927,2025-07-25 07:00:00,SummerHDP,07:00,0.021
4928,2025-07-25 08:00:00,SummerHDP,08:00,0.011
4929,2025-07-25 09:00:00,SummerHDP,09:00,0.019
4930,2025-07-25 10:00:00,SummerHDP,10:00,0.031
4931,2025-07-25 11:00:00,SummerHDP,11:00,0.061
4932,2025-07-25 12:00:00,SummerHDP,12:00,0.092
4933,2025-07-25 13:00:00,SummerHDP,13:00,0.124
4934,2025-07-25 14:00:00,SummerHDP,14:00,0.167
4935,2025-07-25 15:00:00,SummerHDP,15:00,0.215
4936,2025-07-25 16:00:00,SummerHDP,16:00,0.356
4937,2025-07-25 17:00:00,SummerHDP,17:00,0.489
4938,2025-07-25 18:00:00,SummerHDP,18:00,0.71
4939,2025-07-25 19:00:00,SummerHDP,19:00,0.788
4940,2025-07-25 20:00:00,SummerHDP,20:00,0.559
4941,2025-07-25 21:00:00,SummerHDP,21:00,0.333
4942,2025-07-25 22:00:00,SummerHDP,22:00,0.215
4943,2025-07-25 23:00:00,SummerHDP,23:00,0.149
4944,2025-07-26 00:00:00,SummerHDP,00:00,0.086
4945,2025-07-26 01:00:00,SummerHDP,01:00,0.059
4946,2025-07-26 02:00:00,SummerHDP,02:00,0.038
4947,2025-07-26 03:00:00,SummerHDP,03:00,0.025
4948,2025-07-26 04:00:00,SummerHDP,04:00,0.016
4949,2025-07-26 05:00:00,SummerHDP,05:00,0.022
4950,2025-07-26 06:00:00,SummerHDP,06:00,0.036
4951,2025-07-26 07:00:00,SummerHDP,07:00,0.021
4952,2025-07-26 08:00:00,SummerHDP,08:00,0.011
4953,2025-07-26 09:00:00,SummerHDP,09:00,0.019
4954,2025-07-26 10:00:00,SummerHDP,10:00,0.031
4955,2025-07-26 11:00:00,SummerHDP,11:00,0.061
4956,2025-07-26 12:00:00,SummerHDP,12:00,0.092
4957,2025-07-26 13:00:00,SummerHDP,13:00,0.124
4958,2025-07-26 14:00:00,SummerHDP,14:00,0.167
4959,2025-07-26 15:00:00,SummerHDP,15:00,0.215
4960,2025-07-26 16:00:00,SummerHDP,16:00,0.356
4961,2025-07-26 17:00:00,SummerHDP,17:00,0.489
4962,2025-07-26 18:00:00,SummerHDP,18:00,0.71
4963,2025-07-26 19:00:00,SummerHDP,19:00,0.788
4964,2025-07-26 20:00:00,SummerHDP,20:00,0.559
4965,2025-07-26 21:00:00,SummerHDP,21:00,0.333
4966,2025-07-26 22:00:00,SummerHDP,22:00,0.215
4967,2025-07-26 23:00:00,SummerHDP,23:00,0.149
4968,2025-07-27 00:00:00,SummerHDP,00:00,0.086
4969,2025-07-27 01:00:00,SummerHDP,01:00,0.059
4970,2025-07-27 02:00:00,SummerHDP,02:00,0.038
4971,2025-07-27 03:00:00,SummerHDP,03:00,0.025
4972,2025-07-27 04:00:00,SummerHDP,04:00,0.016
4973,2025-07-27 05:00:00,SummerHDP,05:00,0.022
4974,2025-07-27 06:00:00,SummerHDP,06:00,0.036
4975,2025-07-27 07:00:00,SummerHDP,07:00,0.021
4976,2025-07-27 08:00:00,SummerHDP,08:00,0.011
4977,2025-07-27 09:00:00,SummerHDP,09:00,0.019
4978,2025-07-27 10:00:00,SummerHDP,10:00,0.031
4979,2025-07-27 11:00:00,SummerHDP,11:00,0.061
4980,2025-07-27 12:00:00,SummerHDP,12:00,0.092
4981,2025-07-27 13:00:00,SummerHDP,13:00,0.124
4982,2025-07-27 14:00:00,SummerHDP,14:00,0.167
4983,2025-07-27 15:00:00,SummerHDP,15:00,0.215
4984,2025-07-27 16:00:00,SummerHDP,16:00,0.356
4985,2025-07-27 17:00:00,SummerHDP,17:00,0.489
4986,2025-07-27 18:00:00,SummerHDP,18:00,0.71
4987,2025-07-27 19:00:00,SummerHDP,19:00,0.788
4988,2025-07-27 20:00:00,SummerHDP,20:00,0.559
4989,2025-07-27 21:00:00,SummerHDP,21:00,0.333
4990,2025-07-27 22:00:00,SummerHDP,22:00,0.215
4991,2025-07-27 23:00:00,SummerHDP,23:00,0.149
4992,2025-07-28 00:00:00,SummerHDP,00:00,0.086
4993,2025-07-28 01:00:00,SummerHDP,01:00,0.059
4994,2025-07-28 02:00:00,SummerHDP,02:00,0.038
4995,2025-07-28 03:00:00,SummerHDP,03:00,0.025
4996,2025-07-28 04:00:00,SummerHDP,04:00,0.016
4997,2025-07-28 05:00:00,SummerHDP,05:00,0.022
4998,2025-07-28 06:00:00,SummerHDP,06:00,0.036
4999,2025-07-28 07:00:00,SummerHDP,07:00,0.021
5000,2025-07-28 08:00:00,SummerHDP,08:00,0.011
5001,2025-07-28 09:00:00,SummerHDP,09:00,0.019
5002,2025-07-28 10:00:00,SummerHDP,10:00,0.031
5003,2025-07-28 11:00:00,SummerHDP,11:00,0.061
5004,2025-07-28 12:00:00,SummerHDP,12:00,0.092
5005,2025-07-28 13:00:00,SummerHDP,13:00,0.124
5006,2025-07-28 14:00:00,SummerHDP,14:00,0.167
5007,2025-07-28 15:00:00,SummerHDP,15:00,0.215
5008,2025-07-28 16:00:00,SummerHDP,16:00,0.356
5009,2025-07-28 17:00:00,SummerHDP,17:00,0.489
5010,2025-07-28 18:00:00,SummerHDP,18:00,0.71
5011,2025-07-28 19:00:00,SummerHDP,19:00,0.788
5012,2025-07-28 20:00:00,SummerHDP,20:00,0.559
5013,2025-07-28 21:00:00,SummerHDP,21:00,0.333
5014,2025-07-28 22:00:00,SummerHDP,22:00,0.215
5015,2025-07-28 23:00:00,SummerHDP,23:00,0.149
5016,2025-07-29 00:00:00,SummerHDP,00:00,0.086
5017,2025-07-29 01:00:00,SummerHDP,01:00,0.059
5018,2025-07-29 02:00:00,SummerHDP,02:00,0.038
5019,2025-07-29 03:00:00,SummerHDP,03:00,0.025
5020,2025-07-29 04:00:00,SummerHDP,04:00,0.016
5021,2025-07-29 05:00:00,SummerHDP,05:00,0.022
5022,2025-07-29 06:00:00,SummerHDP,06:00,0.036
5023,2025-07-29 07:00:00,SummerHDP,07:00,0.021
5024,2025-07-29 08:00:00,SummerHDP,08:00,0.011
5025,2025-07-29 09:00:00,SummerHDP,09:00,0.019
5026,2025-07-29 10:00:00,SummerHDP,10:00,0.031
5027,2025-07-29 11:00:00,SummerHDP,11:00,0.061
5028,2025-07-29 12:00:00,SummerHDP,12:00,0.092
5029,2025-07-29 13:00:00,SummerHDP,13:00,0.124
5030,2025-07-29 14:00:00,SummerHDP,14:00,0.167
5031,2025-07-29 15:00:00,SummerHDP,15:00,0.215
5032,2025-07-29 16:00:00,SummerHDP,16:00,0.356
5033,2025-07-29 17:00:00,SummerHDP,17:00,0.489
5034,2025-07-29 18:00:00,SummerHDP,18:00,0.71
5035,2025-07-29 19:00:00,SummerHDP,19:00,0.788
5036,2025-07-29 20:00:00,SummerHDP,20:00,0.559
5037,2025-07-29 21:00:00,SummerHDP,21:00,0.333
5038,2025-07-29 22:00:00,SummerHDP,22:00,0.215
5039,2025-07-29 23:00:00,SummerHDP,23:00,0.149
5040,2025-07-30 00:00:00,SummerHDP,00:00,0.086
5041,2025-07-30 01:00:00,SummerHDP,01:00,0.059
5042,2025-07-30 02:00:00,SummerHDP,02:00,0.038
5043,2025-07-30 03:00:00,SummerHDP,03:00,0.025
5044,2025-07-30 04:00:00,SummerHDP,04:00,0.016
5045,2025-07-30 05:00:00,SummerHDP,05:00,0.022
5046,2025-07-30 06:00:00,SummerHDP,06:00,0.036
5047,2025-07-30 07:00:00,SummerHDP,07:00,0.021
5048,2025-07-30 08:00:00,SummerHDP,08:00,0.011
5049,2025-07-30 09:00:00,SummerHDP,09:00,0.019
5050,2025-07-30 10:00:00,SummerHDP,10:00,0.031
5051,2025-07-30 11:00:00,SummerHDP,11:00,0.061
5052,2025-07-30 12:00:00,SummerHDP,12:00,0.092
5053,2025-07-30 13:00:00,SummerHDP,13:00,0.124
5054,2025-07-30 14:00:00,SummerHDP,14:00,0.167
5055,2025-07-30 15:00:00,SummerHDP,15:00,0.215
5056,2025-07-30 16:00:00,SummerHDP,16:00,0.356
5057,2025-07-30 17:00:00,SummerHDP,17:00,0.489
5058,2025-07-30 18:00:00,SummerHDP,18:00,0.71
5059,2025-07-30 19:00:00,SummerHDP,19:00,0.788
5060,2025-07-30 20:00:00,SummerHDP,20:00,0.559
5061,2025-07-30 21:00:00,SummerHDP,21:00,0.333
5062,2025-07-30 22:00:00,SummerHDP,22:00,0.215
5063,2025-07-30 23:00:00,SummerHDP,23:00,0.149
5064,2025-07-31 00:00:00,SummerHDP,00:00,0.086
5065,2025-07-31 01:00:00,SummerHDP,01:00,0.059
5066,2025-07-31 02:00:00,SummerHDP,02:00,0.038
5067,2025-07-31 03:00:00,SummerHDP,03:00,0.025
5068,2025-07-31 04:00:00,SummerHDP,04:00,0.016
5069,2025-07-31 05:00:00,SummerHDP,05:00,0.022
5070,2025-07-31 06:00:00,SummerHDP,06:00,0.036
5071,2025-07-31 07:00:00,SummerHDP,07:00,0.021
5072,2025-07-31 08:00:00,SummerHDP,08:00,0.011
5073,2025-07-31 09:00:00,SummerHDP,09:00,0.019
5074,2025-07-31 10:00:00,SummerHDP,10:00,0.031
5075,2025-07-31 11:00:00,SummerHDP,11:00,0.061
5076,2025-07-31 12:00:00,SummerHDP,12:00,0.092
5077,2025-07-31 13:00:00,SummerHDP,13:00,0.124
5078,2025-07-31 14:00:00,SummerHDP,14:00,0.167
5079,2025-07-31 15:00:00,SummerHDP,15:00,0.215
5080,2025-07-31 16:00:00,SummerHDP,16:00,0.356
5081,2025-07-31 17:00:00,SummerHDP,17:00,0.489
5082,2025-07-31 18:00:00,SummerHDP,18:00,0.71
5083,2025-07-31 19:00:00,SummerHDP,19:00,0.788
5084,2025-07-31 20:00:00,SummerHDP,20:00,0.559
5085,2025-07-31 21:00:00,SummerHDP,21:00,0.333
5086,2025-07-31 22:00:00,SummerHDP,22:00,0.215
5087,2025-07-31 23:00:00,SummerHDP,23:00,0.149
5088,2025-08-01 00:00:00,SummerHDP,00:00,0.086
5089,2025-08-01 01:00:00,SummerHDP,01:00,0.059
5090,2025-08-01 02:00:00,SummerHDP,02:00,0.038
5091,2025-08-01 03:00:00,SummerHDP,03:00,0.025
5092,2025-08-01 04:00:00,SummerHDP,04:00,0.016
5093,2025-08-01 05:00:00,SummerHDP,05:00,0.022
5094,2025-08-01 06:00:00,SummerHDP,06:00,0.036
5095,2025-08-01 07:00:00,SummerHDP,07:00,0.021
5096,2025-08-01 08:00:00,SummerHDP,08:00,0.011
5097,2025-08-01 09:00:00,SummerHDP,09:00,0.019
5098,2025-08-01 10:00:00,SummerHDP,10:00,0.031
5099,2025-08-01 11:00:00,SummerHDP,11:00,0.061
5100,2025-08-01 12:00:00,SummerHDP,12:00,0.092
5101,2025-08-01 13:00:00,SummerHDP,13:00,0.124
5102,2025-08-01 14:00:00,SummerHDP,14:00,0.167
5103,2025-08-01 15:00:00,SummerHDP,15:00,0.215
5104,2025-08-01 16:00:00,SummerHDP,16:00,0.356
5105,2025-08-01 17:00:00,SummerHDP,17:00,0.489
5106,2025-08-01 18:00:00,SummerHDP,18:00,0.71
5107,2025-08-01 19:00:00,SummerHDP,19:00,0.788
5108,2025-08-01 20:00:00,SummerHDP,20:00,0.559
5109,2025-08-01 21:00:00,SummerHDP,21:00,0.333
5110,2025-08-01 22:00:00,SummerHDP,22:00,0.215
5111,2025-08-01 23:00:00,SummerHDP,23:00,0.149
5112,2025-08-02 00:00:00,SummerHDP,00:00,0.086
5113,2025-08-02 01:00:00,SummerHDP,01:00,0.059
5114,2025-08-02 02:00:00,SummerHDP,02:00,0.038
5115,2025-08-02 03:00:00,SummerHDP,03:00,0.025
5116,2025-08-02 04:00:00,SummerHDP,04:00,0.016
5117,2025-08-02 05:00:00,SummerHDP,05:00,0.022
5118,2025-08-02 06:00:00,SummerHDP,06:00,0.036
5119,2025-08-02 07:00:00,SummerHDP,07:00,0.021
5120,2025-08-02 08:00:00,SummerHDP,08:00,0.011
5121,2025-08-02 09:00:00,SummerHDP,09:00,0.019
5122,2025-08-02 10:00:00,SummerHDP,10:00,0.031
5123,2025-08-02 11:00:00,SummerHDP,11:00,0.061
5124,2025-08-02 12:00:00,SummerHDP,12:00,0.092
5125,2025-08-02 13:00:00,SummerHDP,13:00,0.124
5126,2025-08-02 14:00:00,SummerHDP,14:00,0.167
5127,2025-08-02 15:00:00,SummerHDP,15:00,0.215
5128,2025-08-02 16:00:00,SummerHDP,16:00,0.356
5129,2025-08-02 17:00:00,SummerHDP,17:00,0.489
5130,2025-08-02 18:00:00,SummerHDP,18:00,0.71
5131,2025-08-02 19:00:00,SummerHDP,19:00,0.788
5132,2025-08-02 20:00:00,SummerHDP,20:00,0.559
5133,2025-08-02 21:00:00,SummerHDP,21:00,0.333
5134,2025-08-02 22:00:00,SummerHDP,22:00,0.215
5135,2025-08-02 23:00:00,SummerHDP,23:00,0.149
5136,2025-08-03 00:00:00,SummerHDP,00:00,0.086
5137,2025-08-03 01:00:00,SummerHDP,01:00,0.059
5138,2025-08-03 02:00:00,SummerHDP,02:00,0.038
5139,2025-08-03 03:00:00,SummerHDP,03:00,0.025
5140,2025-08-03 04:00:00,SummerHDP,04:00,0.016
5141,2025-08-03 05:00:00,SummerHDP,05:00,0.022
5142,2025-08-03 06:00:00,SummerHDP,06:00,0.036
5143,2025-08-03 07:00:00,SummerHDP,07:00,0.021
5144,2025-08-03 08:00:00,SummerHDP,08:00,0.011
5145,2025-08-03 09:00:00,SummerHDP,09:00,0.019
5146,2025-08-03 10:00:00,SummerHDP,10:00,0.031
5147,2025-08-03 11:00:00,SummerHDP,11:00,0.061
5148,2025-08-03 12:00:00,SummerHDP,12:00,0.092
5149,2025-08-03 13:00:00,SummerHDP,13:00,0.124
5150,2025-08-03 14:00:00,SummerHDP,14:00,0.167
5151,2025-08-03 15:00:00,SummerHDP,15:00,0.215
5152,2025-08-03 16:00:00,SummerHDP,16:00,0.356
5153,2025-08-03 17:00:00,SummerHDP,17:00,0.489
5154,2025-08-03 18:00:00,SummerHDP,18:00,0.71
5155,2025-08-03 19:00:00,SummerHDP,19:00,0.788
5156,2025-08-03 20:00:00,SummerHDP,20:00,0.559
5157,2025-08-03 21:00:00,SummerHDP,21:00,0.333
5158,2025-08-03 22:00:00,SummerHDP,22:00,0.215
5159,2025-08-03 23:00:00,SummerHDP,23:00,0.149
5160,2025-08-04 00:00:00,SummerHDP,00:00,0.086
5161,2025-08-04 01:00:00,SummerHDP,01:00,0.059
5162,2025-08-04 02:00:00,SummerHDP,02:00,0.038
5163,2025-08-04 03:00:00,SummerHDP,03:00,0.025
5164,2025-08-04 04:00:00,SummerHDP,04:00,0.016
5165,2025-08-04 05:00:00,SummerHDP,05:00,0.022
5166,2025-08-04 06:00:00,SummerHDP,06:00,0.036
5167,2025-08-04 07:00:00,SummerHDP,07:00,0.021
5168,2025-08-04 08:00:00,SummerHDP,08:00,0.011
5169,2025-08-04 09:00:00,SummerHDP,09:00,0.019
5170,2025-08-04 10:00:00,SummerHDP,10:00,0.031
5171,2025-08-04 11:00:00,SummerHDP,11:00,0.061
5172,2025-08-04 12:00:00,SummerHDP,12:00,0.092
5173,2025-08-04 13:00:00,SummerHDP,13:00,0.124
5174,2025-08-04 14:00:00,SummerHDP,14:00,0.167
5175,2025-08-04 15:00:00,SummerHDP,15:00,0.215
5176,2025-08-04 16:00:00,SummerHDP,16:00,0.356
5177,2025-08-04 17:00:00,SummerHDP,17:00,0.489
5178,2025-08-04 18:00:00,SummerHDP,18:00,0.71
5179,2025-08-04 19:00:00,SummerHDP,19:00,0.788
5180,2025-08-04 20:00:00,SummerHDP,20:00,0.559
5181,2025-08-04 21:00:00,SummerHDP,21:00,0.333
5182,2025-08-04 22:00:00,SummerHDP,22:00,0.215
5183,2025-08-04 23:00:00,SummerHDP,23:00,0.149
5184,2025-08-05 00:00:00,SummerHDP,00:00,0.086
5185,2025-08-05 01:00:00,SummerHDP,01:00,0.059
5186,2025-08-05 02:00:00,SummerHDP,02:00,0.038
5187,2025-08-05 03:00:00,SummerHDP,03:00,0.025
5188,2025-08-05 04:00:00,SummerHDP,04:00,0.016
5189,2025-08-05 05:00:00,SummerHDP,05:00,0.022
5190,2025-08-05 06:00:00,SummerHDP,06:00,0.036
5191,2025-08-05 07:00:00,SummerHDP,07:00,0.021
5192,2025-08-05 08:00:00,SummerHDP,08:00,0.011
5193,2025-08-05 09:00:00,SummerHDP,09:00,0.019
5194,2025-08-05 10:00:00,SummerHDP,10:00,0.031
5195,2025-08-05 11:00:00,SummerHDP,11:00,0.061
5196,2025-08-05 12:00:00,SummerHDP,12:00,0.092
5197,2025-08-05 13:00:00,SummerHDP,13:00,0.124
5198,2025-08-05 14:00:00,SummerHDP,14:00,0.167
5199,2025-08-05 15:00:00,SummerHDP,15:00,0.215
5200,2025-08-05 16:00:00,SummerHDP,16:00,0.356
5201,2025-08-05 17:00:00,SummerHDP,17:00,0.489
5202,2025-08-05 18:00:00,SummerHDP,18:00,0.71
5203,2025-08-05 19:00:00,SummerHDP,19:00,0.788
5204,2025-08-05 20:00:00,SummerHDP,20:00,0.559
5205,2025-08-05 21:00:00,SummerHDP,21:00,0.333
5206,2025-08-05 22:00:00,SummerHDP,22:00,0.215
5207,2025-08-05 23:00:00,SummerHDP,23:00,0.149
5208,2025-08-06 00:00:00,SummerHDP,00:00,0.086
5209,2025-08-06 01:00:00,SummerHDP,01:00,0.059
5210,2025-08-06 02:00:00,SummerHDP,02:00,0.038
5211,2025-08-06 03:00:00,SummerHDP,03:00,0.025
5212,2025-08-06 04:00:00,SummerHDP,04:00,0.016
5213,2025-08-06 05:00:00,SummerHDP,05:00,0.022
5214,2025-08-06 06:00:00,SummerHDP,06:00,0.036
5215,2025-08-06 07:00:00,SummerHDP,07:00,0.021
5216,2025-08-06 08:00:00,SummerHDP,08:00,0.011
5217,2025-08-06 09:00:00,SummerHDP,09:00,0.019
5218,2025-08-06 10:00:00,SummerHDP,10:00,0.031
5219,2025-08-06 11:00:00,SummerHDP,11:00,0.061
5220,2025-08-06 12:00:00,SummerHDP,12:00,0.092
5221,2025-08-06 13:00:00,SummerHDP,13:00,0.124
5222,2025-08-06 14:00:00,SummerHDP,14:00,0.167
5223,2025-08-06 15:00:00,SummerHDP,15:00,0.215
5224,2025-08-06 16:00:00,SummerHDP,16:00,0.356
5225,2025-08-06 17:00:00,SummerHDP,17:00,0.489
5226,2025-08-06 18:00:00,SummerHDP,18:00,0.71
5227,2025-08-06 19:00:00,SummerHDP,19:00,0.788
5228,2025-08-06 20:00:00,SummerHDP,20:00,0.559
5229,2025-08-06 21:00:00,SummerHDP,21:00,0.333
5230,2025-08-06 22:00:00,SummerHDP,22:00,0.215
5231,2025-08-06 23:00:00,SummerHDP,23:00,0.149
5232,2025-08-07 00:00:00,SummerHDP,00:00,0.086
5233,2025-08-07 01:00:00,SummerHDP,01:00,0.059
5234,2025-08-07 02:00:00,SummerHDP,02:00,0.038
5235,2025-08-07 03:00:00,SummerHDP,03:00,0.025
5236,2025-08-07 04:00:00,SummerHDP,04:00,0.016
5237,2025-08-07 05:00:00,SummerHDP,05:00,0.022
5238,2025-08-07 06:00:00,SummerHDP,06:00,0.036
5239,2025-08-07 07:00:00,SummerHDP,07:00,0.021
5240,2025-08-07 08:00:00,SummerHDP,08:00,0.011
5241,2025-08-07 09:00:00,SummerHDP,09:00,0.019
5242,2025-08-07 10:00:00,SummerHDP,10:00,0.031
5243,2025-08-07 11:00:00,SummerHDP,11:00,0.061
5244,2025-08-07 12:00:00,SummerHDP,12:00,0.092
5245,2025-08-07 13:00:00,SummerHDP,13:00,0.124
5246,2025-08-07 14:00:00,SummerHDP,14:00,0.167
5247,2025-08-07 15:00:00,SummerHDP,15:00,0.215
5248,2025-08-07 16:00:00,SummerHDP,16:00,0.356
5249,2025-08-07 17:00:00,SummerHDP,17:00,0.489
5250,2025-08-07 18:00:00,SummerHDP,18:00,0.71
5251,2025-08-07 19:00:00,SummerHDP,19:00,0.788
5252,2025-08-07 20:00:00,SummerHDP,20:00,0.559
5253,2025-08-07 21:00:00,SummerHDP,21:00,0.333
5254,2025-08-07 22:00:00,SummerHDP,22:00,0.215
5255,2025-08-07 23:00:00,SummerHDP,23:00,0.149
5256,2025-08-08 00:00:00,SummerHDP,00:00,0.086
5257,2025-08-08 01:00:00,SummerHDP,01:00,0.059
5258,2025-08-08 02:00:00,SummerHDP,02:00,0.038
5259,2025-08-08 03:00:00,SummerHDP,03:00,0.025
5260,2025-08-08 04:00:00,SummerHDP,04:00,0.016
5261,2025-08-08 05:00:00,SummerHDP,05:00,0.022
5262,2025-08-08 06:00:00,SummerHDP,06:00,0.036
5263,2025-08-08 07:00:00,SummerHDP,07:00,0.021
5264,2025-08-08 08:00:00,SummerHDP,08:00,0.011
5265,2025-08-08 09:00:00,SummerHDP,09:00,0.019
5266,2025-08-08 10:00:00,SummerHDP,10:00,0.031
5267,2025-08-08 11:00:00,SummerHDP,11:00,0.061
5268,2025-08-08 12:00:00,SummerHDP,12:00,0.092
5269,2025-08-08 13:00:00,SummerHDP,13:00,0.124
5270,2025-08-08 14:00:00,SummerHDP,14:00,0.167
5271,2025-08-08 15:00:00,SummerHDP,15:00,0.215
5272,2025-08-08 16:00:00,SummerHDP,16:00,0.356
5273,2025-08-08 17:00:00,SummerHDP,17:00,0.489
5274,2025-08-08 18:00:00,SummerHDP,18:00,0.71
5275,2025-08-08 19:00:00,SummerHDP,19:00,0.788
5276,2025-08-08 20:00:00,SummerHDP,20:00,0.559
5277,2025-08-08 21:00:00,SummerHDP,21:00,0.333
5278,2025-08-08 22:00:00,SummerHDP,22:00,0.215
5279,2025-08-08 23:00:00,SummerHDP,23:00,0.149
5280,2025-08-09 00:00:00,SummerHDP,00:00,0.086
5281,2025-08-09 01:00:00,SummerHDP,01:00,0.059
5282,2025-08-09 02:00:00,SummerHDP,02:00,0.038
5283,2025-08-09 03:00:00,SummerHDP,03:00,0.025
5284,2025-08-09 04:00:00,SummerHDP,04:00,0.016
5285,2025-08-09 05:00:00,SummerHDP,05:00,0.022
5286,2025-08-09 06:00:00,SummerHDP,06:00,0.036
5287,2025-08-09 07:00:00,SummerHDP,07:00,0.021
5288,2025-08-09 08:00:00,SummerHDP,08:00,0.011
5289,2025-08-09 09:00:00,SummerHDP,09:00,0.019
5290,2025-08-09 10:00:00,SummerHDP,10:00,0.031
5291,2025-08-09 11:00:00,SummerHDP,11:00,0.061
5292,2025-08-09 12:00:00,SummerHDP,12:00,0.092
5293,2025-08-09 13:00:00,SummerHDP,13:00,0.124
5294,2025-08-09 14:00:00,SummerHDP,14:00,0.167
5295,2025-08-09 15:00:00,SummerHDP,15:00,0.215
5296,2025-08-09 16:00:00,SummerHDP,16:00,0.356
5297,2025-08-09 17:00:00,SummerHDP,17:00,0.489
5298,2025-08-09 18:00:00,SummerHDP,18:00,0.71
5299,2025-08-09 19:00:00,SummerHDP,19:00,0.788
5300,2025-08-09 20:00:00,SummerHDP,20:00,0.559
5301,2025-08-09 21:00:00,SummerHDP,21:00,0.333
5302,2025-08-09 22:00:00,SummerHDP,22:00,0.215
5303,2025-08-09 23:00:00,SummerHDP,23:00,0.149
5304,2025-08-10 00:00:00,SummerHDP,00:00,0.086
5305,2025-08-10 01:00:00,SummerHDP,01:00,0.059
5306,2025-08-10 02:00:00,SummerHDP,02:00,0.038
5307,2025-08-10 03:00:00,SummerHDP,03:00,0.025
5308,2025-08-10 04:00:00,SummerHDP,04:00,0.016
5309,2025-08-10 05:00:00,SummerHDP,05:00,0.022
5310,2025-08-10 06:00:00,SummerHDP,06:00,0.036
5311,2025-08-10 07:00:00,SummerHDP,07:00,0.021
5312,2025-08-10 08:00:00,SummerHDP,08:00,0.011
5313,2025-08-10 09:00:00,SummerHDP,09:00,0.019
5314,2025-08-10 10:00:00,SummerHDP,10:00,0.031
5315,2025-08-10 11:00:00,SummerHDP,11:00,0.061
5316,2025-08-10 12:00:00,SummerHDP,12:00,0.092
5317,2025-08-10 13:00:00,SummerHDP,13:00,0.124
5318,2025-08-10 14:00:00,SummerHDP,14:00,0.167
5319,2025-08-10 15:00:00,SummerHDP,15:00,0.215
5320,2025-08-10 16:00:00,SummerHDP,16:00,0.356
5321,2025-08-10 17:00:00,SummerHDP,17:00,0.489
5322,2025-08-10 18:00:00,SummerHDP,18:00,0.71
5323,2025-08-10 19:00:00,SummerHDP,19:00,0.788
5324,2025-08-10 20:00:00,SummerHDP,20:00,0.559
5325,2025-08-10 21:00:00,SummerHDP,21:00,0.333
5326,2025-08-10 22:00:00,SummerHDP,22:00,0.215
5327,2025-08-10 23:00:00,SummerHDP,23:00,0.149
5328,2025-08-11 00:00:00,SummerHDP,00:00,0.086
5329,2025-08-11 01:00:00,SummerHDP,01:00,0.059
5330,2025-08-11 02:00:00,SummerHDP,02:00,0.038
5331,2025-08-11 03:00:00,SummerHDP,03:00,0.025
5332,2025-08-11 04:00:00,SummerHDP,04:00,0.016
5333,2025-08-11 05:00:00,SummerHDP,05:00,0.022
5334,2025-08-11 06:00:00,SummerHDP,06:00,0.036
5335,2025-08-11 07:00:00,SummerHDP,07:00,0.021
5336,2025-08-11 08:00:00,SummerHDP,08:00,0.011
5337,2025-08-11 09:00:00,SummerHDP,09:00,0.019
5338,2025-08-11 10:00:00,SummerHDP,10:00,0.031
5339,2025-08-11 11:00:00,SummerHDP,11:00,0.061
5340,2025-08-11 12:00:00,SummerHDP,12:00,0.092
5341,2025-08-11 13:00:00,SummerHDP,13:00,0.124
5342,2025-08-11 14:00:00,SummerHDP,14:00,0.167
5343,2025-08-11 15:00:00,SummerHDP,15:00,0.215
5344,2025-08-11 16:00:00,SummerHDP,16:00,0.356
5345,2025-08-11 17:00:00,SummerHDP,17:00,0.489
5346,2025-08-11 18:00:00,SummerHDP,18:00,0.71
5347,2025-08-11 19:00:00,SummerHDP,19:00,0.788
5348,2025-08-11 20:00:00,SummerHDP,20:00,0.559
5349,2025-08-11 21:00:00,SummerHDP,21:00,0.333
5350,2025-08-11 22:00:00,SummerHDP,22:00,0.215
5351,2025-08-11 23:00:00,SummerHDP,23:00,0.149
5352,2025-08-12 00:00:00,SummerHDP,00:00,0.086
5353,2025-08-12 01:00:00,SummerHDP,01:00,0.059
5354,2025-08-12 02:00:00,SummerHDP,02:00,0.038
5355,2025-08-12 03:00:00,SummerHDP,03:00,0.025
5356,2025-08-12 04:00:00,SummerHDP,04:00,0.016
5357,2025-08-12 05:00:00,SummerHDP,05:00,0.022
5358,2025-08-12 06:00:00,SummerHDP,06:00,0.036
5359,2025-08-12 07:00:00,SummerHDP,07:00,0.021
5360,2025-08-12 08:00:00,SummerHDP,08:00,0.011
5361,2025-08-12 09:00:00,SummerHDP,09:00,0.019
5362,2025-08-12 10:00:00,SummerHDP,10:00,0.031
5363,2025-08-12 11:00:00,SummerHDP,11:00,0.061
5364,2025-08-12 12:00:00,SummerHDP,12:00,0.092
5365,2025-08-12 13:00:00,SummerHDP,13:00,0.124
5366,2025-08-12 14:00:00,SummerHDP,14:00,0.167
5367,2025-08-12 15:00:00,SummerHDP,15:00,0.215
5368,2025-08-12 16:00:00,SummerHDP,16:00,0.356
5369,2025-08-12 17:00:00,SummerHDP,17:00,0.489
5370,2025-08-12 18:00:00,SummerHDP,18:00,0.71
5371,2025-08-12 19:00:00,SummerHDP,19:00,0.788
5372,2025-08-12 20:00:00,SummerHDP,20:00,0.559
5373,2025-08-12 21:00:00,SummerHDP,21:00,0.333
5374,2025-08-12 22:00:00,SummerHDP,22:00,0.215
5375,2025-08-12 23:00:00,SummerHDP,23:00,0.149
5376,2025-08-13 00:00:00,SummerHDP,00:00,0.086
5377,2025-08-13 01:00:00,SummerHDP,01:00,0.059
5378,2025-08-13 02:00:00,SummerHDP,02:00,0.038
5379,2025-08-13 03:00:00,SummerHDP,03:00,0.025
5380,2025-08-13 04:00:00,SummerHDP,04:00,0.016
5381,2025-08-13 05:00:00,SummerHDP,05:00,0.022
5382,2025-08-13 06:00:00,SummerHDP,06:00,0.036
5383,2025-08-13 07:00:00,SummerHDP,07:00,0.021
5384,2025-08-13 08:00:00,SummerHDP,08:00,0.011
5385,2025-08-13 09:00:00,SummerHDP,09:00,0.019
5386,2025-08-13 10:00:00,SummerHDP,10:00,0.031
5387,2025-08-13 11:00:00,SummerHDP,11:00,0.061
5388,2025-08-13 12:00:00,SummerHDP,12:00,0.092
5389,2025-08-13 13:00:00,SummerHDP,13:00,0.124
5390,2025-08-13 14:00:00,SummerHDP,14:00,0.167
5391,2025-08-13 15:00:00,SummerHDP,15:00,0.215
5392,2025-08-13 16:00:00,SummerHDP,16:00,0.356
5393,2025-08-13 17:00:00,SummerHDP,17:00,0.489
5394,2025-08-13 18:00:00,SummerHDP,18:00,0.71
5395,2025-08-13 19:00:00,SummerHDP,19:00,0.788
5396,2025-08-13 20:00:00,SummerHDP,20:00,0.559
5397,2025-08-13 21:00:00,SummerHDP,21:00,0.333
5398,2025-08-13 22:00:00,SummerHDP,22:00,0.215
5399,2025-08-13 23:00:00,SummerHDP,23:00,0.149
5400,2025-08-14 00:00:00,SummerHDP,00:00,0.086
5401,2025-08-14 01:00:00,SummerHDP,01:00,0.059
5402,2025-08-14 02:00:00,SummerHDP,02:00,0.038
5403,2025-08-14 03:00:00,SummerHDP,03:00,0.025
5404,2025-08-14 04:00:00,SummerHDP,04:00,0.016
5405,2025-08-14 05:00:00,SummerHDP,05:00,0.022
5406,2025-08-14 06:00:00,SummerHDP,06:00,0.036
5407,2025-08-14 07:00:00,SummerHDP,07:00,0.021
5408,2025-08-14 08:00:00,SummerHDP,08:00,0.011
5409,2025-08-14 09:00:00,SummerHDP,09:00,0.019
5410,2025-08-14 10:00:00,SummerHDP,10:00,0.031
5411,2025-08-14 11:00:00,SummerHDP,11:00,0.061
5412,2025-08-14 12:00:00,SummerHDP,12:00,0.092
5413,2025-08-14 13:00:00,SummerHDP,13:00,0.124
5414,2025-08-14 14:00:00,SummerHDP,14:00,0.167
5415,2025-08-14 15:00:00,SummerHDP,15:00,0.215
5416,2025-08-14 16:00:00,SummerHDP,16:00,0.356
5417,2025-08-14 17:00:00,SummerHDP,17:00,0.489
5418,2025-08-14 18:00:00,SummerHDP,18:00,0.71
5419,2025-08-14 19:00:00,SummerHDP,19:00,0.788
5420,2025-08-14 20:00:00,SummerHDP,20:00,0.559
5421,2025-08-14 21:00:00,SummerHDP,21:00,0.333
5422,2025-08-14 22:00:00,SummerHDP,22:00,0.215
5423,2025-08-14 23:00:00,SummerHDP,23:00,0.149
5424,2025-08-15 00:00:00,SummerHDP,00:00,0.086
5425,2025-08-15 01:00:00,SummerHDP,01:00,0.059
5426,2025-08-15 02:00:00,SummerHDP,02:00,0.038
5427,2025-08-15 03:00:00,SummerHDP,03:00,0.025
5428,2025-08-15 04:00:00,SummerHDP,04:00,0.016
5429,2025-08-15 05:00:00,SummerHDP,05:00,0.022
5430,2025-08-15 06:00:00,SummerHDP,06:00,0.036
5431,2025-08-15 07:00:00,SummerHDP,07:00,0.021
5432,2025-08-15 08:00:00,SummerHDP,08:00,0.011
5433,2025-08-15 09:00:00,SummerHDP,09:00,0.019
5434,2025-08-15 10:00:00,SummerHDP,10:00,0.031
5435,2025-08-15 11:00:00,SummerHDP,11:00,0.061
5436,2025-08-15 12:00:00,SummerHDP,12:00,0.092
5437,2025-08-15 13:00:00,SummerHDP,13:00,0.124
5438,2025-08-15 14:00:00,SummerHDP,14:00,0.167
5439,2025-08-15 15:00:00,SummerHDP,15:00,0.215
5440,2025-08-15 16:00:00,SummerHDP,16:00,0.356
5441,2025-08-15 17:00:00,SummerHDP,17:00,0.489
5442,2025-08-15 18:00:00,SummerHDP,18:00,0.71
5443,2025-08-15 19:00:00,SummerHDP,19:00,0.788
5444,2025-08-15 20:00:00,SummerHDP,20:00,0.559
5445,2025-08-15 21:00:00,SummerHDP,21:00,0.333
5446,2025-08-15 22:00:00,SummerHDP,22:00,0.215
5447,2025-08-15 23:00:00,SummerHDP,23:00,0.149
5448,2025-08-16 00:00:00,SummerHDP,00:00,0.086
5449,2025-08-16 01:00:00,SummerHDP,01:00,0.059
5450,2025-08-16 02:00:00,SummerHDP,02:00,0.038
5451,2025-08-16 03:00:00,SummerHDP,03:00,0.025
5452,2025-08-16 04:00:00,SummerHDP,04:00,0.016
5453,2025-08-16 05:00:00,SummerHDP,05:00,0.022
5454,2025-08-16 06:00:00,SummerHDP,06:00,0.036
5455,2025-08-16 07:00:00,SummerHDP,07:00,0.021
5456,2025-08-16 08:00:00,SummerHDP,08:00,0.011
5457,2025-08-16 09:00:00,SummerHDP,09:00,0.019
5458,2025-08-16 10:00:00,SummerHDP,10:00,0.031
5459,2025-08-16 11:00:00,SummerHDP,11:00,0.061
5460,2025-08-16 12:00:00,SummerHDP,12:00,0.092
5461,2025-08-16 13:00:00,SummerHDP,13:00,0.124
5462,2025-08-16 14:00:00,SummerHDP,14:00,0.167
5463,2025-08-16 15:00:00,SummerHDP,15:00,0.215
5464,2025-08-16 16:00:00,SummerHDP,16:00,0.356
5465,2025-08-16 17:00:00,SummerHDP,17:00,0.489
5466,2025-08-16 18:00:00,SummerHDP,18:00,0.71
5467,2025-08-16 19:00:00,SummerHDP,19:00,0.788
5468,2025-08-16 20:00:00,SummerHDP,20:00,0.559
5469,2025-08-16 21:00:00,SummerHDP,21:00,0.333
5470,2025-08-16 22:00:00,SummerHDP,22:00,0.215
5471,2025-08-16 23:00:00,SummerHDP,23:00,0.149
5472,2025-08-17 00:00:00,SummerHDP,00:00,0.086
5473,2025-08-17 01:00:00,SummerHDP,01:00,0.059
5474,2025-08-17 02:00:00,SummerHDP,02:00,0.038
5475,2025-08-17 03:00:00,SummerHDP,03:00,0.025
5476,2025-08-17 04:00:00,SummerHDP,04:00,0.016
5477,2025-08-17 05:00:00,SummerHDP,05:00,0.022
5478,2025-08-17 06:00:00,SummerHDP,06:00,0.036
5479,2025-08-17 07:00:00,SummerHDP,07:00,0.021
5480,2025-08-17 08:00:00,SummerHDP,08:00,0.011
5481,2025-08-17 09:00:00,SummerHDP,09:00,0.019
5482,2025-08-17 10:00:00,SummerHDP,10:00,0.031
5483,2025-08-17 11:00:00,SummerHDP,11:00,0.061
5484,2025-08-17 12:00:00,SummerHDP,12:00,0.092
5485,2025-08-17 13:00:00,SummerHDP,13:00,0.124
5486,2025-08-17 14:00:00,SummerHDP,14:00,0.167
5487,2025-08-17 15:00:00,SummerHDP,15:00,0.215
5488,2025-08-17 16:00:00,SummerHDP,16:00,0.356
5489,2025-08-17 17:00:00,SummerHDP,17:00,0.489
5490,2025-08-17 18:00:00,SummerHDP,18:00,0.71
5491,2025-08-17 19:00:00,SummerHDP,19:00,0.788
5492,2025-08-17 20:00:00,SummerHDP,20:00,0.559
5493,2025-08-17 21:00:00,SummerHDP,21:00,0.333
5494,2025-08-17 22:00:00,SummerHDP,22:00,0.215
5495,2025-08-17 23:00:00,SummerHDP,23:00,0.149
5496,2025-08-18 00:00:00,SummerHDP,00:00,0.086
5497,2025-08-18 01:00:00,SummerHDP,01:00,0.059
5498,2025-08-18 02:00:00,SummerHDP,02:00,0.038
5499,2025-08-18 03:00:00,SummerHDP,03:00,0.025
5500,2025-08-18 04:00:00,SummerHDP,04:00,0.016
5501,2025-08-18 05:00:00,SummerHDP,05:00,0.022
5502,2025-08-18 06:00:00,SummerHDP,06:00,0.036
5503,2025-08-18 07:00:00,SummerHDP,07:00,0.021
5504,2025-08-18 08:00:00,SummerHDP,08:00,0.011
5505,2025-08-18 09:00:00,SummerHDP,09:00,0.019
5506,2025-08-18 10:00:00,SummerHDP,10:00,0.031
5507,2025-08-18 11:00:00,SummerHDP,11:00,0.061
5508,2025-08-18 12:00:00,SummerHDP,12:00,0.092
5509,2025-08-18 13:00:00,SummerHDP,13:00,0.124
5510,2025-08-18 14:00:00,SummerHDP,14:00,0.167
5511,2025-08-18 15:00:00,SummerHDP,15:00,0.215
5512,2025-08-18 16:00:00,SummerHDP,16:00,0.356
5513,2025-08-18 17:00:00,SummerHDP,17:00,0.489
5514,2025-08-18 18:00:00,SummerHDP,18:00,0.71
5515,2025-08-18 19:00:00,SummerHDP,19:00,0.788
5516,2025-08-18 20:00:00,SummerHDP,20:00,0.559
5517,2025-08-18 21:00:00,SummerHDP,21:00,0.333
5518,2025-08-18 22:00:00,SummerHDP,22:00,0.215
5519,2025-08-18 23:00:00,SummerHDP,23:00,0.149
5520,2025-08-19 00:00:00,SummerHDP,00:00,0.086
5521,2025-08-19 01:00:00,SummerHDP,01:00,0.059
5522,2025-08-19 02:00:00,SummerHDP,02:00,0.038
5523,2025-08-19 03:00:00,SummerHDP,03:00,0.025
5524,2025-08-19 04:00:00,SummerHDP,04:00,0.016
5525,2025-08-19 05:00:00,SummerHDP,05:00,0.022
5526,2025-08-19 06:00:00,SummerHDP,06:00,0.036
5527,2025-08-19 07:00:00,SummerHDP,07:00,0.021
5528,2025-08-19 08:00:00,SummerHDP,08:00,0.011
5529,2025-08-19 09:00:00,SummerHDP,09:00,0.019
5530,2025-08-19 10:00:00,SummerHDP,10:00,0.031
5531,2025-08-19 11:00:00,SummerHDP,11:00,0.061
5532,2025-08-19 12:00:00,SummerHDP,12:00,0.092
5533,2025-08-19 13:00:00,SummerHDP,13:00,0.124
5534,2025-08-19 14:00:00,SummerHDP,14:00,0.167
5535,2025-08-19 15:00:00,SummerHDP,15:00,0.215
5536,2025-08-19 16:00:00,SummerHDP,16:00,0.356
5537,2025-08-19 17:00:00,SummerHDP,17:00,0.489
5538,2025-08-19 18:00:00,SummerHDP,18:00,0.71
5539,2025-08-19 19:00:00,SummerHDP,19:00,0.788
5540,2025-08-19 20:00:00,SummerHDP,20:00,0.559
5541,2025-08-19 21:00:00,SummerHDP,21:00,0.333
5542,2025-08-19 22:00:00,SummerHDP,22:00,0.215
5543,2025-08-19 23:00:00,SummerHDP,23:00,0.149
5544,2025-08-20 00:00:00,SummerHDP,00:00,0.086
5545,2025-08-20 01:00:00,SummerHDP,01:00,0.059
5546,2025-08-20 02:00:00,SummerHDP,02:00,0.038
5547,2025-08-20 03:00:00,SummerHDP,03:00,0.025
5548,2025-08-20 04:00:00,SummerHDP,04:00,0.016
5549,2025-08-20 05:00:00,SummerHDP,05:00,0.022
5550,2025-08-20 06:00:00,SummerHDP,06:00,0.036
5551,2025-08-20 07:00:00,SummerHDP,07:00,0.021
5552,2025-08-20 08:00:00,SummerHDP,08:00,0.011
5553,2025-08-20 09:00:00,SummerHDP,09:00,0.019
5554,2025-08-20 10:00:00,SummerHDP,10:00,0.031
5555,2025-08-20 11:00:00,SummerHDP,11:00,0.061
5556,2025-08-20 12:00:00,SummerHDP,12:00,0.092
5557,2025-08-20 13:00:00,SummerHDP,13:00,0.124
5558,2025-08-20 14:00:00,SummerHDP,14:00,0.167
5559,2025-08-20 15:00:00,SummerHDP,15:00,0.215
5560,2025-08-20 16:00:00,SummerHDP,16:00,0.356
5561,2025-08-20 17:00:00,SummerHDP,17:00,0.489
5562,2025-08-20 18:00:00,SummerHDP,18:00,0.71
5563,2025-08-20 19:00:00,SummerHDP,19:00,0.788
5564,2025-08-20 20:00:00,SummerHDP,20:00,0.559
5565,2025-08-20 21:00:00,SummerHDP,21:00,0.333
5566,2025-08-20 22:00:00,SummerHDP,22:00,0.215
5567,2025-08-20 23:00:00,SummerHDP,23:00,0.149
5568,2025-08-21 00:00:00,SummerHDP,00:00,0.086
5569,2025-08-21 01:00:00,SummerHDP,01:00,0.059
5570,2025-08-21 02:00:00,SummerHDP,02:00,0.038
5571,2025-08-21 03:00:00,SummerHDP,03:00,0.025
5572,2025-08-21 04:00:00,SummerHDP,04:00,0.016
5573,2025-08-21 05:00:00,SummerHDP,05:00,0.022
5574,2025-08-21 06:00:00,SummerHDP,06:00,0.036
5575,2025-08-21 07:00:00,SummerHDP,07:00,0.021
5576,2025-08-21 08:00:00,SummerHDP,08:00,0.011
5577,2025-08-21 09:00:00,SummerHDP,09:00,0.019
5578,2025-08-21 10:00:00,SummerHDP,10:00,0.031
5579,2025-08-21 11:00:00,SummerHDP,11:00,0.061
5580,2025-08-21 12:00:00,SummerHDP,12:00,0.092
5581,2025-08-21 13:00:00,SummerHDP,13:00,0.124
5582,2025-08-21 14:00:00,SummerHDP,14:00,0.167
5583,2025-08-21 15:00:00,SummerHDP,15:00,0.215
5584,2025-08-21 16:00:00,SummerHDP,16:00,0.356
5585,2025-08-21 17:00:00,SummerHDP,17:00,0.489
5586,2025-08-21 18:00:00,SummerHDP,18:00,0.71
5587,2025-08-21 19:00:00,SummerHDP,19:00,0.788
5588,2025-08-21 20:00:00,SummerHDP,20:00,0.559
5589,2025-08-21 21:00:00,SummerHDP,21:00,0.333
5590,2025-08-21 22:00:00,SummerHDP,22:00,0.215
5591,2025-08-21 23:00:00,SummerHDP,23:00,0.149
5592,2025-08-22 00:00:00,SummerHDP,00:00,0.086
5593,2025-08-22 01:00:00,SummerHDP,01:00,0.059
5594,2025-08-22 02:00:00,SummerHDP,02:00,0.038
5595,2025-08-22 03:00:00,SummerHDP,03:00,0.025
5596,2025-08-22 04:00:00,SummerHDP,04:00,0.016
5597,2025-08-22 05:00:00,SummerHDP,05:00,0.022
5598,2025-08-22 06:00:00,SummerHDP,06:00,0.036
5599,2025-08-22 07:00:00,SummerHDP,07:00,0.021
5600,2025-08-22 08:00:00,SummerHDP,08:00,0.011
5601,2025-08-22 09:00:00,SummerHDP,09:00,0.019
5602,2025-08-22 10:00:00,SummerHDP,10:00,0.031
5603,2025-08-22 11:00:00,SummerHDP,11:00,0.061
5604,2025-08-22 12:00:00,SummerHDP,12:00,0.092
5605,2025-08-22 13:00:00,SummerHDP,13:00,0.124
5606,2025-08-22 14:00:00,SummerHDP,14:00,0.167
5607,2025-08-22 15:00:00,SummerHDP,15:00,0.215
5608,2025-08-22 16:00:00,SummerHDP,16:00,0.356
5609,2025-08-22 17:00:00,SummerHDP,17:00,0.489
5610,2025-08-22 18:00:00,SummerHDP,18:00,0.71
5611,2025-08-22 19:00:00,SummerHDP,19:00,0.788
5612,2025-08-22 20:00:00,SummerHDP,20:00,0.559
5613,2025-08-22 21:00:00,SummerHDP,21:00,0.333
5614,2025-08-22 22:00:00,SummerHDP,22:00,0.215
5615,2025-08-22 23:00:00,SummerHDP,23:00,0.149
5616,2025-08-23 00:00:00,SummerHDP,00:00,0.086
5617,2025-08-23 01:00:00,SummerHDP,01:00,0.059
5618,2025-08-23 02:00:00,SummerHDP,02:00,0.038
5619,2025-08-23 03:00:00,SummerHDP,03:00,0.025
5620,2025-08-23 04:00:00,SummerHDP,04:00,0.016
5621,2025-08-23 05:00:00,SummerHDP,05:00,0.022
5622,2025-08-23 06:00:00,SummerHDP,06:00,0.036
5623,2025-08-23 07:00:00,SummerHDP,07:00,0.021
5624,2025-08-23 08:00:00,SummerHDP,08:00,0.011
5625,2025-08-23 09:00:00,SummerHDP,09:00,0.019
5626,2025-08-23 10:00:00,SummerHDP,10:00,0.031
5627,2025-08-23 11:00:00,SummerHDP,11:00,0.061
5628,2025-08-23 12:00:00,SummerHDP,12:00,0.092
5629,2025-08-23 13:00:00,SummerHDP,13:00,0.124
5630,2025-08-23 14:00:00,SummerHDP,14:00,0.167
5631,2025-08-23 15:00:00,SummerHDP,15:00,0.215
5632,2025-08-23 16:00:00,SummerHDP,16:00,0.356
5633,2025-08-23 17:00:00,SummerHDP,17:00,0.489
5634,2025-08-23 18:00:00,SummerHDP,18:00,0.71
5635,2025-08-23 19:00:00,SummerHDP,19:00,0.788
5636,2025-08-23 20:00:00,SummerHDP,20:00,0.559
5637,2025-08-23 21:00:00,SummerHDP,21:00,0.333
5638,2025-08-23 22:00:00,SummerHDP,22:00,0.215
5639,2025-08-23 23:00:00,SummerHDP,23:00,0.149
5640,2025-08-24 00:00:00,SummerHDP,00:00,0.086
5641,2025-08-24 01:00:00,SummerHDP,01:00,0.059
5642,2025-08-24 02:00:00,SummerHDP,02:00,0.038
5643,2025-08-24 03:00:00,SummerHDP,03:00,0.025
5644,2025-08-24 04:00:00,SummerHDP,04:00,0.016
5645,2025-08-24 05:00:00,SummerHDP,05:00,0.022
5646,2025-08-24 06:00:00,SummerHDP,06:00,0.036
5647,2025-08-24 07:00:00,SummerHDP,07:00,0.021
5648,2025-08-24 08:00:00,SummerHDP,08:00,0.011
5649,2025-08-24 09:00:00,SummerHDP,09:00,0.019
5650,2025-08-24 10:00:00,SummerHDP,10:00,0.031
5651,2025-08-24 11:00:00,SummerHDP,11:00,0.061
5652,2025-08-24 12:00:00,SummerHDP,12:00,0.092
5653,2025-08-24 13:00:00,SummerHDP,13:00,0.124
5654,2025-08-24 14:00:00,SummerHDP,14:00,0.167
5655,2025-08-24 15:00:00,SummerHDP,15:00,0.215
5656,2025-08-24 16:00:00,SummerHDP,16:00,0.356
5657,2025-08-24 17:00:00,SummerHDP,17:00,0.489
5658,2025-08-24 18:00:00,SummerHDP,18:00,0.71
5659,2025-08-24 19:00:00,SummerHDP,19:00,0.788
5660,2025-08-24 20:00:00,SummerHDP,20:00,0.559
5661,2025-08-24 21:00:00,SummerHDP,21:00,0.333
5662,2025-08-24 22:00:00,SummerHDP,22:00,0.215
5663,2025-08-24 23:00:00,SummerHDP,23:00,0.149
5664,2025-08-25 00:00:00,SummerHDP,00:00,0.086
5665,2025-08-25 01:00:00,SummerHDP,01:00,0.059
5666,2025-08-25 02:00:00,SummerHDP,02:00,0.038
5667,2025-08-25 03:00:00,SummerHDP,03:00,0.025
5668,2025-08-25 04:00:00,SummerHDP,04:00,0.016
5669,2025-08-25 05:00:00,SummerHDP,05:00,0.022
5670,2025-08-25 06:00:00,SummerHDP,06:00,0.036
5671,2025-08-25 07:00:00,SummerHDP,07:00,0.021
5672,2025-08-25 08:00:00,SummerHDP,08:00,0.011
5673,2025-08-25 09:00:00,SummerHDP,09:00,0.019
5674,2025-08-25 10:00:00,SummerHDP,10:00,0.031
5675,2025-08-25 11:00:00,SummerHDP,11:00,0.061
5676,2025-08-25 12:00:00,SummerHDP,12:00,0.092
5677,2025-08-25 13:00:00,SummerHDP,13:00,0.124
5678,2025-08-25 14:00:00,SummerHDP,14:00,0.167
5679,2025-08-25 15:00:00,SummerHDP,15:00,0.215
5680,2025-08-25 16:00:00,SummerHDP,16:00,0.356
5681,2025-08-25 17:00:00,SummerHDP,17:00,0.489
5682,2025-08-25 18:00:00,SummerHDP,18:00,0.71
5683,2025-08-25 19:00:00,SummerHDP,19:00,0.788
5684,2025-08-25 20:00:00,SummerHDP,20:00,0.559
5685,2025-08-25 21:00:00,SummerHDP,21:00,0.333
5686,2025-08-25 22:00:00,SummerHDP,22:00,0.215
5687,2025-08-25 23:00:00,SummerHDP,23:00,0.149
5688,2025-08-26 00:00:00,SummerHDP,00:00,0.086
5689,2025-08-26 01:00:00,SummerHDP,01:00,0.059
5690,2025-08-26 02:00:00,SummerHDP,02:00,0.038
5691,2025-08-26 03:00:00,SummerHDP,03:00,0.025
5692,2025-08-26 04:00:00,SummerHDP,04:00,0.016
5693,2025-08-26 05:00:00,SummerHDP,05:00,0.022
5694,2025-08-26 06:00:00,SummerHDP,06:00,0.036
5695,2025-08-26 07:00:00,SummerHDP,07:00,0.021
5696,2025-08-26 08:00:00,SummerHDP,08:00,0.011
5697,2025-08-26 09:00:00,SummerHDP,09:00,0.019
5698,2025-08-26 10:00:00,SummerHDP,10:00,0.031
5699,2025-08-26 11:00:00,SummerHDP,11:00,0.061
5700,2025-08-26 12:00:00,SummerHDP,12:00,0.092
5701,2025-08-26 13:00:00,SummerHDP,13:00,0.124
5702,2025-08-26 14:00:00,SummerHDP,14:00,0.167
5703,2025-08-26 15:00:00,SummerHDP,15:00,0.215
5704,2025-08-26 16:00:00,SummerHDP,16:00,0.356
5705,2025-08-26 17:00:00,SummerHDP,17:00,0.489
5706,2025-08-26 18:00:00,SummerHDP,18:00,0.71
5707,2025-08-26 19:00:00,SummerHDP,19:00,0.788
5708,2025-08-26 20:00:00,SummerHDP,20:00,0.559
5709,2025-08-26 21:00:00,SummerHDP,21:00,0.333
5710,2025-08-26 22:00:00,SummerHDP,22:00,0.215
5711,2025-08-26 23:00:00,SummerHDP,23:00,0.149
5712,2025-08-27 00:00:00,SummerHDP,00:00,0.086
5713,2025-08-27 01:00:00,SummerHDP,01:00,0.059
5714,2025-08-27 02:00:00,SummerHDP,02:00,0.038
5715,2025-08-27 03:00:00,SummerHDP,03:00,0.025
5716,2025-08-27 04:00:00,SummerHDP,04:00,0.016
5717,2025-08-27 05:00:00,SummerHDP,05:00,0.022
5718,2025-08-27 06:00:00,SummerHDP,06:00,0.036
5719,2025-08-27 07:00:00,SummerHDP,07:00,0.021
5720,2025-08-27 08:00:00,SummerHDP,08:00,0.011
5721,2025-08-27 09:00:00,SummerHDP,09:00,0.019
5722,2025-08-27 10:00:00,SummerHDP,10:00,0.031
5723,2025-08-27 11:00:00,SummerHDP,11:00,0.061
5724,2025-08-27 12:00:00,SummerHDP,12:00,0.092
5725,2025-08-27 13:00:00,SummerHDP,13:00,0.124
5726,2025-08-27 14:00:00,SummerHDP,14:00,0.167
5727,2025-08-27 15:00:00,SummerHDP,15:00,0.215
5728,2025-08-27 16:00:00,SummerHDP,16:00,0.356
5729,2025-08-27 17:00:00,SummerHDP,17:00,0.489
5730,2025-08-27 18:00:00,SummerHDP,18:00,0.71
5731,2025-08-27 19:00:00,SummerHDP,19:00,0.788
5732,2025-08-27 20:00:00,SummerHDP,20:00,0.559
5733,2025-08-27 21:00:00,SummerHDP,21:00,0.333
5734,2025-08-27 22:00:00,SummerHDP,22:00,0.215
5735,2025-08-27 23:00:00,SummerHDP,23:00,0.149
5736,2025-08-28 00:00:00,SummerHDP,00:00,0.086
5737,2025-08-28 01:00:00,SummerHDP,01:00,0.059
5738,2025-08-28 02:00:00,SummerHDP,02:00,0.038
5739,2025-08-28 03:00:00,SummerHDP,03:00,0.025
5740,2025-08-28 04:00:00,SummerHDP,04:00,0.016
5741,2025-08-28 05:00:00,SummerHDP,05:00,0.022
5742,2025-08-28 06:00:00,SummerHDP,06:00,0.036
5743,2025-08-28 07:00:00,SummerHDP,07:00,0.021
5744,2025-08-28 08:00:00,SummerHDP,08:00,0.011
5745,2025-08-28 09:00:00,SummerHDP,09:00,0.019
5746,2025-08-28 10:00:00,SummerHDP,10:00,0.031
5747,2025-08-28 11:00:00,SummerHDP,11:00,0.061
5748,2025-08-28 12:00:00,SummerHDP,12:00,0.092
5749,2025-08-28 13:00:00,SummerHDP,13:00,0.124
5750,2025-08-28 14:00:00,SummerHDP,14:00,0.167
5751,2025-08-28 15:00:00,SummerHDP,15:00,0.215
5752,2025-08-28 16:00:00,SummerHDP,16:00,0.356
5753,2025-08-28 17:00:00,SummerHDP,17:00,0.489
5754,2025-08-28 18:00:00,SummerHDP,18:00,0.71
5755,2025-08-28 19:00:00,SummerHDP,19:00,0.788
5756,2025-08-28 20:00:00,SummerHDP,20:00,0.559
5757,2025-08-28 21:00:00,SummerHDP,21:00,0.333
5758,2025-08-28 22:00:00,SummerHDP,22:00,0.215
5759,2025-08-28 23:00:00,SummerHDP,23:00,0.149
5760,2025-08-29 00:00:00,SummerHDP,00:00,0.086
5761,2025-08-29 01:00:00,SummerHDP,01:00,0.059
5762,2025-08-29 02:00:00,SummerHDP,02:00,0.038
5763,2025-08-29 03:00:00,SummerHDP,03:00,0.025
5764,2025-08-29 04:00:00,SummerHDP,04:00,0.016
5765,2025-08-29 05:00:00,SummerHDP,05:00,0.022
5766,2025-08-29 06:00:00,SummerHDP,06:00,0.036
5767,2025-08-29 07:00:00,SummerHDP,07:00,0.021
5768,2025-08-29 08:00:00,SummerHDP,08:00,0.011
5769,2025-08-29 09:00:00,SummerHDP,09:00,0.019
5770,2025-08-29 10:00:00,SummerHDP,10:00,0.031
5771,2025-08-29 11:00:00,SummerHDP,11:00,0.061
5772,2025-08-29 12:00:00,SummerHDP,12:00,0.092
5773,2025-08-29 13:00:00,SummerHDP,13:00,0.124
5774,2025-08-29 14:00:00,SummerHDP,14:00,0.167
5775,2025-08-29 15:00:00,SummerHDP,15:00,0.215
5776,2025-08-29 16:00:00,SummerHDP,16:00,0.356
5777,2025-08-29 17:00:00,SummerHDP,17:00,0.489
5778,2025-08-29 18:00:00,SummerHDP,18:00,0.71
5779,2025-08-29 19:00:00,SummerHDP,19:00,0.788
5780,2025-08-29 20:00:00,SummerHDP,20:00,0.559
5781,2025-08-29 21:00:00,SummerHDP,21:00,0.333
5782,2025-08-29 22:00:00,SummerHDP,22:00,0.215
5783,2025-08-29 23:00:00,SummerHDP,23:00,0.149
5784,2025-08-30 00:00:00,SummerHDP,00:00,0.086
5785,2025-08-30 01:00:00,SummerHDP,01:00,0.059
5786,2025-08-30 02:00:00,SummerHDP,02:00,0.038
5787,2025-08-30 03:00:00,SummerHDP,03:00,0.025
5788,2025-08-30 04:00:00,SummerHDP,04:00,0.016
5789,2025-08-30 05:00:00,SummerHDP,05:00,0.022
5790,2025-08-30 06:00:00,SummerHDP,06:00,0.036
5791,2025-08-30 07:00:00,SummerHDP,07:00,0.021
5792,2025-08-30 08:00:00,SummerHDP,08:00,0.011
5793,2025-08-30 09:00:00,SummerHDP,09:00,0.019
5794,2025-08-30 10:00:00,SummerHDP,10:00,0.031
5795,2025-08-30 11:00:00,SummerHDP,11:00,0.061
5796,2025-08-30 12:00:00,SummerHDP,12:00,0.092
5797,2025-08-30 13:00:00,SummerHDP,13:00,0.124
5798,2025-08-30 14:00:00,SummerHDP,14:00,0.167
5799,2025-08-30 15:00:00,SummerHDP,15:00,0.215
5800,2025-08-30 16:00:00,SummerHDP,16:00,0.356
5801,2025-08-30 17:00:00,SummerHDP,17:00,0.489
5802,2025-08-30 18:00:00,SummerHDP,18:00,0.71
5803,2025-08-30 19:00:00,SummerHDP,19:00,0.788
5804,2025-08-30 20:00:00,SummerHDP,20:00,0.559
5805,2025-08-30 21:00:00,SummerHDP,21:00,0.333
5806,2025-08-30 22:00:00,SummerHDP,22:00,0.215
5807,2025-08-30 23:00:00,SummerHDP,23:00,0.149
5808,2025-08-31 00:00:00,SummerHDP,00:00,0.086
5809,2025-08-31 01:00:00,SummerHDP,01:00,0.059
5810,2025-08-31 02:00:00,SummerHDP,02:00,0.038
5811,2025-08-31 03:00:00,SummerHDP,03:00,0.025
5812,2025-08-31 04:00:00,SummerHDP,04:00,0.016
5813,2025-08-31 05:00:00,SummerHDP,05:00,0.022
5814,2025-08-31 06:00:00,SummerHDP,06:00,0.036
5815,2025-08-31 07:00:00,SummerHDP,07:00,0.021
5816,2025-08-31 08:00:00,SummerHDP,08:00,0.011
5817,2025-08-31 09:00:00,SummerHDP,09:00,0.019
5818,2025-08-31 10:00:00,SummerHDP,10:00,0.031
5819,2025-08-31 11:00:00,SummerHDP,11:00,0.061
5820,2025-08-31 12:00:00,SummerHDP,12:00,0.092
5821,2025-08-31 13:00:00,SummerHDP,13:00,0.124
5822,2025-08-31 14:00:00,SummerHDP,14:00,0.167
5823,2025-08-31 15:00:00,SummerHDP,15:00,0.215
5824,2025-08-31 16:00:00,SummerHDP,16:00,0.356
5825,2025-08-31 17:00:00,SummerHDP,17:00,0.489
5826,2025-08-31 18:00:00,SummerHDP,18:00,0.71
5827,2025-08-31 19:00:00,SummerHDP,19:00,0.788
5828,2025-08-31 20:00:00,SummerHDP,20:00,0.559
5829,2025-08-31 21:00:00,SummerHDP,21:00,0.333
5830,2025-08-31 22:00:00,SummerHDP,22:00,0.215
5831,2025-08-31 23:00:00,SummerHDP,23:00,0.149
5832,2025-09-01 00:00:00,FallHDP,00:00,0.205
5833,2025-09-01 01:00:00,FallHDP,01:00,0.128
5834,2025-09-01 02:00:00,FallHDP,02:00,0.079
5835,2025-09-01 03:00:00,FallHDP,03:00,0.053
5836,2025-09-01 04:00:00,FallHDP,04:00,0.055
5837,2025-09-01 05:00:00,FallHDP,05:00,0.119
5838,2025-09-01 06:00:00,FallHDP,06:00,0.274
5839,2025-09-01 07:00:00,FallHDP,07:00,0.27
5840,2025-09-01 08:00:00,FallHDP,08:00,0.092
5841,2025-09-01 09:00:00,FallHDP,09:00,0.011
5842,2025-09-01 10:00:00,FallHDP,10:00,0.039
5843,2025-09-01 11:00:00,FallHDP,11:00,0.024
5844,2025-09-01 12:00:00,FallHDP,12:00,0.037
5845,2025-09-01 13:00:00,FallHDP,13:00,0.061
5846,2025-09-01 14:00:00,FallHDP,14:00,0.1
5847,2025-09-01 15:00:00,FallHDP,15:00,0.189
5848,2025-09-01 16:00:00,FallHDP,16:00,0.305
5849,2025-09-01 17:00:00,FallHDP,17:00,0.52
5850,2025-09-01 18:00:00,FallHDP,18:00,0.725
5851,2025-09-01 19:00:00,FallHDP,19:00,0.694
5852,2025-09-01 20:00:00,FallHDP,20:00,0.496
5853,2025-09-01 21:00:00,FallHDP,21:00,0.357
5854,2025-09-01 22:00:00,FallHDP,22:00,0.182
5855,2025-09-01 23:00:00,FallHDP,23:00,0.041
5856,2025-09-02 00:00:00,FallHDP,00:00,0.205
5857,2025-09-02 01:00:00,FallHDP,01:00,0.128
5858,2025-09-02 02:00:00,FallHDP,02:00,0.079
5859,2025-09-02 03:00:00,FallHDP,03:00,0.053
5860,2025-09-02 04:00:00,FallHDP,04:00,0.055
5861,2025-09-02 05:00:00,FallHDP,05:00,0.119
5862,2025-09-02 06:00:00,FallHDP,06:00,0.274
5863,2025-09-02 07:00:00,FallHDP,07:00,0.27
5864,2025-09-02 08:00:00,FallHDP,08:00,0.092
5865,2025-09-02 09:00:00,FallHDP,09:00,0.011
5866,2025-09-02 10:00:00,FallHDP,10:00,0.039
5867,2025-09-02 11:00:00,FallHDP,11:00,0.024
5868,2025-09-02 12:00:00,FallHDP,12:00,0.037
5869,2025-09-02 13:00:00,FallHDP,13:00,0.061
5870,2025-09-02 14:00:00,FallHDP,14:00,0.1
5871,2025-09-02 15:00:00,FallHDP,15:00,0.189
5872,2025-09-02 16:00:00,FallHDP,16:00,0.305
5873,2025-09-02 17:00:00,FallHDP,17:00,0.52
5874,2025-09-02 18:00:00,FallHDP,18:00,0.725
5875,2025-09-02 19:00:00,FallHDP,19:00,0.694
5876,2025-09-02 20:00:00,FallHDP,20:00,0.496
5877,2025-09-02 21:00:00,FallHDP,21:00,0.357
5878,2025-09-02 22:00:00,FallHDP,22:00,0.182
5879,2025-09-02 23:00:00,FallHDP,23:00,0.041
5880,2025-09-03 00:00:00,FallHDP,00:00,0.205
5881,2025-09-03 01:00:00,FallHDP,01:00,0.128
5882,2025-09-03 02:00:00,FallHDP,02:00,0.079
5883,2025-09-03 03:00:00,FallHDP,03:00,0.053
5884,2025-09-03 04:00:00,FallHDP,04:00,0.055
5885,2025-09-03 05:00:00,FallHDP,05:00,0.119
5886,2025-09-03 06:00:00,FallHDP,06:00,0.274
5887,2025-09-03 07:00:00,FallHDP,07:00,0.27
5888,2025-09-03 08:00:00,FallHDP,08:00,0.092
5889,2025-09-03 09:00:00,FallHDP,09:00,0.011
5890,2025-09-03 10:00:00,FallHDP,10:00,0.039
5891,2025-09-03 11:00:00,FallHDP,11:00,0.024
5892,2025-09-03 12:00:00,FallHDP,12:00,0.037
5893,2025-09-03 13:00:00,FallHDP,13:00,0.061
5894,2025-09-03 14:00:00,FallHDP,14:00,0.1
5895,2025-09-03 15:00:00,FallHDP,15:00,0.189
5896,2025-09-03 16:00:00,FallHDP,16:00,0.305
5897,2025-09-03 17:00:00,FallHDP,17:00,0.52
5898,2025-09-03 18:00:00,FallHDP,18:00,0.725
5899,2025-09-03 19:00:00,FallHDP,19:00,0.694
5900,2025-09-03 20:00:00,FallHDP,20:00,0.496
5901,2025-09-03 21:00:00,FallHDP,21:00,0.357
5902,2025-09-03 22:00:00,FallHDP,22:00,0.182
5903,2025-09-03 23:00:00,FallHDP,23:00,0.041
5904,2025-09-04 00:00:00,FallHDP,00:00,0.205
5905,2025-09-04 01:00:00,FallHDP,01:00,0.128
5906,2025-09-04 02:00:00,FallHDP,02:00,0.079
5907,2025-09-04 03:00:00,FallHDP,03:00,0.053
5908,2025-09-04 04:00:00,FallHDP,04:00,0.055
5909,2025-09-04 05:00:00,FallHDP,05:00,0.119
5910,2025-09-04 06:00:00,FallHDP,06:00,0.274
5911,2025-09-04 07:00:00,FallHDP,07:00,0.27
5912,2025-09-04 08:00:00,FallHDP,08:00,0.092
5913,2025-09-04 09:00:00,FallHDP,09:00,0.011
5914,2025-09-04 10:00:00,FallHDP,10:00,0.039
5915,2025-09-04 11:00:00,FallHDP,11:00,0.024
5916,2025-09-04 12:00:00,FallHDP,12:00,0.037
5917,2025-09-04 13:00:00,FallHDP,13:00,0.061
5918,2025-09-04 14:00:00,FallHDP,14:00,0.1
5919,2025-09-04 15:00:00,FallHDP,15:00,0.189
5920,2025-09-04 16:00:00,FallHDP,16:00,0.305
5921,2025-09-04 17:00:00,FallHDP,17:00,0.52
5922,2025-09-04 18:00:00,FallHDP,18:00,0.725
5923,2025-09-04 19:00:00,FallHDP,19:00,0.694
5924,2025-09-04 20:00:00,FallHDP,20:00,0.496
5925,2025-09-04 21:00:00,FallHDP,21:00,0.357
5926,2025-09-04 22:00:00,FallHDP,22:00,0.182
5927,2025-09-04 23:00:00,FallHDP,23:00,0.041
5928,2025-09-05 00:00:00,FallHDP,00:00,0.205
5929,2025-09-05 01:00:00,FallHDP,01:00,0.128
5930,2025-09-05 02:00:00,FallHDP,02:00,0.079
5931,2025-09-05 03:00:00,FallHDP,03:00,0.053
5932,2025-09-05 04:00:00,FallHDP,04:00,0.055
5933,2025-09-05 05:00:00,FallHDP,05:00,0.119
5934,2025-09-05 06:00:00,FallHDP,06:00,0.274
5935,2025-09-05 07:00:00,FallHDP,07:00,0.27
5936,2025-09-05 08:00:00,FallHDP,08:00,0.092
5937,2025-09-05 09:00:00,FallHDP,09:00,0.011
5938,2025-09-05 10:00:00,FallHDP,10:00,0.039
5939,2025-09-05 11:00:00,FallHDP,11:00,0.024
5940,2025-09-05 12:00:00,FallHDP,12:00,0.037
5941,2025-09-05 13:00:00,FallHDP,13:00,0.061
5942,2025-09-05 14:00:00,FallHDP,14:00,0.1
5943,2025-09-05 15:00:00,FallHDP,15:00,0.189
5944,2025-09-05 16:00:00,FallHDP,16:00,0.305
5945,2025-09-05 17:00:00,FallHDP,17:00,0.52
5946,2025-09-05 18:00:00,FallHDP,18:00,0.725
5947,2025-09-05 19:00:00,FallHDP,19:00,0.694
5948,2025-09-05 20:00:00,FallHDP,20:00,0.496
5949,2025-09-05 21:00:00,FallHDP,21:00,0.357
5950,2025-09-05 22:00:00,FallHDP,22:00,0.182
5951,2025-09-05 23:00:00,FallHDP,23:00,0.041
5952,2025-09-06 00:00:00,FallHDP,00:00,0.205
5953,2025-09-06 01:00:00,FallHDP,01:00,0.128
5954,2025-09-06 02:00:00,FallHDP,02:00,0.079
5955,2025-09-06 03:00:00,FallHDP,03:00,0.053
5956,2025-09-06 04:00:00,FallHDP,04:00,0.055
5957,2025-09-06 05:00:00,FallHDP,05:00,0.119
5958,2025-09-06 06:00:00,FallHDP,06:00,0.274
5959,2025-09-06 07:00:00,FallHDP,07:00,0.27
5960,2025-09-06 08:00:00,FallHDP,08:00,0.092
5961,2025-09-06 09:00:00,FallHDP,09:00,0.011
5962,2025-09-06 10:00:00,FallHDP,10:00,0.039
5963,2025-09-06 11:00:00,FallHDP,11:00,0.024
5964,2025-09-06 12:00:00,FallHDP,12:00,0.037
5965,2025-09-06 13:00:00,FallHDP,13:00,0.061
5966,2025-09-06 14:00:00,FallHDP,14:00,0.1
5967,2025-09-06 15:00:00,FallHDP,15:00,0.189
5968,2025-09-06 16:00:00,FallHDP,16:00,0.305
5969,2025-09-06 17:00:00,FallHDP,17:00,0.52
5970,2025-09-06 18:00:00,FallHDP,18:00,0.725
5971,2025-09-06 19:00:00,FallHDP,19:00,0.694
5972,2025-09-06 20:00:00,FallHDP,20:00,0.496
5973,2025-09-06 21:00:00,FallHDP,21:00,0.357
5974,2025-09-06 22:00:00,FallHDP,22:00,0.182
5975,2025-09-06 23:00:00,FallHDP,23:00,0.041
5976,2025-09-07 00:00:00,FallHDP,00:00,0.205
5977,2025-09-07 01:00:00,FallHDP,01:00,0.128
5978,2025-09-07 02:00:00,FallHDP,02:00,0.079
5979,2025-09-07 03:00:00,FallHDP,03:00,0.053
5980,2025-09-07 04:00:00,FallHDP,04:00,0.055
5981,2025-09-07 05:00:00,FallHDP,05:00,0.119
5982,2025-09-07 06:00:00,FallHDP,06:00,0.274
5983,2025-09-07 07:00:00,FallHDP,07:00,0.27
5984,2025-09-07 08:00:00,FallHDP,08:00,0.092
5985,2025-09-07 09:00:00,FallHDP,09:00,0.011
5986,2025-09-07 10:00:00,FallHDP,10:00,0.039
5987,2025-09-07 11:00:00,FallHDP,11:00,0.024
5988,2025-09-07 12:00:00,FallHDP,12:00,0.037
5989,2025-09-07 13:00:00,FallHDP,13:00,0.061
5990,2025-09-07 14:00:00,FallHDP,14:00,0.1
5991,2025-09-07 15:00:00,FallHDP,15:00,0.189
5992,2025-09-07 16:00:00,FallHDP,16:00,0.305
5993,2025-09-07 17:00:00,FallHDP,17:00,0.52
5994,2025-09-07 18:00:00,FallHDP,18:00,0.725
5995,2025-09-07 19:00:00,FallHDP,19:00,0.694
5996,2025-09-07 20:00:00,FallHDP,20:00,0.496
5997,2025-09-07 21:00:00,FallHDP,21:00,0.357
5998,2025-09-07 22:00:00,FallHDP,22:00,0.182
5999,2025-09-07 23:00:00,FallHDP,23:00,0.041
6000,2025-09-08 00:00:00,FallHDP,00:00,0.205
6001,2025-09-08 01:00:00,FallHDP,01:00,0.128
6002,2025-09-08 02:00:00,FallHDP,02:00,0.079
6003,2025-09-08 03:00:00,FallHDP,03:00,0.053
6004,2025-09-08 04:00:00,FallHDP,04:00,0.055
6005,2025-09-08 05:00:00,FallHDP,05:00,0.119
6006,2025-09-08 06:00:00,FallHDP,06:00,0.274
6007,2025-09-08 07:00:00,FallHDP,07:00,0.27
6008,2025-09-08 08:00:00,FallHDP,08:00,0.092
6009,2025-09-08 09:00:00,FallHDP,09:00,0.011
6010,2025-09-08 10:00:00,FallHDP,10:00,0.039
6011,2025-09-08 11:00:00,FallHDP,11:00,0.024
6012,2025-09-08 12:00:00,FallHDP,12:00,0.037
6013,2025-09-08 13:00:00,FallHDP,13:00,0.061
6014,2025-09-08 14:00:00,FallHDP,14:00,0.1
6015,2025-09-08 15:00:00,FallHDP,15:00,0.189
6016,2025-09-08 16:00:00,FallHDP,16:00,0.305
6017,2025-09-08 17:00:00,FallHDP,17:00,0.52
6018,2025-09-08 18:00:00,FallHDP,18:00,0.725
6019,2025-09-08 19:00:00,FallHDP,19:00,0.694
6020,2025-09-08 20:00:00,FallHDP,20:00,0.496
6021,2025-09-08 21:00:00,FallHDP,21:00,0.357
6022,2025-09-08 22:00:00,FallHDP,22:00,0.182
6023,2025-09-08 23:00:00,FallHDP,23:00,0.041
6024,2025-09-09 00:00:00,FallHDP,00:00,0.205
6025,2025-09-09 01:00:00,FallHDP,01:00,0.128
6026,2025-09-09 02:00:00,FallHDP,02:00,0.079
6027,2025-09-09 03:00:00,FallHDP,03:00,0.053
6028,2025-09-09 04:00:00,FallHDP,04:00,0.055
6029,2025-09-09 05:00:00,FallHDP,05:00,0.119
6030,2025-09-09 06:00:00,FallHDP,06:00,0.274
6031,2025-09-09 07:00:00,FallHDP,07:00,0.27
6032,2025-09-09 08:00:00,FallHDP,08:00,0.092
6033,2025-09-09 09:00:00,FallHDP,09:00,0.011
6034,2025-09-09 10:00:00,FallHDP,10:00,0.039
6035,2025-09-09 11:00:00,FallHDP,11:00,0.024
6036,2025-09-09 12:00:00,FallHDP,12:00,0.037
6037,2025-09-09 13:00:00,FallHDP,13:00,0.061
6038,2025-09-09 14:00:00,FallHDP,14:00,0.1
6039,2025-09-09 15:00:00,FallHDP,15:00,0.189
6040,2025-09-09 16:00:00,FallHDP,16:00,0.305
6041,2025-09-09 17:00:00,FallHDP,17:00,0.52
6042,2025-09-09 18:00:00,FallHDP,18:00,0.725
6043,2025-09-09 19:00:00,FallHDP,19:00,0.694
6044,2025-09-09 20:00:00,FallHDP,20:00,0.496
6045,2025-09-09 21:00:00,FallHDP,21:00,0.357
6046,2025-09-09 22:00:00,FallHDP,22:00,0.182
6047,2025-09-09 23:00:00,FallHDP,23:00,0.041
6048,2025-09-10 00:00:00,FallHDP,00:00,0.205
6049,2025-09-10 01:00:00,FallHDP,01:00,0.128
6050,2025-09-10 02:00:00,FallHDP,02:00,0.079
6051,2025-09-10 03:00:00,FallHDP,03:00,0.053
6052,2025-09-10 04:00:00,FallHDP,04:00,0.055
6053,2025-09-10 05:00:00,FallHDP,05:00,0.119
6054,2025-09-10 06:00:00,FallHDP,06:00,0.274
6055,2025-09-10 07:00:00,FallHDP,07:00,0.27
6056,2025-09-10 08:00:00,FallHDP,08:00,0.092
6057,2025-09-10 09:00:00,FallHDP,09:00,0.011
6058,2025-09-10 10:00:00,FallHDP,10:00,0.039
6059,2025-09-10 11:00:00,FallHDP,11:00,0.024
6060,2025-09-10 12:00:00,FallHDP,12:00,0.037
6061,2025-09-10 13:00:00,FallHDP,13:00,0.061
6062,2025-09-10 14:00:00,FallHDP,14:00,0.1
6063,2025-09-10 15:00:00,FallHDP,15:00,0.189
6064,2025-09-10 16:00:00,FallHDP,16:00,0.305
6065,2025-09-10 17:00:00,FallHDP,17:00,0.52
6066,2025-09-10 18:00:00,FallHDP,18:00,0.725
6067,2025-09-10 19:00:00,FallHDP,19:00,0.694
6068,2025-09-10 20:00:00,FallHDP,20:00,0.496
6069,2025-09-10 21:00:00,FallHDP,21:00,0.357
6070,2025-09-10 22:00:00,FallHDP,22:00,0.182
6071,2025-09-10 23:00:00,FallHDP,23:00,0.041
6072,2025-09-11 00:00:00,FallHDP,00:00,0.205
6073,2025-09-11 01:00:00,FallHDP,01:00,0.128
6074,2025-09-11 02:00:00,FallHDP,02:00,0.079
6075,2025-09-11 03:00:00,FallHDP,03:00,0.053
6076,2025-09-11 04:00:00,FallHDP,04:00,0.055
6077,2025-09-11 05:00:00,FallHDP,05:00,0.119
6078,2025-09-11 06:00:00,FallHDP,06:00,0.274
6079,2025-09-11 07:00:00,FallHDP,07:00,0.27
6080,2025-09-11 08:00:00,FallHDP,08:00,0.092
6081,2025-09-11 09:00:00,FallHDP,09:00,0.011
6082,2025-09-11 10:00:00,FallHDP,10:00,0.039
6083,2025-09-11 11:00:00,FallHDP,11:00,0.024
6084,2025-09-11 12:00:00,FallHDP,12:00,0.037
6085,2025-09-11 13:00:00,FallHDP,13:00,0.061
6086,2025-09-11 14:00:00,FallHDP,14:00,0.1
6087,2025-09-11 15:00:00,FallHDP,15:00,0.189
6088,2025-09-11 16:00:00,FallHDP,16:00,0.305
6089,2025-09-11 17:00:00,FallHDP,17:00,0.52
6090,2025-09-11 18:00:00,FallHDP,18:00,0.725
6091,2025-09-11 19:00:00,FallHDP,19:00,0.694
6092,2025-09-11 20:00:00,FallHDP,20:00,0.496
6093,2025-09-11 21:00:00,FallHDP,21:00,0.357
6094,2025-09-11 22:00:00,FallHDP,22:00,0.182
6095,2025-09-11 23:00:00,FallHDP,23:00,0.041
6096,2025-09-12 00:00:00,FallHDP,00:00,0.205
6097,2025-09-12 01:00:00,FallHDP,01:00,0.128
6098,2025-09-12 02:00:00,FallHDP,02:00,0.079
6099,2025-09-12 03:00:00,FallHDP,03:00,0.053
6100,2025-09-12 04:00:00,FallHDP,04:00,0.055
6101,2025-09-12 05:00:00,FallHDP,05:00,0.119
6102,2025-09-12 06:00:00,FallHDP,06:00,0.274
6103,2025-09-12 07:00:00,FallHDP,07:00,0.27
6104,2025-09-12 08:00:00,FallHDP,08:00,0.092
6105,2025-09-12 09:00:00,FallHDP,09:00,0.011
6106,2025-09-12 10:00:00,FallHDP,10:00,0.039
6107,2025-09-12 11:00:00,FallHDP,11:00,0.024
6108,2025-09-12 12:00:00,FallHDP,12:00,0.037
6109,2025-09-12 13:00:00,FallHDP,13:00,0.061
6110,2025-09-12 14:00:00,FallHDP,14:00,0.1
6111,2025-09-12 15:00:00,FallHDP,15:00,0.189
6112,2025-09-12 16:00:00,FallHDP,16:00,0.305
6113,2025-09-12 17:00:00,FallHDP,17:00,0.52
6114,2025-09-12 18:00:00,FallHDP,18:00,0.725
6115,2025-09-12 19:00:00,FallHDP,19:00,0.694
6116,2025-09-12 20:00:00,FallHDP,20:00,0.496
6117,2025-09-12 21:00:00,FallHDP,21:00,0.357
6118,2025-09-12 22:00:00,FallHDP,22:00,0.182
6119,2025-09-12 23:00:00,FallHDP,23:00,0.041
6120,2025-09-13 00:00:00,FallHDP,00:00,0.205
6121,2025-09-13 01:00:00,FallHDP,01:00,0.128
6122,2025-09-13 02:00:00,FallHDP,02:00,0.079
6123,2025-09-13 03:00:00,FallHDP,03:00,0.053
6124,2025-09-13 04:00:00,FallHDP,04:00,0.055
6125,2025-09-13 05:00:00,FallHDP,05:00,0.119
6126,2025-09-13 06:00:00,FallHDP,06:00,0.274
6127,2025-09-13 07:00:00,FallHDP,07:00,0.27
6128,2025-09-13 08:00:00,FallHDP,08:00,0.092
6129,2025-09-13 09:00:00,FallHDP,09:00,0.011
6130,2025-09-13 10:00:00,FallHDP,10:00,0.039
6131,2025-09-13 11:00:00,FallHDP,11:00,0.024
6132,2025-09-13 12:00:00,FallHDP,12:00,0.037
6133,2025-09-13 13:00:00,FallHDP,13:00,0.061
6134,2025-09-13 14:00:00,FallHDP,14:00,0.1
6135,2025-09-13 15:00:00,FallHDP,15:00,0.189
6136,2025-09-13 16:00:00,FallHDP,16:00,0.305
6137,2025-09-13 17:00:00,FallHDP,17:00,0.52
6138,2025-09-13 18:00:00,FallHDP,18:00,0.725
6139,2025-09-13 19:00:00,FallHDP,19:00,0.694
6140,2025-09-13 20:00:00,FallHDP,20:00,0.496
6141,2025-09-13 21:00:00,FallHDP,21:00,0.357
6142,2025-09-13 22:00:00,FallHDP,22:00,0.182
6143,2025-09-13 23:00:00,FallHDP,23:00,0.041
6144,2025-09-14 00:00:00,FallHDP,00:00,0.205
6145,2025-09-14 01:00:00,FallHDP,01:00,0.128
6146,2025-09-14 02:00:00,FallHDP,02:00,0.079
6147,2025-09-14 03:00:00,FallHDP,03:00,0.053
6148,2025-09-14 04:00:00,FallHDP,04:00,0.055
6149,2025-09-14 05:00:00,FallHDP,05:00,0.119
6150,2025-09-14 06:00:00,FallHDP,06:00,0.274
6151,2025-09-14 07:00:00,FallHDP,07:00,0.27
6152,2025-09-14 08:00:00,FallHDP,08:00,0.092
6153,2025-09-14 09:00:00,FallHDP,09:00,0.011
6154,2025-09-14 10:00:00,FallHDP,10:00,0.039
6155,2025-09-14 11:00:00,FallHDP,11:00,0.024
6156,2025-09-14 12:00:00,FallHDP,12:00,0.037
6157,2025-09-14 13:00:00,FallHDP,13:00,0.061
6158,2025-09-14 14:00:00,FallHDP,14:00,0.1
6159,2025-09-14 15:00:00,FallHDP,15:00,0.189
6160,2025-09-14 16:00:00,FallHDP,16:00,0.305
6161,2025-09-14 17:00:00,FallHDP,17:00,0.52
6162,2025-09-14 18:00:00,FallHDP,18:00,0.725
6163,2025-09-14 19:00:00,FallHDP,19:00,0.694
6164,2025-09-14 20:00:00,FallHDP,20:00,0.496
6165,2025-09-14 21:00:00,FallHDP,21:00,0.357
6166,2025-09-14 22:00:00,FallHDP,22:00,0.182
6167,2025-09-14 23:00:00,FallHDP,23:00,0.041
6168,2025-09-15 00:00:00,FallHDP,00:00,0.205
6169,2025-09-15 01:00:00,FallHDP,01:00,0.128
6170,2025-09-15 02:00:00,FallHDP,02:00,0.079
6171,2025-09-15 03:00:00,FallHDP,03:00,0.053
6172,2025-09-15 04:00:00,FallHDP,04:00,0.055
6173,2025-09-15 05:00:00,FallHDP,05:00,0.119
6174,2025-09-15 06:00:00,FallHDP,06:00,0.274
6175,2025-09-15 07:00:00,FallHDP,07:00,0.27
6176,2025-09-15 08:00:00,FallHDP,08:00,0.092
6177,2025-09-15 09:00:00,FallHDP,09:00,0.011
6178,2025-09-15 10:00:00,FallHDP,10:00,0.039
6179,2025-09-15 11:00:00,FallHDP,11:00,0.024
6180,2025-09-15 12:00:00,FallHDP,12:00,0.037
6181,2025-09-15 13:00:00,FallHDP,13:00,0.061
6182,2025-09-15 14:00:00,FallHDP,14:00,0.1
6183,2025-09-15 15:00:00,FallHDP,15:00,0.189
6184,2025-09-15 16:00:00,FallHDP,16:00,0.305
6185,2025-09-15 17:00:00,FallHDP,17:00,0.52
6186,2025-09-15 18:00:00,FallHDP,18:00,0.725
6187,2025-09-15 19:00:00,FallHDP,19:00,0.694
6188,2025-09-15 20:00:00,FallHDP,20:00,0.496
6189,2025-09-15 21:00:00,FallHDP,21:00,0.357
6190,2025-09-15 22:00:00,FallHDP,22:00,0.182
6191,2025-09-15 23:00:00,FallHDP,23:00,0.041
6192,2025-09-16 00:00:00,FallHDP,00:00,0.205
6193,2025-09-16 01:00:00,FallHDP,01:00,0.128
6194,2025-09-16 02:00:00,FallHDP,02:00,0.079
6195,2025-09-16 03:00:00,FallHDP,03:00,0.053
6196,2025-09-16 04:00:00,FallHDP,04:00,0.055
6197,2025-09-16 05:00:00,FallHDP,05:00,0.119
6198,2025-09-16 06:00:00,FallHDP,06:00,0.274
6199,2025-09-16 07:00:00,FallHDP,07:00,0.27
6200,2025-09-16 08:00:00,FallHDP,08:00,0.092
6201,2025-09-16 09:00:00,FallHDP,09:00,0.011
6202,2025-09-16 10:00:00,FallHDP,10:00,0.039
6203,2025-09-16 11:00:00,FallHDP,11:00,0.024
6204,2025-09-16 12:00:00,FallHDP,12:00,0.037
6205,2025-09-16 13:00:00,FallHDP,13:00,0.061
6206,2025-09-16 14:00:00,FallHDP,14:00,0.1
6207,2025-09-16 15:00:00,FallHDP,15:00,0.189
6208,2025-09-16 16:00:00,FallHDP,16:00,0.305
6209,2025-09-16 17:00:00,FallHDP,17:00,0.52
6210,2025-09-16 18:00:00,FallHDP,18:00,0.725
6211,2025-09-16 19:00:00,FallHDP,19:00,0.694
6212,2025-09-16 20:00:00,FallHDP,20:00,0.496
6213,2025-09-16 21:00:00,FallHDP,21:00,0.357
6214,2025-09-16 22:00:00,FallHDP,22:00,0.182
6215,2025-09-16 23:00:00,FallHDP,23:00,0.041
6216,2025-09-17 00:00:00,FallHDP,00:00,0.205
6217,2025-09-17 01:00:00,FallHDP,01:00,0.128
6218,2025-09-17 02:00:00,FallHDP,02:00,0.079
6219,2025-09-17 03:00:00,FallHDP,03:00,0.053
6220,2025-09-17 04:00:00,FallHDP,04:00,0.055
6221,2025-09-17 05:00:00,FallHDP,05:00,0.119
6222,2025-09-17 06:00:00,FallHDP,06:00,0.274
6223,2025-09-17 07:00:00,FallHDP,07:00,0.27
6224,2025-09-17 08:00:00,FallHDP,08:00,0.092
6225,2025-09-17 09:00:00,FallHDP,09:00,0.011
6226,2025-09-17 10:00:00,FallHDP,10:00,0.039
6227,2025-09-17 11:00:00,FallHDP,11:00,0.024
6228,2025-09-17 12:00:00,FallHDP,12:00,0.037
6229,2025-09-17 13:00:00,FallHDP,13:00,0.061
6230,2025-09-17 14:00:00,FallHDP,14:00,0.1
6231,2025-09-17 15:00:00,FallHDP,15:00,0.189
6232,2025-09-17 16:00:00,FallHDP,16:00,0.305
6233,2025-09-17 17:00:00,FallHDP,17:00,0.52
6234,2025-09-17 18:00:00,FallHDP,18:00,0.725
6235,2025-09-17 19:00:00,FallHDP,19:00,0.694
6236,2025-09-17 20:00:00,FallHDP,20:00,0.496
6237,2025-09-17 21:00:00,FallHDP,21:00,0.357
6238,2025-09-17 22:00:00,FallHDP,22:00,0.182
6239,2025-09-17 23:00:00,FallHDP,23:00,0.041
6240,2025-09-18 00:00:00,FallHDP,00:00,0.205
6241,2025-09-18 01:00:00,FallHDP,01:00,0.128
6242,2025-09-18 02:00:00,FallHDP,02:00,0.079
6243,2025-09-18 03:00:00,FallHDP,03:00,0.053
6244,2025-09-18 04:00:00,FallHDP,04:00,0.055
6245,2025-09-18 05:00:00,FallHDP,05:00,0.119
6246,2025-09-18 06:00:00,FallHDP,06:00,0.274
6247,2025-09-18 07:00:00,FallHDP,07:00,0.27
6248,2025-09-18 08:00:00,FallHDP,08:00,0.092
6249,2025-09-18 09:00:00,FallHDP,09:00,0.011
6250,2025-09-18 10:00:00,FallHDP,10:00,0.039
6251,2025-09-18 11:00:00,FallHDP,11:00,0.024
6252,2025-09-18 12:00:00,FallHDP,12:00,0.037
6253,2025-09-18 13:00:00,FallHDP,13:00,0.061
6254,2025-09-18 14:00:00,FallHDP,14:00,0.1
6255,2025-09-18 15:00:00,FallHDP,15:00,0.189
6256,2025-09-18 16:00:00,FallHDP,16:00,0.305
6257,2025-09-18 17:00:00,FallHDP,17:00,0.52
6258,2025-09-18 18:00:00,FallHDP,18:00,0.725
6259,2025-09-18 19:00:00,FallHDP,19:00,0.694
6260,2025-09-18 20:00:00,FallHDP,20:00,0.496
6261,2025-09-18 21:00:00,FallHDP,21:00,0.357
6262,2025-09-18 22:00:00,FallHDP,22:00,0.182
6263,2025-09-18 23:00:00,FallHDP,23:00,0.041
6264,2025-09-19 00:00:00,FallHDP,00:00,0.205
6265,2025-09-19 01:00:00,FallHDP,01:00,0.128
6266,2025-09-19 02:00:00,FallHDP,02:00,0.079
6267,2025-09-19 03:00:00,FallHDP,03:00,0.053
6268,2025-09-19 04:00:00,FallHDP,04:00,0.055
6269,2025-09-19 05:00:00,FallHDP,05:00,0.119
6270,2025-09-19 06:00:00,FallHDP,06:00,0.274
6271,2025-09-19 07:00:00,FallHDP,07:00,0.27
6272,2025-09-19 08:00:00,FallHDP,08:00,0.092
6273,2025-09-19 09:00:00,FallHDP,09:00,0.011
6274,2025-09-19 10:00:00,FallHDP,10:00,0.039
6275,2025-09-19 11:00:00,FallHDP,11:00,0.024
6276,2025-09-19 12:00:00,FallHDP,12:00,0.037
6277,2025-09-19 13:00:00,FallHDP,13:00,0.061
6278,2025-09-19 14:00:00,FallHDP,14:00,0.1
6279,2025-09-19 15:00:00,FallHDP,15:00,0.189
6280,2025-09-19 16:00:00,FallHDP,16:00,0.305
6281,2025-09-19 17:00:00,FallHDP,17:00,0.52
6282,2025-09-19 18:00:00,FallHDP,18:00,0.725
6283,2025-09-19 19:00:00,FallHDP,19:00,0.694
6284,2025-09-19 20:00:00,FallHDP,20:00,0.496
6285,2025-09-19 21:00:00,FallHDP,21:00,0.357
6286,2025-09-19 22:00:00,FallHDP,22:00,0.182
6287,2025-09-19 23:00:00,FallHDP,23:00,0.041
6288,2025-09-20 00:00:00,FallHDP,00:00,0.205
6289,2025-09-20 01:00:00,FallHDP,01:00,0.128
6290,2025-09-20 02:00:00,FallHDP,02:00,0.079
6291,2025-09-20 03:00:00,FallHDP,03:00,0.053
6292,2025-09-20 04:00:00,FallHDP,04:00,0.055
6293,2025-09-20 05:00:00,FallHDP,05:00,0.119
6294,2025-09-20 06:00:00,FallHDP,06:00,0.274
6295,2025-09-20 07:00:00,FallHDP,07:00,0.27
6296,2025-09-20 08:00:00,FallHDP,08:00,0.092
6297,2025-09-20 09:00:00,FallHDP,09:00,0.011
6298,2025-09-20 10:00:00,FallHDP,10:00,0.039
6299,2025-09-20 11:00:00,FallHDP,11:00,0.024
6300,2025-09-20 12:00:00,FallHDP,12:00,0.037
6301,2025-09-20 13:00:00,FallHDP,13:00,0.061
6302,2025-09-20 14:00:00,FallHDP,14:00,0.1
6303,2025-09-20 15:00:00,FallHDP,15:00,0.189
6304,2025-09-20 16:00:00,FallHDP,16:00,0.305
6305,2025-09-20 17:00:00,FallHDP,17:00,0.52
6306,2025-09-20 18:00:00,FallHDP,18:00,0.725
6307,2025-09-20 19:00:00,FallHDP,19:00,0.694
6308,2025-09-20 20:00:00,FallHDP,20:00,0.496
6309,2025-09-20 21:00:00,FallHDP,21:00,0.357
6310,2025-09-20 22:00:00,FallHDP,22:00,0.182
6311,2025-09-20 23:00:00,FallHDP,23:00,0.041
6312,2025-09-21 00:00:00,FallHDP,00:00,0.205
6313,2025-09-21 01:00:00,FallHDP,01:00,0.128
6314,2025-09-21 02:00:00,FallHDP,02:00,0.079
6315,2025-09-21 03:00:00,FallHDP,03:00,0.053
6316,2025-09-21 04:00:00,FallHDP,04:00,0.055
6317,2025-09-21 05:00:00,FallHDP,05:00,0.119
6318,2025-09-21 06:00:00,FallHDP,06:00,0.274
6319,2025-09-21 07:00:00,FallHDP,07:00,0.27
6320,2025-09-21 08:00:00,FallHDP,08:00,0.092
6321,2025-09-21 09:00:00,FallHDP,09:00,0.011
6322,2025-09-21 10:00:00,FallHDP,10:00,0.039
6323,2025-09-21 11:00:00,FallHDP,11:00,0.024
6324,2025-09-21 12:00:00,FallHDP,12:00,0.037
6325,2025-09-21 13:00:00,FallHDP,13:00,0.061
6326,2025-09-21 14:00:00,FallHDP,14:00,0.1
6327,2025-09-21 15:00:00,FallHDP,15:00,0.189
6328,2025-09-21 16:00:00,FallHDP,16:00,0.305
6329,2025-09-21 17:00:00,FallHDP,17:00,0.52
6330,2025-09-21 18:00:00,FallHDP,18:00,0.725
6331,2025-09-21 19:00:00,FallHDP,19:00,0.694
6332,2025-09-21 20:00:00,FallHDP,20:00,0.496
6333,2025-09-21 21:00:00,FallHDP,21:00,0.357
6334,2025-09-21 22:00:00,FallHDP,22:00,0.182
6335,2025-09-21 23:00:00,FallHDP,23:00,0.041
6336,2025-09-22 00:00:00,FallHDP,00:00,0.205
6337,2025-09-22 01:00:00,FallHDP,01:00,0.128
6338,2025-09-22 02:00:00,FallHDP,02:00,0.079
6339,2025-09-22 03:00:00,FallHDP,03:00,0.053
6340,2025-09-22 04:00:00,FallHDP,04:00,0.055
6341,2025-09-22 05:00:00,FallHDP,05:00,0.119
6342,2025-09-22 06:00:00,FallHDP,06:00,0.274
6343,2025-09-22 07:00:00,FallHDP,07:00,0.27
6344,2025-09-22 08:00:00,FallHDP,08:00,0.092
6345,2025-09-22 09:00:00,FallHDP,09:00,0.011
6346,2025-09-22 10:00:00,FallHDP,10:00,0.039
6347,2025-09-22 11:00:00,FallHDP,11:00,0.024
6348,2025-09-22 12:00:00,FallHDP,12:00,0.037
6349,2025-09-22 13:00:00,FallHDP,13:00,0.061
6350,2025-09-22 14:00:00,FallHDP,14:00,0.1
6351,2025-09-22 15:00:00,FallHDP,15:00,0.189
6352,2025-09-22 16:00:00,FallHDP,16:00,0.305
6353,2025-09-22 17:00:00,FallHDP,17:00,0.52
6354,2025-09-22 18:00:00,FallHDP,18:00,0.725
6355,2025-09-22 19:00:00,FallHDP,19:00,0.694
6356,2025-09-22 20:00:00,FallHDP,20:00,0.496
6357,2025-09-22 21:00:00,FallHDP,21:00,0.357
6358,2025-09-22 22:00:00,FallHDP,22:00,0.182
6359,2025-09-22 23:00:00,FallHDP,23:00,0.041
6360,2025-09-23 00:00:00,FallHDP,00:00,0.205
6361,2025-09-23 01:00:00,FallHDP,01:00,0.128
6362,2025-09-23 02:00:00,FallHDP,02:00,0.079
6363,2025-09-23 03:00:00,FallHDP,03:00,0.053
6364,2025-09-23 04:00:00,FallHDP,04:00,0.055
6365,2025-09-23 05:00:00,FallHDP,05:00,0.119
6366,2025-09-23 06:00:00,FallHDP,06:00,0.274
6367,2025-09-23 07:00:00,FallHDP,07:00,0.27
6368,2025-09-23 08:00:00,FallHDP,08:00,0.092
6369,2025-09-23 09:00:00,FallHDP,09:00,0.011
6370,2025-09-23 10:00:00,FallHDP,10:00,0.039
6371,2025-09-23 11:00:00,FallHDP,11:00,0.024
6372,2025-09-23 12:00:00,FallHDP,12:00,0.037
6373,2025-09-23 13:00:00,FallHDP,13:00,0.061
6374,2025-09-23 14:00:00,FallHDP,14:00,0.1
6375,2025-09-23 15:00:00,FallHDP,15:00,0.189
6376,2025-09-23 16:00:00,FallHDP,16:00,0.305
6377,2025-09-23 17:00:00,FallHDP,17:00,0.52
6378,2025-09-23 18:00:00,FallHDP,18:00,0.725
6379,2025-09-23 19:00:00,FallHDP,19:00,0.694
6380,2025-09-23 20:00:00,FallHDP,20:00,0.496
6381,2025-09-23 21:00:00,FallHDP,21:00,0.357
6382,2025-09-23 22:00:00,FallHDP,22:00,0.182
6383,2025-09-23 23:00:00,FallHDP,23:00,0.041
6384,2025-09-24 00:00:00,FallHDP,00:00,0.205
6385,2025-09-24 01:00:00,FallHDP,01:00,0.128
6386,2025-09-24 02:00:00,FallHDP,02:00,0.079
6387,2025-09-24 03:00:00,FallHDP,03:00,0.053
6388,2025-09-24 04:00:00,FallHDP,04:00,0.055
6389,2025-09-24 05:00:00,FallHDP,05:00,0.119
6390,2025-09-24 06:00:00,FallHDP,06:00,0.274
6391,2025-09-24 07:00:00,FallHDP,07:00,0.27
6392,2025-09-24 08:00:00,FallHDP,08:00,0.092
6393,2025-09-24 09:00:00,FallHDP,09:00,0.011
6394,2025-09-24 10:00:00,FallHDP,10:00,0.039
6395,2025-09-24 11:00:00,FallHDP,11:00,0.024
6396,2025-09-24 12:00:00,FallHDP,12:00,0.037
6397,2025-09-24 13:00:00,FallHDP,13:00,0.061
6398,2025-09-24 14:00:00,FallHDP,14:00,0.1
6399,2025-09-24 15:00:00,FallHDP,15:00,0.189
6400,2025-09-24 16:00:00,FallHDP,16:00,0.305
6401,2025-09-24 17:00:00,FallHDP,17:00,0.52
6402,2025-09-24 18:00:00,FallHDP,18:00,0.725
6403,2025-09-24 19:00:00,FallHDP,19:00,0.694
6404,2025-09-24 20:00:00,FallHDP,20:00,0.496
6405,2025-09-24 21:00:00,FallHDP,21:00,0.357
6406,2025-09-24 22:00:00,FallHDP,22:00,0.182
6407,2025-09-24 23:00:00,FallHDP,23:00,0.041
6408,2025-09-25 00:00:00,FallHDP,00:00,0.205
6409,2025-09-25 01:00:00,FallHDP,01:00,0.128
6410,2025-09-25 02:00:00,FallHDP,02:00,0.079
6411,2025-09-25 03:00:00,FallHDP,03:00,0.053
6412,2025-09-25 04:00:00,FallHDP,04:00,0.055
6413,2025-09-25 05:00:00,FallHDP,05:00,0.119
6414,2025-09-25 06:00:00,FallHDP,06:00,0.274
6415,2025-09-25 07:00:00,FallHDP,07:00,0.27
6416,2025-09-25 08:00:00,FallHDP,08:00,0.092
6417,2025-09-25 09:00:00,FallHDP,09:00,0.011
6418,2025-09-25 10:00:00,FallHDP,10:00,0.039
6419,2025-09-25 11:00:00,FallHDP,11:00,0.024
6420,2025-09-25 12:00:00,FallHDP,12:00,0.037
6421,2025-09-25 13:00:00,FallHDP,13:00,0.061
6422,2025-09-25 14:00:00,FallHDP,14:00,0.1
6423,2025-09-25 15:00:00,FallHDP,15:00,0.189
6424,2025-09-25 16:00:00,FallHDP,16:00,0.305
6425,2025-09-25 17:00:00,FallHDP,17:00,0.52
6426,2025-09-25 18:00:00,FallHDP,18:00,0.725
6427,2025-09-25 19:00:00,FallHDP,19:00,0.694
6428,2025-09-25 20:00:00,FallHDP,20:00,0.496
6429,2025-09-25 21:00:00,FallHDP,21:00,0.357
6430,2025-09-25 22:00:00,FallHDP,22:00,0.182
6431,2025-09-25 23:00:00,FallHDP,23:00,0.041
6432,2025-09-26 00:00:00,FallHDP,00:00,0.205
6433,2025-09-26 01:00:00,FallHDP,01:00,0.128
6434,2025-09-26 02:00:00,FallHDP,02:00,0.079
6435,2025-09-26 03:00:00,FallHDP,03:00,0.053
6436,2025-09-26 04:00:00,FallHDP,04:00,0.055
6437,2025-09-26 05:00:00,FallHDP,05:00,0.119
6438,2025-09-26 06:00:00,FallHDP,06:00,0.274
6439,2025-09-26 07:00:00,FallHDP,07:00,0.27
6440,2025-09-26 08:00:00,FallHDP,08:00,0.092
6441,2025-09-26 09:00:00,FallHDP,09:00,0.011
6442,2025-09-26 10:00:00,FallHDP,10:00,0.039
6443,2025-09-26 11:00:00,FallHDP,11:00,0.024
6444,2025-09-26 12:00:00,FallHDP,12:00,0.037
6445,2025-09-26 13:00:00,FallHDP,13:00,0.061
6446,2025-09-26 14:00:00,FallHDP,14:00,0.1
6447,2025-09-26 15:00:00,FallHDP,15:00,0.189
6448,2025-09-26 16:00:00,FallHDP,16:00,0.305
6449,2025-09-26 17:00:00,FallHDP,17:00,0.52
6450,2025-09-26 18:00:00,FallHDP,18:00,0.725
6451,2025-09-26 19:00:00,FallHDP,19:00,0.694
6452,2025-09-26 20:00:00,FallHDP,20:00,0.496
6453,2025-09-26 21:00:00,FallHDP,21:00,0.357
6454,2025-09-26 22:00:00,FallHDP,22:00,0.182
6455,2025-09-26 23:00:00,FallHDP,23:00,0.041
6456,2025-09-27 00:00:00,FallHDP,00:00,0.205
6457,2025-09-27 01:00:00,FallHDP,01:00,0.128
6458,2025-09-27 02:00:00,FallHDP,02:00,0.079
6459,2025-09-27 03:00:00,FallHDP,03:00,0.053
6460,2025-09-27 04:00:00,FallHDP,04:00,0.055
6461,2025-09-27 05:00:00,FallHDP,05:00,0.119
6462,2025-09-27 06:00:00,FallHDP,06:00,0.274
6463,2025-09-27 07:00:00,FallHDP,07:00,0.27
6464,2025-09-27 08:00:00,FallHDP,08:00,0.092
6465,2025-09-27 09:00:00,FallHDP,09:00,0.011
6466,2025-09-27 10:00:00,FallHDP,10:00,0.039
6467,2025-09-27 11:00:00,FallHDP,11:00,0.024
6468,2025-09-27 12:00:00,FallHDP,12:00,0.037
6469,2025-09-27 13:00:00,FallHDP,13:00,0.061
6470,2025-09-27 14:00:00,FallHDP,14:00,0.1
6471,2025-09-27 15:00:00,FallHDP,15:00,0.189
6472,2025-09-27 16:00:00,FallHDP,16:00,0.305
6473,2025-09-27 17:00:00,FallHDP,17:00,0.52
6474,2025-09-27 18:00:00,FallHDP,18:00,0.725
6475,2025-09-27 19:00:00,FallHDP,19:00,0.694
6476,2025-09-27 20:00:00,FallHDP,20:00,0.496
6477,2025-09-27 21:00:00,FallHDP,21:00,0.357
6478,2025-09-27 22:00:00,FallHDP,22:00,0.182
6479,2025-09-27 23:00:00,FallHDP,23:00,0.041
6480,2025-09-28 00:00:00,FallHDP,00:00,0.205
6481,2025-09-28 01:00:00,FallHDP,01:00,0.128
6482,2025-09-28 02:00:00,FallHDP,02:00,0.079
6483,2025-09-28 03:00:00,FallHDP,03:00,0.053
6484,2025-09-28 04:00:00,FallHDP,04:00,0.055
6485,2025-09-28 05:00:00,FallHDP,05:00,0.119
6486,2025-09-28 06:00:00,FallHDP,06:00,0.274
6487,2025-09-28 07:00:00,FallHDP,07:00,0.27
6488,2025-09-28 08:00:00,FallHDP,08:00,0.092
6489,2025-09-28 09:00:00,FallHDP,09:00,0.011
6490,2025-09-28 10:00:00,FallHDP,10:00,0.039
6491,2025-09-28 11:00:00,FallHDP,11:00,0.024
6492,2025-09-28 12:00:00,FallHDP,12:00,0.037
6493,2025-09-28 13:00:00,FallHDP,13:00,0.061
6494,2025-09-28 14:00:00,FallHDP,14:00,0.1
6495,2025-09-28 15:00:00,FallHDP,15:00,0.189
6496,2025-09-28 16:00:00,FallHDP,16:00,0.305
6497,2025-09-28 17:00:00,FallHDP,17:00,0.52
6498,2025-09-28 18:00:00,FallHDP,18:00,0.725
6499,2025-09-28 19:00:00,FallHDP,19:00,0.694
6500,2025-09-28 20:00:00,FallHDP,20:00,0.496
6501,2025-09-28 21:00:00,FallHDP,21:00,0.357
6502,2025-09-28 22:00:00,FallHDP,22:00,0.182
6503,2025-09-28 23:00:00,FallHDP,23:00,0.041
6504,2025-09-29 00:00:00,FallHDP,00:00,0.205
6505,2025-09-29 01:00:00,FallHDP,01:00,0.128
6506,2025-09-29 02:00:00,FallHDP,02:00,0.079
6507,2025-09-29 03:00:00,FallHDP,03:00,0.053
6508,2025-09-29 04:00:00,FallHDP,04:00,0.055
6509,2025-09-29 05:00:00,FallHDP,05:00,0.119
6510,2025-09-29 06:00:00,FallHDP,06:00,0.274
6511,2025-09-29 07:00:00,FallHDP,07:00,0.27
6512,2025-09-29 08:00:00,FallHDP,08:00,0.092
6513,2025-09-29 09:00:00,FallHDP,09:00,0.011
6514,2025-09-29 10:00:00,FallHDP,10:00,0.039
6515,2025-09-29 11:00:00,FallHDP,11:00,0.024
6516,2025-09-29 12:00:00,FallHDP,12:00,0.037
6517,2025-09-29 13:00:00,FallHDP,13:00,0.061
6518,2025-09-29 14:00:00,FallHDP,14:00,0.1
6519,2025-09-29 15:00:00,FallHDP,15:00,0.189
6520,2025-09-29 16:00:00,FallHDP,16:00,0.305
6521,2025-09-29 17:00:00,FallHDP,17:00,0.52
6522,2025-09-29 18:00:00,FallHDP,18:00,0.725
6523,2025-09-29 19:00:00,FallHDP,19:00,0.694
6524,2025-09-29 20:00:00,FallHDP,20:00,0.496
6525,2025-09-29 21:00:00,FallHDP,21:00,0.357
6526,2025-09-29 22:00:00,FallHDP,22:00,0.182
6527,2025-09-29 23:00:00,FallHDP,23:00,0.041
6528,2025-09-30 00:00:00,FallHDP,00:00,0.205
6529,2025-09-30 01:00:00,FallHDP,01:00,0.128
6530,2025-09-30 02:00:00,FallHDP,02:00,0.079
6531,2025-09-30 03:00:00,FallHDP,03:00,0.053
6532,2025-09-30 04:00:00,FallHDP,04:00,0.055
6533,2025-09-30 05:00:00,FallHDP,05:00,0.119
6534,2025-09-30 06:00:00,FallHDP,06:00,0.274
6535,2025-09-30 07:00:00,FallHDP,07:00,0.27
6536,2025-09-30 08:00:00,FallHDP,08:00,0.092
6537,2025-09-30 09:00:00,FallHDP,09:00,0.011
6538,2025-09-30 10:00:00,FallHDP,10:00,0.039
6539,2025-09-30 11:00:00,FallHDP,11:00,0.024
6540,2025-09-30 12:00:00,FallHDP,12:00,0.037
6541,2025-09-30 13:00:00,FallHDP,13:00,0.061
6542,2025-09-30 14:00:00,FallHDP,14:00,0.1
6543,2025-09-30 15:00:00,FallHDP,15:00,0.189
6544,2025-09-30 16:00:00,FallHDP,16:00,0.305
6545,2025-09-30 17:00:00,FallHDP,17:00,0.52
6546,2025-09-30 18:00:00,FallHDP,18:00,0.725
6547,2025-09-30 19:00:00,FallHDP,19:00,0.694
6548,2025-09-30 20:00:00,FallHDP,20:00,0.496
6549,2025-09-30 21:00:00,FallHDP,21:00,0.357
6550,2025-09-30 22:00:00,FallHDP,22:00,0.182
6551,2025-09-30 23:00:00,FallHDP,23:00,0.041
6552,2025-10-01 00:00:00,FallHDP,00:00,0.205
6553,2025-10-01 01:00:00,FallHDP,01:00,0.128
6554,2025-10-01 02:00:00,FallHDP,02:00,0.079
6555,2025-10-01 03:00:00,FallHDP,03:00,0.053
6556,2025-10-01 04:00:00,FallHDP,04:00,0.055
6557,2025-10-01 05:00:00,FallHDP,05:00,0.119
6558,2025-10-01 06:00:00,FallHDP,06:00,0.274
6559,2025-10-01 07:00:00,FallHDP,07:00,0.27
6560,2025-10-01 08:00:00,FallHDP,08:00,0.092
6561,2025-10-01 09:00:00,FallHDP,09:00,0.011
6562,2025-10-01 10:00:00,FallHDP,10:00,0.039
6563,2025-10-01 11:00:00,FallHDP,11:00,0.024
6564,2025-10-01 12:00:00,FallHDP,12:00,0.037
6565,2025-10-01 13:00:00,FallHDP,13:00,0.061
6566,2025-10-01 14:00:00,FallHDP,14:00,0.1
6567,2025-10-01 15:00:00,FallHDP,15:00,0.189
6568,2025-10-01 16:00:00,FallHDP,16:00,0.305
6569,2025-10-01 17:00:00,FallHDP,17:00,0.52
6570,2025-10-01 18:00:00,FallHDP,18:00,0.725
6571,2025-10-01 19:00:00,FallHDP,19:00,0.694
6572,2025-10-01 20:00:00,FallHDP,20:00,0.496
6573,2025-10-01 21:00:00,FallHDP,21:00,0.357
6574,2025-10-01 22:00:00,FallHDP,22:00,0.182
6575,2025-10-01 23:00:00,FallHDP,23:00,0.041
6576,2025-10-02 00:00:00,FallHDP,00:00,0.205
6577,2025-10-02 01:00:00,FallHDP,01:00,0.128
6578,2025-10-02 02:00:00,FallHDP,02:00,0.079
6579,2025-10-02 03:00:00,FallHDP,03:00,0.053
6580,2025-10-02 04:00:00,FallHDP,04:00,0.055
6581,2025-10-02 05:00:00,FallHDP,05:00,0.119
6582,2025-10-02 06:00:00,FallHDP,06:00,0.274
6583,2025-10-02 07:00:00,FallHDP,07:00,0.27
6584,2025-10-02 08:00:00,FallHDP,08:00,0.092
6585,2025-10-02 09:00:00,FallHDP,09:00,0.011
6586,2025-10-02 10:00:00,FallHDP,10:00,0.039
6587,2025-10-02 11:00:00,FallHDP,11:00,0.024
6588,2025-10-02 12:00:00,FallHDP,12:00,0.037
6589,2025-10-02 13:00:00,FallHDP,13:00,0.061
6590,2025-10-02 14:00:00,FallHDP,14:00,0.1
6591,2025-10-02 15:00:00,FallHDP,15:00,0.189
6592,2025-10-02 16:00:00,FallHDP,16:00,0.305
6593,2025-10-02 17:00:00,FallHDP,17:00,0.52
6594,2025-10-02 18:00:00,FallHDP,18:00,0.725
6595,2025-10-02 19:00:00,FallHDP,19:00,0.694
6596,2025-10-02 20:00:00,FallHDP,20:00,0.496
6597,2025-10-02 21:00:00,FallHDP,21:00,0.357
6598,2025-10-02 22:00:00,FallHDP,22:00,0.182
6599,2025-10-02 23:00:00,FallHDP,23:00,0.041
6600,2025-10-03 00:00:00,FallHDP,00:00,0.205
6601,2025-10-03 01:00:00,FallHDP,01:00,0.128
6602,2025-10-03 02:00:00,FallHDP,02:00,0.079
6603,2025-10-03 03:00:00,FallHDP,03:00,0.053
6604,2025-10-03 04:00:00,FallHDP,04:00,0.055
6605,2025-10-03 05:00:00,FallHDP,05:00,0.119
6606,2025-10-03 06:00:00,FallHDP,06:00,0.274
6607,2025-10-03 07:00:00,FallHDP,07:00,0.27
6608,2025-10-03 08:00:00,FallHDP,08:00,0.092
6609,2025-10-03 09:00:00,FallHDP,09:00,0.011
6610,2025-10-03 10:00:00,FallHDP,10:00,0.039
6611,2025-10-03 11:00:00,FallHDP,11:00,0.024
6612,2025-10-03 12:00:00,FallHDP,12:00,0.037
6613,2025-10-03 13:00:00,FallHDP,13:00,0.061
6614,2025-10-03 14:00:00,FallHDP,14:00,0.1
6615,2025-10-03 15:00:00,FallHDP,15:00,0.189
6616,2025-10-03 16:00:00,FallHDP,16:00,0.305
6617,2025-10-03 17:00:00,FallHDP,17:00,0.52
6618,2025-10-03 18:00:00,FallHDP,18:00,0.725
6619,2025-10-03 19:00:00,FallHDP,19:00,0.694
6620,2025-10-03 20:00:00,FallHDP,20:00,0.496
6621,2025-10-03 21:00:00,FallHDP,21:00,0.357
6622,2025-10-03 22:00:00,FallHDP,22:00,0.182
6623,2025-10-03 23:00:00,FallHDP,23:00,0.041
6624,2025-10-04 00:00:00,FallHDP,00:00,0.205
6625,2025-10-04 01:00:00,FallHDP,01:00,0.128
6626,2025-10-04 02:00:00,FallHDP,02:00,0.079
6627,2025-10-04 03:00:00,FallHDP,03:00,0.053
6628,2025-10-04 04:00:00,FallHDP,04:00,0.055
6629,2025-10-04 05:00:00,FallHDP,05:00,0.119
6630,2025-10-04 06:00:00,FallHDP,06:00,0.274
6631,2025-10-04 07:00:00,FallHDP,07:00,0.27
6632,2025-10-04 08:00:00,FallHDP,08:00,0.092
6633,2025-10-04 09:00:00,FallHDP,09:00,0.011
6634,2025-10-04 10:00:00,FallHDP,10:00,0.039
6635,2025-10-04 11:00:00,FallHDP,11:00,0.024
6636,2025-10-04 12:00:00,FallHDP,12:00,0.037
6637,2025-10-04 13:00:00,FallHDP,13:00,0.061
6638,2025-10-04 14:00:00,FallHDP,14:00,0.1
6639,2025-10-04 15:00:00,FallHDP,15:00,0.189
6640,2025-10-04 16:00:00,FallHDP,16:00,0.305
6641,2025-10-04 17:00:00,FallHDP,17:00,0.52
6642,2025-10-04 18:00:00,FallHDP,18:00,0.725
6643,2025-10-04 19:00:00,FallHDP,19:00,0.694
6644,2025-10-04 20:00:00,FallHDP,20:00,0.496
6645,2025-10-04 21:00:00,FallHDP,21:00,0.357
6646,2025-10-04 22:00:00,FallHDP,22:00,0.182
6647,2025-10-04 23:00:00,FallHDP,23:00,0.041
6648,2025-10-05 00:00:00,FallHDP,00:00,0.205
6649,2025-10-05 01:00:00,FallHDP,01:00,0.128
6650,2025-10-05 02:00:00,FallHDP,02:00,0.079
6651,2025-10-05 03:00:00,FallHDP,03:00,0.053
6652,2025-10-05 04:00:00,FallHDP,04:00,0.055
6653,2025-10-05 05:00:00,FallHDP,05:00,0.119
6654,2025-10-05 06:00:00,FallHDP,06:00,0.274
6655,2025-10-05 07:00:00,FallHDP,07:00,0.27
6656,2025-10-05 08:00:00,FallHDP,08:00,0.092
6657,2025-10-05 09:00:00,FallHDP,09:00,0.011
6658,2025-10-05 10:00:00,FallHDP,10:00,0.039
6659,2025-10-05 11:00:00,FallHDP,11:00,0.024
6660,2025-10-05 12:00:00,FallHDP,12:00,0.037
6661,2025-10-05 13:00:00,FallHDP,13:00,0.061
6662,2025-10-05 14:00:00,FallHDP,14:00,0.1
6663,2025-10-05 15:00:00,FallHDP,15:00,0.189
6664,2025-10-05 16:00:00,FallHDP,16:00,0.305
6665,2025-10-05 17:00:00,FallHDP,17:00,0.52
6666,2025-10-05 18:00:00,FallHDP,18:00,0.725
6667,2025-10-05 19:00:00,FallHDP,19:00,0.694
6668,2025-10-05 20:00:00,FallHDP,20:00,0.496
6669,2025-10-05 21:00:00,FallHDP,21:00,0.357
6670,2025-10-05 22:00:00,FallHDP,22:00,0.182
6671,2025-10-05 23:00:00,FallHDP,23:00,0.041
6672,2025-10-06 00:00:00,FallHDP,00:00,0.205
6673,2025-10-06 01:00:00,FallHDP,01:00,0.128
6674,2025-10-06 02:00:00,FallHDP,02:00,0.079
6675,2025-10-06 03:00:00,FallHDP,03:00,0.053
6676,2025-10-06 04:00:00,FallHDP,04:00,0.055
6677,2025-10-06 05:00:00,FallHDP,05:00,0.119
6678,2025-10-06 06:00:00,FallHDP,06:00,0.274
6679,2025-10-06 07:00:00,FallHDP,07:00,0.27
6680,2025-10-06 08:00:00,FallHDP,08:00,0.092
6681,2025-10-06 09:00:00,FallHDP,09:00,0.011
6682,2025-10-06 10:00:00,FallHDP,10:00,0.039
6683,2025-10-06 11:00:00,FallHDP,11:00,0.024
6684,2025-10-06 12:00:00,FallHDP,12:00,0.037
6685,2025-10-06 13:00:00,FallHDP,13:00,0.061
6686,2025-10-06 14:00:00,FallHDP,14:00,0.1
6687,2025-10-06 15:00:00,FallHDP,15:00,0.189
6688,2025-10-06 16:00:00,FallHDP,16:00,0.305
6689,2025-10-06 17:00:00,FallHDP,17:00,0.52
6690,2025-10-06 18:00:00,FallHDP,18:00,0.725
6691,2025-10-06 19:00:00,FallHDP,19:00,0.694
6692,2025-10-06 20:00:00,FallHDP,20:00,0.496
6693,2025-10-06 21:00:00,FallHDP,21:00,0.357
6694,2025-10-06 22:00:00,FallHDP,22:00,0.182
6695,2025-10-06 23:00:00,FallHDP,23:00,0.041
6696,2025-10-07 00:00:00,FallHDP,00:00,0.205
6697,2025-10-07 01:00:00,FallHDP,01:00,0.128
6698,2025-10-07 02:00:00,FallHDP,02:00,0.079
6699,2025-10-07 03:00:00,FallHDP,03:00,0.053
6700,2025-10-07 04:00:00,FallHDP,04:00,0.055
6701,2025-10-07 05:00:00,FallHDP,05:00,0.119
6702,2025-10-07 06:00:00,FallHDP,06:00,0.274
6703,2025-10-07 07:00:00,FallHDP,07:00,0.27
6704,2025-10-07 08:00:00,FallHDP,08:00,0.092
6705,2025-10-07 09:00:00,FallHDP,09:00,0.011
6706,2025-10-07 10:00:00,FallHDP,10:00,0.039
6707,2025-10-07 11:00:00,FallHDP,11:00,0.024
6708,2025-10-07 12:00:00,FallHDP,12:00,0.037
6709,2025-10-07 13:00:00,FallHDP,13:00,0.061
6710,2025-10-07 14:00:00,FallHDP,14:00,0.1
6711,2025-10-07 15:00:00,FallHDP,15:00,0.189
6712,2025-10-07 16:00:00,FallHDP,16:00,0.305
6713,2025-10-07 17:00:00,FallHDP,17:00,0.52
6714,2025-10-07 18:00:00,FallHDP,18:00,0.725
6715,2025-10-07 19:00:00,FallHDP,19:00,0.694
6716,2025-10-07 20:00:00,FallHDP,20:00,0.496
6717,2025-10-07 21:00:00,FallHDP,21:00,0.357
6718,2025-10-07 22:00:00,FallHDP,22:00,0.182
6719,2025-10-07 23:00:00,FallHDP,23:00,0.041
6720,2025-10-08 00:00:00,FallHDP,00:00,0.205
6721,2025-10-08 01:00:00,FallHDP,01:00,0.128
6722,2025-10-08 02:00:00,FallHDP,02:00,0.079
6723,2025-10-08 03:00:00,FallHDP,03:00,0.053
6724,2025-10-08 04:00:00,FallHDP,04:00,0.055
6725,2025-10-08 05:00:00,FallHDP,05:00,0.119
6726,2025-10-08 06:00:00,FallHDP,06:00,0.274
6727,2025-10-08 07:00:00,FallHDP,07:00,0.27
6728,2025-10-08 08:00:00,FallHDP,08:00,0.092
6729,2025-10-08 09:00:00,FallHDP,09:00,0.011
6730,2025-10-08 10:00:00,FallHDP,10:00,0.039
6731,2025-10-08 11:00:00,FallHDP,11:00,0.024
6732,2025-10-08 12:00:00,FallHDP,12:00,0.037
6733,2025-10-08 13:00:00,FallHDP,13:00,0.061
6734,2025-10-08 14:00:00,FallHDP,14:00,0.1
6735,2025-10-08 15:00:00,FallHDP,15:00,0.189
6736,2025-10-08 16:00:00,FallHDP,16:00,0.305
6737,2025-10-08 17:00:00,FallHDP,17:00,0.52
6738,2025-10-08 18:00:00,FallHDP,18:00,0.725
6739,2025-10-08 19:00:00,FallHDP,19:00,0.694
6740,2025-10-08 20:00:00,FallHDP,20:00,0.496
6741,2025-10-08 21:00:00,FallHDP,21:00,0.357
6742,2025-10-08 22:00:00,FallHDP,22:00,0.182
6743,2025-10-08 23:00:00,FallHDP,23:00,0.041
6744,2025-10-09 00:00:00,FallHDP,00:00,0.205
6745,2025-10-09 01:00:00,FallHDP,01:00,0.128
6746,2025-10-09 02:00:00,FallHDP,02:00,0.079
6747,2025-10-09 03:00:00,FallHDP,03:00,0.053
6748,2025-10-09 04:00:00,FallHDP,04:00,0.055
6749,2025-10-09 05:00:00,FallHDP,05:00,0.119
6750,2025-10-09 06:00:00,FallHDP,06:00,0.274
6751,2025-10-09 07:00:00,FallHDP,07:00,0.27
6752,2025-10-09 08:00:00,FallHDP,08:00,0.092
6753,2025-10-09 09:00:00,FallHDP,09:00,0.011
6754,2025-10-09 10:00:00,FallHDP,10:00,0.039
6755,2025-10-09 11:00:00,FallHDP,11:00,0.024
6756,2025-10-09 12:00:00,FallHDP,12:00,0.037
6757,2025-10-09 13:00:00,FallHDP,13:00,0.061
6758,2025-10-09 14:00:00,FallHDP,14:00,0.1
6759,2025-10-09 15:00:00,FallHDP,15:00,0.189
6760,2025-10-09 16:00:00,FallHDP,16:00,0.305
6761,2025-10-09 17:00:00,FallHDP,17:00,0.52
6762,2025-10-09 18:00:00,FallHDP,18:00,0.725
6763,2025-10-09 19:00:00,FallHDP,19:00,0.694
6764,2025-10-09 20:00:00,FallHDP,20:00,0.496
6765,2025-10-09 21:00:00,FallHDP,21:00,0.357
6766,2025-10-09 22:00:00,FallHDP,22:00,0.182
6767,2025-10-09 23:00:00,FallHDP,23:00,0.041
6768,2025-10-10 00:00:00,FallHDP,00:00,0.205
6769,2025-10-10 01:00:00,FallHDP,01:00,0.128
6770,2025-10-10 02:00:00,FallHDP,02:00,0.079
6771,2025-10-10 03:00:00,FallHDP,03:00,0.053
6772,2025-10-10 04:00:00,FallHDP,04:00,0.055
6773,2025-10-10 05:00:00,FallHDP,05:00,0.119
6774,2025-10-10 06:00:00,FallHDP,06:00,0.274
6775,2025-10-10 07:00:00,FallHDP,07:00,0.27
6776,2025-10-10 08:00:00,FallHDP,08:00,0.092
6777,2025-10-10 09:00:00,FallHDP,09:00,0.011
6778,2025-10-10 10:00:00,FallHDP,10:00,0.039
6779,2025-10-10 11:00:00,FallHDP,11:00,0.024
6780,2025-10-10 12:00:00,FallHDP,12:00,0.037
6781,2025-10-10 13:00:00,FallHDP,13:00,0.061
6782,2025-10-10 14:00:00,FallHDP,14:00,0.1
6783,2025-10-10 15:00:00,FallHDP,15:00,0.189
6784,2025-10-10 16:00:00,FallHDP,16:00,0.305
6785,2025-10-10 17:00:00,FallHDP,17:00,0.52
6786,2025-10-10 18:00:00,FallHDP,18:00,0.725
6787,2025-10-10 19:00:00,FallHDP,19:00,0.694
6788,2025-10-10 20:00:00,FallHDP,20:00,0.496
6789,2025-10-10 21:00:00,FallHDP,21:00,0.357
6790,2025-10-10 22:00:00,FallHDP,22:00,0.182
6791,2025-10-10 23:00:00,FallHDP,23:00,0.041
6792,2025-10-11 00:00:00,FallHDP,00:00,0.205
6793,2025-10-11 01:00:00,FallHDP,01:00,0.128
6794,2025-10-11 02:00:00,FallHDP,02:00,0.079
6795,2025-10-11 03:00:00,FallHDP,03:00,0.053
6796,2025-10-11 04:00:00,FallHDP,04:00,0.055
6797,2025-10-11 05:00:00,FallHDP,05:00,0.119
6798,2025-10-11 06:00:00,FallHDP,06:00,0.274
6799,2025-10-11 07:00:00,FallHDP,07:00,0.27
6800,2025-10-11 08:00:00,FallHDP,08:00,0.092
6801,2025-10-11 09:00:00,FallHDP,09:00,0.011
6802,2025-10-11 10:00:00,FallHDP,10:00,0.039
6803,2025-10-11 11:00:00,FallHDP,11:00,0.024
6804,2025-10-11 12:00:00,FallHDP,12:00,0.037
6805,2025-10-11 13:00:00,FallHDP,13:00,0.061
6806,2025-10-11 14:00:00,FallHDP,14:00,0.1
6807,2025-10-11 15:00:00,FallHDP,15:00,0.189
6808,2025-10-11 16:00:00,FallHDP,16:00,0.305
6809,2025-10-11 17:00:00,FallHDP,17:00,0.52
6810,2025-10-11 18:00:00,FallHDP,18:00,0.725
6811,2025-10-11 19:00:00,FallHDP,19:00,0.694
6812,2025-10-11 20:00:00,FallHDP,20:00,0.496
6813,2025-10-11 21:00:00,FallHDP,21:00,0.357
6814,2025-10-11 22:00:00,FallHDP,22:00,0.182
6815,2025-10-11 23:00:00,FallHDP,23:00,0.041
6816,2025-10-12 00:00:00,FallHDP,00:00,0.205
6817,2025-10-12 01:00:00,FallHDP,01:00,0.128
6818,2025-10-12 02:00:00,FallHDP,02:00,0.079
6819,2025-10-12 03:00:00,FallHDP,03:00,0.053
6820,2025-10-12 04:00:00,FallHDP,04:00,0.055
6821,2025-10-12 05:00:00,FallHDP,05:00,0.119
6822,2025-10-12 06:00:00,FallHDP,06:00,0.274
6823,2025-10-12 07:00:00,FallHDP,07:00,0.27
6824,2025-10-12 08:00:00,FallHDP,08:00,0.092
6825,2025-10-12 09:00:00,FallHDP,09:00,0.011
6826,2025-10-12 10:00:00,FallHDP,10:00,0.039
6827,2025-10-12 11:00:00,FallHDP,11:00,0.024
6828,2025-10-12 12:00:00,FallHDP,12:00,0.037
6829,2025-10-12 13:00:00,FallHDP,13:00,0.061
6830,2025-10-12 14:00:00,FallHDP,14:00,0.1
6831,2025-10-12 15:00:00,FallHDP,15:00,0.189
6832,2025-10-12 16:00:00,FallHDP,16:00,0.305
6833,2025-10-12 17:00:00,FallHDP,17:00,0.52
6834,2025-10-12 18:00:00,FallHDP,18:00,0.725
6835,2025-10-12 19:00:00,FallHDP,19:00,0.694
6836,2025-10-12 20:00:00,FallHDP,20:00,0.496
6837,2025-10-12 21:00:00,FallHDP,21:00,0.357
6838,2025-10-12 22:00:00,FallHDP,22:00,0.182
6839,2025-10-12 23:00:00,FallHDP,23:00,0.041
6840,2025-10-13 00:00:00,FallHDP,00:00,0.205
6841,2025-10-13 01:00:00,FallHDP,01:00,0.128
6842,2025-10-13 02:00:00,FallHDP,02:00,0.079
6843,2025-10-13 03:00:00,FallHDP,03:00,0.053
6844,2025-10-13 04:00:00,FallHDP,04:00,0.055
6845,2025-10-13 05:00:00,FallHDP,05:00,0.119
6846,2025-10-13 06:00:00,FallHDP,06:00,0.274
6847,2025-10-13 07:00:00,FallHDP,07:00,0.27
6848,2025-10-13 08:00:00,FallHDP,08:00,0.092
6849,2025-10-13 09:00:00,FallHDP,09:00,0.011
6850,2025-10-13 10:00:00,FallHDP,10:00,0.039
6851,2025-10-13 11:00:00,FallHDP,11:00,0.024
6852,2025-10-13 12:00:00,FallHDP,12:00,0.037
6853,2025-10-13 13:00:00,FallHDP,13:00,0.061
6854,2025-10-13 14:00:00,FallHDP,14:00,0.1
6855,2025-10-13 15:00:00,FallHDP,15:00,0.189
6856,2025-10-13 16:00:00,FallHDP,16:00,0.305
6857,2025-10-13 17:00:00,FallHDP,17:00,0.52
6858,2025-10-13 18:00:00,FallHDP,18:00,0.725
6859,2025-10-13 19:00:00,FallHDP,19:00,0.694
6860,2025-10-13 20:00:00,FallHDP,20:00,0.496
6861,2025-10-13 21:00:00,FallHDP,21:00,0.357
6862,2025-10-13 22:00:00,FallHDP,22:00,0.182
6863,2025-10-13 23:00:00,FallHDP,23:00,0.041
6864,2025-10-14 00:00:00,FallHDP,00:00,0.205
6865,2025-10-14 01:00:00,FallHDP,01:00,0.128
6866,2025-10-14 02:00:00,FallHDP,02:00,0.079
6867,2025-10-14 03:00:00,FallHDP,03:00,0.053
6868,2025-10-14 04:00:00,FallHDP,04:00,0.055
6869,2025-10-14 05:00:00,FallHDP,05:00,0.119
6870,2025-10-14 06:00:00,FallHDP,06:00,0.274
6871,2025-10-14 07:00:00,FallHDP,07:00,0.27
6872,2025-10-14 08:00:00,FallHDP,08:00,0.092
6873,2025-10-14 09:00:00,FallHDP,09:00,0.011
6874,2025-10-14 10:00:00,FallHDP,10:00,0.039
6875,2025-10-14 11:00:00,FallHDP,11:00,0.024
6876,2025-10-14 12:00:00,FallHDP,12:00,0.037
6877,2025-10-14 13:00:00,FallHDP,13:00,0.061
6878,2025-10-14 14:00:00,FallHDP,14:00,0.1
6879,2025-10-14 15:00:00,FallHDP,15:00,0.189
6880,2025-10-14 16:00:00,FallHDP,16:00,0.305
6881,2025-10-14 17:00:00,FallHDP,17:00,0.52
6882,2025-10-14 18:00:00,FallHDP,18:00,0.725
6883,2025-10-14 19:00:00,FallHDP,19:00,0.694
6884,2025-10-14 20:00:00,FallHDP,20:00,0.496
6885,2025-10-14 21:00:00,FallHDP,21:00,0.357
6886,2025-10-14 22:00:00,FallHDP,22:00,0.182
6887,2025-10-14 23:00:00,FallHDP,23:00,0.041
6888,2025-10-15 00:00:00,FallHDP,00:00,0.205
6889,2025-10-15 01:00:00,FallHDP,01:00,0.128
6890,2025-10-15 02:00:00,FallHDP,02:00,0.079
6891,2025-10-15 03:00:00,FallHDP,03:00,0.053
6892,2025-10-15 04:00:00,FallHDP,04:00,0.055
6893,2025-10-15 05:00:00,FallHDP,05:00,0.119
6894,2025-10-15 06:00:00,FallHDP,06:00,0.274
6895,2025-10-15 07:00:00,FallHDP,07:00,0.27
6896,2025-10-15 08:00:00,FallHDP,08:00,0.092
6897,2025-10-15 09:00:00,FallHDP,09:00,0.011
6898,2025-10-15 10:00:00,FallHDP,10:00,0.039
6899,2025-10-15 11:00:00,FallHDP,11:00,0.024
6900,2025-10-15 12:00:00,FallHDP,12:00,0.037
6901,2025-10-15 13:00:00,FallHDP,13:00,0.061
6902,2025-10-15 14:00:00,FallHDP,14:00,0.1
6903,2025-10-15 15:00:00,FallHDP,15:00,0.189
6904,2025-10-15 16:00:00,FallHDP,16:00,0.305
6905,2025-10-15 17:00:00,FallHDP,17:00,0.52
6906,2025-10-15 18:00:00,FallHDP,18:00,0.725
6907,2025-10-15 19:00:00,FallHDP,19:00,0.694
6908,2025-10-15 20:00:00,FallHDP,20:00,0.496
6909,2025-10-15 21:00:00,FallHDP,21:00,0.357
6910,2025-10-15 22:00:00,FallHDP,22:00,0.182
6911,2025-10-15 23:00:00,FallHDP,23:00,0.041
6912,2025-10-16 00:00:00,FallHDP,00:00,0.205
6913,2025-10-16 01:00:00,FallHDP,01:00,0.128
6914,2025-10-16 02:00:00,FallHDP,02:00,0.079
6915,2025-10-16 03:00:00,FallHDP,03:00,0.053
6916,2025-10-16 04:00:00,FallHDP,04:00,0.055
6917,2025-10-16 05:00:00,FallHDP,05:00,0.119
6918,2025-10-16 06:00:00,FallHDP,06:00,0.274
6919,2025-10-16 07:00:00,FallHDP,07:00,0.27
6920,2025-10-16 08:00:00,FallHDP,08:00,0.092
6921,2025-10-16 09:00:00,FallHDP,09:00,0.011
6922,2025-10-16 10:00:00,FallHDP,10:00,0.039
6923,2025-10-16 11:00:00,FallHDP,11:00,0.024
6924,2025-10-16 12:00:00,FallHDP,12:00,0.037
6925,2025-10-16 13:00:00,FallHDP,13:00,0.061
6926,2025-10-16 14:00:00,FallHDP,14:00,0.1
6927,2025-10-16 15:00:00,FallHDP,15:00,0.189
6928,2025-10-16 16:00:00,FallHDP,16:00,0.305
6929,2025-10-16 17:00:00,FallHDP,17:00,0.52
6930,2025-10-16 18:00:00,FallHDP,18:00,0.725
6931,2025-10-16 19:00:00,FallHDP,19:00,0.694
6932,2025-10-16 20:00:00,FallHDP,20:00,0.496
6933,2025-10-16 21:00:00,FallHDP,21:00,0.357
6934,2025-10-16 22:00:00,FallHDP,22:00,0.182
6935,2025-10-16 23:00:00,FallHDP,23:00,0.041
6936,2025-10-17 00:00:00,FallHDP,00:00,0.205
6937,2025-10-17 01:00:00,FallHDP,01:00,0.128
6938,2025-10-17 02:00:00,FallHDP,02:00,0.079
6939,2025-10-17 03:00:00,FallHDP,03:00,0.053
6940,2025-10-17 04:00:00,FallHDP,04:00,0.055
6941,2025-10-17 05:00:00,FallHDP,05:00,0.119
6942,2025-10-17 06:00:00,FallHDP,06:00,0.274
6943,2025-10-17 07:00:00,FallHDP,07:00,0.27
6944,2025-10-17 08:00:00,FallHDP,08:00,0.092
6945,2025-10-17 09:00:00,FallHDP,09:00,0.011
6946,2025-10-17 10:00:00,FallHDP,10:00,0.039
6947,2025-10-17 11:00:00,FallHDP,11:00,0.024
6948,2025-10-17 12:00:00,FallHDP,12:00,0.037
6949,2025-10-17 13:00:00,FallHDP,13:00,0.061
6950,2025-10-17 14:00:00,FallHDP,14:00,0.1
6951,2025-10-17 15:00:00,FallHDP,15:00,0.189
6952,2025-10-17 16:00:00,FallHDP,16:00,0.305
6953,2025-10-17 17:00:00,FallHDP,17:00,0.52
6954,2025-10-17 18:00:00,FallHDP,18:00,0.725
6955,2025-10-17 19:00:00,FallHDP,19:00,0.694
6956,2025-10-17 20:00:00,FallHDP,20:00,0.496
6957,2025-10-17 21:00:00,FallHDP,21:00,0.357
6958,2025-10-17 22:00:00,FallHDP,22:00,0.182
6959,2025-10-17 23:00:00,FallHDP,23:00,0.041
6960,2025-10-18 00:00:00,FallHDP,00:00,0.205
6961,2025-10-18 01:00:00,FallHDP,01:00,0.128
6962,2025-10-18 02:00:00,FallHDP,02:00,0.079
6963,2025-10-18 03:00:00,FallHDP,03:00,0.053
6964,2025-10-18 04:00:00,FallHDP,04:00,0.055
6965,2025-10-18 05:00:00,FallHDP,05:00,0.119
6966,2025-10-18 06:00:00,FallHDP,06:00,0.274
6967,2025-10-18 07:00:00,FallHDP,07:00,0.27
6968,2025-10-18 08:00:00,FallHDP,08:00,0.092
6969,2025-10-18 09:00:00,FallHDP,09:00,0.011
6970,2025-10-18 10:00:00,FallHDP,10:00,0.039
6971,2025-10-18 11:00:00,FallHDP,11:00,0.024
6972,2025-10-18 12:00:00,FallHDP,12:00,0.037
6973,2025-10-18 13:00:00,FallHDP,13:00,0.061
6974,2025-10-18 14:00:00,FallHDP,14:00,0.1
6975,2025-10-18 15:00:00,FallHDP,15:00,0.189
6976,2025-10-18 16:00:00,FallHDP,16:00,0.305
6977,2025-10-18 17:00:00,FallHDP,17:00,0.52
6978,2025-10-18 18:00:00,FallHDP,18:00,0.725
6979,2025-10-18 19:00:00,FallHDP,19:00,0.694
6980,2025-10-18 20:00:00,FallHDP,20:00,0.496
6981,2025-10-18 21:00:00,FallHDP,21:00,0.357
6982,2025-10-18 22:00:00,FallHDP,22:00,0.182
6983,2025-10-18 23:00:00,FallHDP,23:00,0.041
6984,2025-10-19 00:00:00,FallHDP,00:00,0.205
6985,2025-10-19 01:00:00,FallHDP,01:00,0.128
6986,2025-10-19 02:00:00,FallHDP,02:00,0.079
6987,2025-10-19 03:00:00,FallHDP,03:00,0.053
6988,2025-10-19 04:00:00,FallHDP,04:00,0.055
6989,2025-10-19 05:00:00,FallHDP,05:00,0.119
6990,2025-10-19 06:00:00,FallHDP,06:00,0.274
6991,2025-10-19 07:00:00,FallHDP,07:00,0.27
6992,2025-10-19 08:00:00,FallHDP,08:00,0.092
6993,2025-10-19 09:00:00,FallHDP,09:00,0.011
6994,2025-10-19 10:00:00,FallHDP,10:00,0.039
6995,2025-10-19 11:00:00,FallHDP,11:00,0.024
6996,2025-10-19 12:00:00,FallHDP,12:00,0.037
6997,2025-10-19 13:00:00,FallHDP,13:00,0.061
6998,2025-10-19 14:00:00,FallHDP,14:00,0.1
6999,2025-10-19 15:00:00,FallHDP,15:00,0.189
7000,2025-10-19 16:00:00,FallHDP,16:00,0.305
7001,2025-10-19 17:00:00,FallHDP,17:00,0.52
7002,2025-10-19 18:00:00,FallHDP,18:00,0.725
7003,2025-10-19 19:00:00,FallHDP,19:00,0.694
7004,2025-10-19 20:00:00,FallHDP,20:00,0.496
7005,2025-10-19 21:00:00,FallHDP,21:00,0.357
7006,2025-10-19 22:00:00,FallHDP,22:00,0.182
7007,2025-10-19 23:00:00,FallHDP,23:00,0.041
7008,2025-10-20 00:00:00,FallHDP,00:00,0.205
7009,2025-10-20 01:00:00,FallHDP,01:00,0.128
7010,2025-10-20 02:00:00,FallHDP,02:00,0.079
7011,2025-10-20 03:00:00,FallHDP,03:00,0.053
7012,2025-10-20 04:00:00,FallHDP,04:00,0.055
7013,2025-10-20 05:00:00,FallHDP,05:00,0.119
7014,2025-10-20 06:00:00,FallHDP,06:00,0.274
7015,2025-10-20 07:00:00,FallHDP,07:00,0.27
7016,2025-10-20 08:00:00,FallHDP,08:00,0.092
7017,2025-10-20 09:00:00,FallHDP,09:00,0.011
7018,2025-10-20 10:00:00,FallHDP,10:00,0.039
7019,2025-10-20 11:00:00,FallHDP,11:00,0.024
7020,2025-10-20 12:00:00,FallHDP,12:00,0.037
7021,2025-10-20 13:00:00,FallHDP,13:00,0.061
7022,2025-10-20 14:00:00,FallHDP,14:00,0.1
7023,2025-10-20 15:00:00,FallHDP,15:00,0.189
7024,2025-10-20 16:00:00,FallHDP,16:00,0.305
7025,2025-10-20 17:00:00,FallHDP,17:00,0.52
7026,2025-10-20 18:00:00,FallHDP,18:00,0.725
7027,2025-10-20 19:00:00,FallHDP,19:00,0.694
7028,2025-10-20 20:00:00,FallHDP,20:00,0.496
7029,2025-10-20 21:00:00,FallHDP,21:00,0.357
7030,2025-10-20 22:00:00,FallHDP,22:00,0.182
7031,2025-10-20 23:00:00,FallHDP,23:00,0.041
7032,2025-10-21 00:00:00,FallHDP,00:00,0.205
7033,2025-10-21 01:00:00,FallHDP,01:00,0.128
7034,2025-10-21 02:00:00,FallHDP,02:00,0.079
7035,2025-10-21 03:00:00,FallHDP,03:00,0.053
7036,2025-10-21 04:00:00,FallHDP,04:00,0.055
7037,2025-10-21 05:00:00,FallHDP,05:00,0.119
7038,2025-10-21 06:00:00,FallHDP,06:00,0.274
7039,2025-10-21 07:00:00,FallHDP,07:00,0.27
7040,2025-10-21 08:00:00,FallHDP,08:00,0.092
7041,2025-10-21 09:00:00,FallHDP,09:00,0.011
7042,2025-10-21 10:00:00,FallHDP,10:00,0.039
7043,2025-10-21 11:00:00,FallHDP,11:00,0.024
7044,2025-10-21 12:00:00,FallHDP,12:00,0.037
7045,2025-10-21 13:00:00,FallHDP,13:00,0.061
7046,2025-10-21 14:00:00,FallHDP,14:00,0.1
7047,2025-10-21 15:00:00,FallHDP,15:00,0.189
7048,2025-10-21 16:00:00,FallHDP,16:00,0.305
7049,2025-10-21 17:00:00,FallHDP,17:00,0.52
7050,2025-10-21 18:00:00,FallHDP,18:00,0.725
7051,2025-10-21 19:00:00,FallHDP,19:00,0.694
7052,2025-10-21 20:00:00,FallHDP,20:00,0.496
7053,2025-10-21 21:00:00,FallHDP,21:00,0.357
7054,2025-10-21 22:00:00,FallHDP,22:00,0.182
7055,2025-10-21 23:00:00,FallHDP,23:00,0.041
7056,2025-10-22 00:00:00,FallHDP,00:00,0.205
7057,2025-10-22 01:00:00,FallHDP,01:00,0.128
7058,2025-10-22 02:00:00,FallHDP,02:00,0.079
7059,2025-10-22 03:00:00,FallHDP,03:00,0.053
7060,2025-10-22 04:00:00,FallHDP,04:00,0.055
7061,2025-10-22 05:00:00,FallHDP,05:00,0.119
7062,2025-10-22 06:00:00,FallHDP,06:00,0.274
7063,2025-10-22 07:00:00,FallHDP,07:00,0.27
7064,2025-10-22 08:00:00,FallHDP,08:00,0.092
7065,2025-10-22 09:00:00,FallHDP,09:00,0.011
7066,2025-10-22 10:00:00,FallHDP,10:00,0.039
7067,2025-10-22 11:00:00,FallHDP,11:00,0.024
7068,2025-10-22 12:00:00,FallHDP,12:00,0.037
7069,2025-10-22 13:00:00,FallHDP,13:00,0.061
7070,2025-10-22 14:00:00,FallHDP,14:00,0.1
7071,2025-10-22 15:00:00,FallHDP,15:00,0.189
7072,2025-10-22 16:00:00,FallHDP,16:00,0.305
7073,2025-10-22 17:00:00,FallHDP,17:00,0.52
7074,2025-10-22 18:00:00,FallHDP,18:00,0.725
7075,2025-10-22 19:00:00,FallHDP,19:00,0.694
7076,2025-10-22 20:00:00,FallHDP,20:00,0.496
7077,2025-10-22 21:00:00,FallHDP,21:00,0.357
7078,2025-10-22 22:00:00,FallHDP,22:00,0.182
7079,2025-10-22 23:00:00,FallHDP,23:00,0.041
7080,2025-10-23 00:00:00,FallHDP,00:00,0.205
7081,2025-10-23 01:00:00,FallHDP,01:00,0.128
7082,2025-10-23 02:00:00,FallHDP,02:00,0.079
7083,2025-10-23 03:00:00,FallHDP,03:00,0.053
7084,2025-10-23 04:00:00,FallHDP,04:00,0.055
7085,2025-10-23 05:00:00,FallHDP,05:00,0.119
7086,2025-10-23 06:00:00,FallHDP,06:00,0.274
7087,2025-10-23 07:00:00,FallHDP,07:00,0.27
7088,2025-10-23 08:00:00,FallHDP,08:00,0.092
7089,2025-10-23 09:00:00,FallHDP,09:00,0.011
7090,2025-10-23 10:00:00,FallHDP,10:00,0.039
7091,2025-10-23 11:00:00,FallHDP,11:00,0.024
7092,2025-10-23 12:00:00,FallHDP,12:00,0.037
7093,2025-10-23 13:00:00,FallHDP,13:00,0.061
7094,2025-10-23 14:00:00,FallHDP,14:00,0.1
7095,2025-10-23 15:00:00,FallHDP,15:00,0.189
7096,2025-10-23 16:00:00,FallHDP,16:00,0.305
7097,2025-10-23 17:00:00,FallHDP,17:00,0.52
7098,2025-10-23 18:00:00,FallHDP,18:00,0.725
7099,2025-10-23 19:00:00,FallHDP,19:00,0.694
7100,2025-10-23 20:00:00,FallHDP,20:00,0.496
7101,2025-10-23 21:00:00,FallHDP,21:00,0.357
7102,2025-10-23 22:00:00,FallHDP,22:00,0.182
7103,2025-10-23 23:00:00,FallHDP,23:00,0.041
7104,2025-10-24 00:00:00,FallHDP,00:00,0.205
7105,2025-10-24 01:00:00,FallHDP,01:00,0.128
7106,2025-10-24 02:00:00,FallHDP,02:00,0.079
7107,2025-10-24 03:00:00,FallHDP,03:00,0.053
7108,2025-10-24 04:00:00,FallHDP,04:00,0.055
7109,2025-10-24 05:00:00,FallHDP,05:00,0.119
7110,2025-10-24 06:00:00,FallHDP,06:00,0.274
7111,2025-10-24 07:00:00,FallHDP,07:00,0.27
7112,2025-10-24 08:00:00,FallHDP,08:00,0.092
7113,2025-10-24 09:00:00,FallHDP,09:00,0.011
7114,2025-10-24 10:00:00,FallHDP,10:00,0.039
7115,2025-10-24 11:00:00,FallHDP,11:00,0.024
7116,2025-10-24 12:00:00,FallHDP,12:00,0.037
7117,2025-10-24 13:00:00,FallHDP,13:00,0.061
7118,2025-10-24 14:00:00,FallHDP,14:00,0.1
7119,2025-10-24 15:00:00,FallHDP,15:00,0.189
7120,2025-10-24 16:00:00,FallHDP,16:00,0.305
7121,2025-10-24 17:00:00,FallHDP,17:00,0.52
7122,2025-10-24 18:00:00,FallHDP,18:00,0.725
7123,2025-10-24 19:00:00,FallHDP,19:00,0.694
7124,2025-10-24 20:00:00,FallHDP,20:00,0.496
7125,2025-10-24 21:00:00,FallHDP,21:00,0.357
7126,2025-10-24 22:00:00,FallHDP,22:00,0.182
7127,2025-10-24 23:00:00,FallHDP,23:00,0.041
7128,2025-10-25 00:00:00,FallHDP,00:00,0.205
7129,2025-10-25 01:00:00,FallHDP,01:00,0.128
7130,2025-10-25 02:00:00,FallHDP,02:00,0.079
7131,2025-10-25 03:00:00,FallHDP,03:00,0.053
7132,2025-10-25 04:00:00,FallHDP,04:00,0.055
7133,2025-10-25 05:00:00,FallHDP,05:00,0.119
7134,2025-10-25 06:00:00,FallHDP,06:00,0.274
7135,2025-10-25 07:00:00,FallHDP,07:00,0.27
7136,2025-10-25 08:00:00,FallHDP,08:00,0.092
7137,2025-10-25 09:00:00,FallHDP,09:00,0.011
7138,2025-10-25 10:00:00,FallHDP,10:00,0.039
7139,2025-10-25 11:00:00,FallHDP,11:00,0.024
7140,2025-10-25 12:00:00,FallHDP,12:00,0.037
7141,2025-10-25 13:00:00,FallHDP,13:00,0.061
7142,2025-10-25 14:00:00,FallHDP,14:00,0.1
7143,2025-10-25 15:00:00,FallHDP,15:00,0.189
7144,2025-10-25 16:00:00,FallHDP,16:00,0.305
7145,2025-10-25 17:00:00,FallHDP,17:00,0.52
7146,2025-10-25 18:00:00,FallHDP,18:00,0.725
7147,2025-10-25 19:00:00,FallHDP,19:00,0.694
7148,2025-10-25 20:00:00,FallHDP,20:00,0.496
7149,2025-10-25 21:00:00,FallHDP,21:00,0.357
7150,2025-10-25 22:00:00,FallHDP,22:00,0.182
7151,2025-10-25 23:00:00,FallHDP,23:00,0.041
7152,2025-10-26 00:00:00,FallHDP,00:00,0.205
7153,2025-10-26 01:00:00,FallHDP,01:00,0.128
7154,2025-10-26 02:00:00,FallHDP,02:00,0.079
7155,2025-10-26 03:00:00,FallHDP,03:00,0.053
7156,2025-10-26 04:00:00,FallHDP,04:00,0.055
7157,2025-10-26 05:00:00,FallHDP,05:00,0.119
7158,2025-10-26 06:00:00,FallHDP,06:00,0.274
7159,2025-10-26 07:00:00,FallHDP,07:00,0.27
7160,2025-10-26 08:00:00,FallHDP,08:00,0.092
7161,2025-10-26 09:00:00,FallHDP,09:00,0.011
7162,2025-10-26 10:00:00,FallHDP,10:00,0.039
7163,2025-10-26 11:00:00,FallHDP,11:00,0.024
7164,2025-10-26 12:00:00,FallHDP,12:00,0.037
7165,2025-10-26 13:00:00,FallHDP,13:00,0.061
7166,2025-10-26 14:00:00,FallHDP,14:00,0.1
7167,2025-10-26 15:00:00,FallHDP,15:00,0.189
7168,2025-10-26 16:00:00,FallHDP,16:00,0.305
7169,2025-10-26 17:00:00,FallHDP,17:00,0.52
7170,2025-10-26 18:00:00,FallHDP,18:00,0.725
7171,2025-10-26 19:00:00,FallHDP,19:00,0.694
7172,2025-10-26 20:00:00,FallHDP,20:00,0.496
7173,2025-10-26 21:00:00,FallHDP,21:00,0.357
7174,2025-10-26 22:00:00,FallHDP,22:00,0.182
7175,2025-10-26 23:00:00,FallHDP,23:00,0.041
7176,2025-10-27 00:00:00,FallHDP,00:00,0.205
7177,2025-10-27 01:00:00,FallHDP,01:00,0.128
7178,2025-10-27 02:00:00,FallHDP,02:00,0.079
7179,2025-10-27 03:00:00,FallHDP,03:00,0.053
7180,2025-10-27 04:00:00,FallHDP,04:00,0.055
7181,2025-10-27 05:00:00,FallHDP,05:00,0.119
7182,2025-10-27 06:00:00,FallHDP,06:00,0.274
7183,2025-10-27 07:00:00,FallHDP,07:00,0.27
7184,2025-10-27 08:00:00,FallHDP,08:00,0.092
7185,2025-10-27 09:00:00,FallHDP,09:00,0.011
7186,2025-10-27 10:00:00,FallHDP,10:00,0.039
7187,2025-10-27 11:00:00,FallHDP,11:00,0.024
7188,2025-10-27 12:00:00,FallHDP,12:00,0.037
7189,2025-10-27 13:00:00,FallHDP,13:00,0.061
7190,2025-10-27 14:00:00,FallHDP,14:00,0.1
7191,2025-10-27 15:00:00,FallHDP,15:00,0.189
7192,2025-10-27 16:00:00,FallHDP,16:00,0.305
7193,2025-10-27 17:00:00,FallHDP,17:00,0.52
7194,2025-10-27 18:00:00,FallHDP,18:00,0.725
7195,2025-10-27 19:00:00,FallHDP,19:00,0.694
7196,2025-10-27 20:00:00,FallHDP,20:00,0.496
7197,2025-10-27 21:00:00,FallHDP,21:00,0.357
7198,2025-10-27 22:00:00,FallHDP,22:00,0.182
7199,2025-10-27 23:00:00,FallHDP,23:00,0.041
7200,2025-10-28 00:00:00,FallHDP,00:00,0.205
7201,2025-10-28 01:00:00,FallHDP,01:00,0.128
7202,2025-10-28 02:00:00,FallHDP,02:00,0.079
7203,2025-10-28 03:00:00,FallHDP,03:00,0.053
7204,2025-10-28 04:00:00,FallHDP,04:00,0.055
7205,2025-10-28 05:00:00,FallHDP,05:00,0.119
7206,2025-10-28 06:00:00,FallHDP,06:00,0.274
7207,2025-10-28 07:00:00,FallHDP,07:00,0.27
7208,2025-10-28 08:00:00,FallHDP,08:00,0.092
7209,2025-10-28 09:00:00,FallHDP,09:00,0.011
7210,2025-10-28 10:00:00,FallHDP,10:00,0.039
7211,2025-10-28 11:00:00,FallHDP,11:00,0.024
7212,2025-10-28 12:00:00,FallHDP,12:00,0.037
7213,2025-10-28 13:00:00,FallHDP,13:00,0.061
7214,2025-10-28 14:00:00,FallHDP,14:00,0.1
7215,2025-10-28 15:00:00,FallHDP,15:00,0.189
7216,2025-10-28 16:00:00,FallHDP,16:00,0.305
7217,2025-10-28 17:00:00,FallHDP,17:00,0.52
7218,2025-10-28 18:00:00,FallHDP,18:00,0.725
7219,2025-10-28 19:00:00,FallHDP,19:00,0.694
7220,2025-10-28 20:00:00,FallHDP,20:00,0.496
7221,2025-10-28 21:00:00,FallHDP,21:00,0.357
7222,2025-10-28 22:00:00,FallHDP,22:00,0.182
7223,2025-10-28 23:00:00,FallHDP,23:00,0.041
7224,2025-10-29 00:00:00,FallHDP,00:00,0.205
7225,2025-10-29 01:00:00,FallHDP,01:00,0.128
7226,2025-10-29 02:00:00,FallHDP,02:00,0.079
7227,2025-10-29 03:00:00,FallHDP,03:00,0.053
7228,2025-10-29 04:00:00,FallHDP,04:00,0.055
7229,2025-10-29 05:00:00,FallHDP,05:00,0.119
7230,2025-10-29 06:00:00,FallHDP,06:00,0.274
7231,2025-10-29 07:00:00,FallHDP,07:00,0.27
7232,2025-10-29 08:00:00,FallHDP,08:00,0.092
7233,2025-10-29 09:00:00,FallHDP,09:00,0.011
7234,2025-10-29 10:00:00,FallHDP,10:00,0.039
7235,2025-10-29 11:00:00,FallHDP,11:00,0.024
7236,2025-10-29 12:00:00,FallHDP,12:00,0.037
7237,2025-10-29 13:00:00,FallHDP,13:00,0.061
7238,2025-10-29 14:00:00,FallHDP,14:00,0.1
7239,2025-10-29 15:00:00,FallHDP,15:00,0.189
7240,2025-10-29 16:00:00,FallHDP,16:00,0.305
7241,2025-10-29 17:00:00,FallHDP,17:00,0.52
7242,2025-10-29 18:00:00,FallHDP,18:00,0.725
7243,2025-10-29 19:00:00,FallHDP,19:00,0.694
7244,2025-10-29 20:00:00,FallHDP,20:00,0.496
7245,2025-10-29 21:00:00,FallHDP,21:00,0.357
7246,2025-10-29 22:00:00,FallHDP,22:00,0.182
7247,2025-10-29 23:00:00,FallHDP,23:00,0.041
7248,2025-10-30 00:00:00,FallHDP,00:00,0.205
7249,2025-10-30 01:00:00,FallHDP,01:00,0.128
7250,2025-10-30 02:00:00,FallHDP,02:00,0.079
7251,2025-10-30 03:00:00,FallHDP,03:00,0.053
7252,2025-10-30 04:00:00,FallHDP,04:00,0.055
7253,2025-10-30 05:00:00,FallHDP,05:00,0.119
7254,2025-10-30 06:00:00,FallHDP,06:00,0.274
7255,2025-10-30 07:00:00,FallHDP,07:00,0.27
7256,2025-10-30 08:00:00,FallHDP,08:00,0.092
7257,2025-10-30 09:00:00,FallHDP,09:00,0.011
7258,2025-10-30 10:00:00,FallHDP,10:00,0.039
7259,2025-10-30 11:00:00,FallHDP,11:00,0.024
7260,2025-10-30 12:00:00,FallHDP,12:00,0.037
7261,2025-10-30 13:00:00,FallHDP,13:00,0.061
7262,2025-10-30 14:00:00,FallHDP,14:00,0.1
7263,2025-10-30 15:00:00,FallHDP,15:00,0.189
7264,2025-10-30 16:00:00,FallHDP,16:00,0.305
7265,2025-10-30 17:00:00,FallHDP,17:00,0.52
7266,2025-10-30 18:00:00,FallHDP,18:00,0.725
7267,2025-10-30 19:00:00,FallHDP,19:00,0.694
7268,2025-10-30 20:00:00,FallHDP,20:00,0.496
7269,2025-10-30 21:00:00,FallHDP,21:00,0.357
7270,2025-10-30 22:00:00,FallHDP,22:00,0.182
7271,2025-10-30 23:00:00,FallHDP,23:00,0.041
7272,2025-10-31 00:00:00,FallHDP,00:00,0.205
7273,2025-10-31 01:00:00,FallHDP,01:00,0.128
7274,2025-10-31 02:00:00,FallHDP,02:00,0.079
7275,2025-10-31 03:00:00,FallHDP,03:00,0.053
7276,2025-10-31 04:00:00,FallHDP,04:00,0.055
7277,2025-10-31 05:00:00,FallHDP,05:00,0.119
7278,2025-10-31 06:00:00,FallHDP,06:00,0.274
7279,2025-10-31 07:00:00,FallHDP,07:00,0.27
7280,2025-10-31 08:00:00,FallHDP,08:00,0.092
7281,2025-10-31 09:00:00,FallHDP,09:00,0.011
7282,2025-10-31 10:00:00,FallHDP,10:00,0.039
7283,2025-10-31 11:00:00,FallHDP,11:00,0.024
7284,2025-10-31 12:00:00,FallHDP,12:00,0.037
7285,2025-10-31 13:00:00,FallHDP,13:00,0.061
7286,2025-10-31 14:00:00,FallHDP,14:00,0.1
7287,2025-10-31 15:00:00,FallHDP,15:00,0.189
7288,2025-10-31 16:00:00,FallHDP,16:00,0.305
7289,2025-10-31 17:00:00,FallHDP,17:00,0.52
7290,2025-10-31 18:00:00,FallHDP,18:00,0.725
7291,2025-10-31 19:00:00,FallHDP,19:00,0.694
7292,2025-10-31 20:00:00,FallHDP,20:00,0.496
7293,2025-10-31 21:00:00,FallHDP,21:00,0.357
7294,2025-10-31 22:00:00,FallHDP,22:00,0.182
7295,2025-10-31 23:00:00,FallHDP,23:00,0.041
7296,2025-11-01 00:00:00,FallHDP,00:00,0.205
7297,2025-11-01 01:00:00,FallHDP,01:00,0.128
7298,2025-11-01 02:00:00,FallHDP,02:00,0.079
7299,2025-11-01 03:00:00,FallHDP,03:00,0.053
7300,2025-11-01 04:00:00,FallHDP,04:00,0.055
7301,2025-11-01 05:00:00,FallHDP,05:00,0.119
7302,2025-11-01 06:00:00,FallHDP,06:00,0.274
7303,2025-11-01 07:00:00,FallHDP,07:00,0.27
7304,2025-11-01 08:00:00,FallHDP,08:00,0.092
7305,2025-11-01 09:00:00,FallHDP,09:00,0.011
7306,2025-11-01 10:00:00,FallHDP,10:00,0.039
7307,2025-11-01 11:00:00,FallHDP,11:00,0.024
7308,2025-11-01 12:00:00,FallHDP,12:00,0.037
7309,2025-11-01 13:00:00,FallHDP,13:00,0.061
7310,2025-11-01 14:00:00,FallHDP,14:00,0.1
7311,2025-11-01 15:00:00,FallHDP,15:00,0.189
7312,2025-11-01 16:00:00,FallHDP,16:00,0.305
7313,2025-11-01 17:00:00,FallHDP,17:00,0.52
7314,2025-11-01 18:00:00,FallHDP,18:00,0.725
7315,2025-11-01 19:00:00,FallHDP,19:00,0.694
7316,2025-11-01 20:00:00,FallHDP,20:00,0.496
7317,2025-11-01 21:00:00,FallHDP,21:00,0.357
7318,2025-11-01 22:00:00,FallHDP,22:00,0.182
7319,2025-11-01 23:00:00,FallHDP,23:00,0.041
7320,2025-11-02 00:00:00,FallHDP,00:00,0.205
7321,2025-11-02 01:00:00,FallHDP,01:00,0.128
7322,2025-11-02 02:00:00,FallHDP,02:00,0.079
7323,2025-11-02 03:00:00,FallHDP,03:00,0.053
7324,2025-11-02 04:00:00,FallHDP,04:00,0.055
7325,2025-11-02 05:00:00,FallHDP,05:00,0.119
7326,2025-11-02 06:00:00,FallHDP,06:00,0.274
7327,2025-11-02 07:00:00,FallHDP,07:00,0.27
7328,2025-11-02 08:00:00,FallHDP,08:00,0.092
7329,2025-11-02 09:00:00,FallHDP,09:00,0.011
7330,2025-11-02 10:00:00,FallHDP,10:00,0.039
7331,2025-11-02 11:00:00,FallHDP,11:00,0.024
7332,2025-11-02 12:00:00,FallHDP,12:00,0.037
7333,2025-11-02 13:00:00,FallHDP,13:00,0.061
7334,2025-11-02 14:00:00,FallHDP,14:00,0.1
7335,2025-11-02 15:00:00,FallHDP,15:00,0.189
7336,2025-11-02 16:00:00,FallHDP,16:00,0.305
7337,2025-11-02 17:00:00,FallHDP,17:00,0.52
7338,2025-11-02 18:00:00,FallHDP,18:00,0.725
7339,2025-11-02 19:00:00,FallHDP,19:00,0.694
7340,2025-11-02 20:00:00,FallHDP,20:00,0.496
7341,2025-11-02 21:00:00,FallHDP,21:00,0.357
7342,2025-11-02 22:00:00,FallHDP,22:00,0.182
7343,2025-11-02 23:00:00,FallHDP,23:00,0.041
7344,2025-11-03 00:00:00,FallHDP,00:00,0.205
7345,2025-11-03 01:00:00,FallHDP,01:00,0.128
7346,2025-11-03 02:00:00,FallHDP,02:00,0.079
7347,2025-11-03 03:00:00,FallHDP,03:00,0.053
7348,2025-11-03 04:00:00,FallHDP,04:00,0.055
7349,2025-11-03 05:00:00,FallHDP,05:00,0.119
7350,2025-11-03 06:00:00,FallHDP,06:00,0.274
7351,2025-11-03 07:00:00,FallHDP,07:00,0.27
7352,2025-11-03 08:00:00,FallHDP,08:00,0.092
7353,2025-11-03 09:00:00,FallHDP,09:00,0.011
7354,2025-11-03 10:00:00,FallHDP,10:00,0.039
7355,2025-11-03 11:00:00,FallHDP,11:00,0.024
7356,2025-11-03 12:00:00,FallHDP,12:00,0.037
7357,2025-11-03 13:00:00,FallHDP,13:00,0.061
7358,2025-11-03 14:00:00,FallHDP,14:00,0.1
7359,2025-11-03 15:00:00,FallHDP,15:00,0.189
7360,2025-11-03 16:00:00,FallHDP,16:00,0.305
7361,2025-11-03 17:00:00,FallHDP,17:00,0.52
7362,2025-11-03 18:00:00,FallHDP,18:00,0.725
7363,2025-11-03 19:00:00,FallHDP,19:00,0.694
7364,2025-11-03 20:00:00,FallHDP,20:00,0.496
7365,2025-11-03 21:00:00,FallHDP,21:00,0.357
7366,2025-11-03 22:00:00,FallHDP,22:00,0.182
7367,2025-11-03 23:00:00,FallHDP,23:00,0.041
7368,2025-11-04 00:00:00,FallHDP,00:00,0.205
7369,2025-11-04 01:00:00,FallHDP,01:00,0.128
7370,2025-11-04 02:00:00,FallHDP,02:00,0.079
7371,2025-11-04 03:00:00,FallHDP,03:00,0.053
7372,2025-11-04 04:00:00,FallHDP,04:00,0.055
7373,2025-11-04 05:00:00,FallHDP,05:00,0.119
7374,2025-11-04 06:00:00,FallHDP,06:00,0.274
7375,2025-11-04 07:00:00,FallHDP,07:00,0.27
7376,2025-11-04 08:00:00,FallHDP,08:00,0.092
7377,2025-11-04 09:00:00,FallHDP,09:00,0.011
7378,2025-11-04 10:00:00,FallHDP,10:00,0.039
7379,2025-11-04 11:00:00,FallHDP,11:00,0.024
7380,2025-11-04 12:00:00,FallHDP,12:00,0.037
7381,2025-11-04 13:00:00,FallHDP,13:00,0.061
7382,2025-11-04 14:00:00,FallHDP,14:00,0.1
7383,2025-11-04 15:00:00,FallHDP,15:00,0.189
7384,2025-11-04 16:00:00,FallHDP,16:00,0.305
7385,2025-11-04 17:00:00,FallHDP,17:00,0.52
7386,2025-11-04 18:00:00,FallHDP,18:00,0.725
7387,2025-11-04 19:00:00,FallHDP,19:00,0.694
7388,2025-11-04 20:00:00,FallHDP,20:00,0.496
7389,2025-11-04 21:00:00,FallHDP,21:00,0.357
7390,2025-11-04 22:00:00,FallHDP,22:00,0.182
7391,2025-11-04 23:00:00,FallHDP,23:00,0.041
7392,2025-11-05 00:00:00,FallHDP,00:00,0.205
7393,2025-11-05 01:00:00,FallHDP,01:00,0.128
7394,2025-11-05 02:00:00,FallHDP,02:00,0.079
7395,2025-11-05 03:00:00,FallHDP,03:00,0.053
7396,2025-11-05 04:00:00,FallHDP,04:00,0.055
7397,2025-11-05 05:00:00,FallHDP,05:00,0.119
7398,2025-11-05 06:00:00,FallHDP,06:00,0.274
7399,2025-11-05 07:00:00,FallHDP,07:00,0.27
7400,2025-11-05 08:00:00,FallHDP,08:00,0.092
7401,2025-11-05 09:00:00,FallHDP,09:00,0.011
7402,2025-11-05 10:00:00,FallHDP,10:00,0.039
7403,2025-11-05 11:00:00,FallHDP,11:00,0.024
7404,2025-11-05 12:00:00,FallHDP,12:00,0.037
7405,2025-11-05 13:00:00,FallHDP,13:00,0.061
7406,2025-11-05 14:00:00,FallHDP,14:00,0.1
7407,2025-11-05 15:00:00,FallHDP,15:00,0.189
7408,2025-11-05 16:00:00,FallHDP,16:00,0.305
7409,2025-11-05 17:00:00,FallHDP,17:00,0.52
7410,2025-11-05 18:00:00,FallHDP,18:00,0.725
7411,2025-11-05 19:00:00,FallHDP,19:00,0.694
7412,2025-11-05 20:00:00,FallHDP,20:00,0.496
7413,2025-11-05 21:00:00,FallHDP,21:00,0.357
7414,2025-11-05 22:00:00,FallHDP,22:00,0.182
7415,2025-11-05 23:00:00,FallHDP,23:00,0.041
7416,2025-11-06 00:00:00,FallHDP,00:00,0.205
7417,2025-11-06 01:00:00,FallHDP,01:00,0.128
7418,2025-11-06 02:00:00,FallHDP,02:00,0.079
7419,2025-11-06 03:00:00,FallHDP,03:00,0.053
7420,2025-11-06 04:00:00,FallHDP,04:00,0.055
7421,2025-11-06 05:00:00,FallHDP,05:00,0.119
7422,2025-11-06 06:00:00,FallHDP,06:00,0.274
7423,2025-11-06 07:00:00,FallHDP,07:00,0.27
7424,2025-11-06 08:00:00,FallHDP,08:00,0.092
7425,2025-11-06 09:00:00,FallHDP,09:00,0.011
7426,2025-11-06 10:00:00,FallHDP,10:00,0.039
7427,2025-11-06 11:00:00,FallHDP,11:00,0.024
7428,2025-11-06 12:00:00,FallHDP,12:00,0.037
7429,2025-11-06 13:00:00,FallHDP,13:00,0.061
7430,2025-11-06 14:00:00,FallHDP,14:00,0.1
7431,2025-11-06 15:00:00,FallHDP,15:00,0.189
7432,2025-11-06 16:00:00,FallHDP,16:00,0.305
7433,2025-11-06 17:00:00,FallHDP,17:00,0.52
7434,2025-11-06 18:00:00,FallHDP,18:00,0.725
7435,2025-11-06 19:00:00,FallHDP,19:00,0.694
7436,2025-11-06 20:00:00,FallHDP,20:00,0.496
7437,2025-11-06 21:00:00,FallHDP,21:00,0.357
7438,2025-11-06 22:00:00,FallHDP,22:00,0.182
7439,2025-11-06 23:00:00,FallHDP,23:00,0.041
7440,2025-11-07 00:00:00,FallHDP,00:00,0.205
7441,2025-11-07 01:00:00,FallHDP,01:00,0.128
7442,2025-11-07 02:00:00,FallHDP,02:00,0.079
7443,2025-11-07 03:00:00,FallHDP,03:00,0.053
7444,2025-11-07 04:00:00,FallHDP,04:00,0.055
7445,2025-11-07 05:00:00,FallHDP,05:00,0.119
7446,2025-11-07 06:00:00,FallHDP,06:00,0.274
7447,2025-11-07 07:00:00,FallHDP,07:00,0.27
7448,2025-11-07 08:00:00,FallHDP,08:00,0.092
7449,2025-11-07 09:00:00,FallHDP,09:00,0.011
7450,2025-11-07 10:00:00,FallHDP,10:00,0.039
7451,2025-11-07 11:00:00,FallHDP,11:00,0.024
7452,2025-11-07 12:00:00,FallHDP,12:00,0.037
7453,2025-11-07 13:00:00,FallHDP,13:00,0.061
7454,2025-11-07 14:00:00,FallHDP,14:00,0.1
7455,2025-11-07 15:00:00,FallHDP,15:00,0.189
7456,2025-11-07 16:00:00,FallHDP,16:00,0.305
7457,2025-11-07 17:00:00,FallHDP,17:00,0.52
7458,2025-11-07 18:00:00,FallHDP,18:00,0.725
7459,2025-11-07 19:00:00,FallHDP,19:00,0.694
7460,2025-11-07 20:00:00,FallHDP,20:00,0.496
7461,2025-11-07 21:00:00,FallHDP,21:00,0.357
7462,2025-11-07 22:00:00,FallHDP,22:00,0.182
7463,2025-11-07 23:00:00,FallHDP,23:00,0.041
7464,2025-11-08 00:00:00,FallHDP,00:00,0.205
7465,2025-11-08 01:00:00,FallHDP,01:00,0.128
7466,2025-11-08 02:00:00,FallHDP,02:00,0.079
7467,2025-11-08 03:00:00,FallHDP,03:00,0.053
7468,2025-11-08 04:00:00,FallHDP,04:00,0.055
7469,2025-11-08 05:00:00,FallHDP,05:00,0.119
7470,2025-11-08 06:00:00,FallHDP,06:00,0.274
7471,2025-11-08 07:00:00,FallHDP,07:00,0.27
7472,2025-11-08 08:00:00,FallHDP,08:00,0.092
7473,2025-11-08 09:00:00,FallHDP,09:00,0.011
7474,2025-11-08 10:00:00,FallHDP,10:00,0.039
7475,2025-11-08 11:00:00,FallHDP,11:00,0.024
7476,2025-11-08 12:00:00,FallHDP,12:00,0.037
7477,2025-11-08 13:00:00,FallHDP,13:00,0.061
7478,2025-11-08 14:00:00,FallHDP,14:00,0.1
7479,2025-11-08 15:00:00,FallHDP,15:00,0.189
7480,2025-11-08 16:00:00,FallHDP,16:00,0.305
7481,2025-11-08 17:00:00,FallHDP,17:00,0.52
7482,2025-11-08 18:00:00,FallHDP,18:00,0.725
7483,2025-11-08 19:00:00,FallHDP,19:00,0.694
7484,2025-11-08 20:00:00,FallHDP,20:00,0.496
7485,2025-11-08 21:00:00,FallHDP,21:00,0.357
7486,2025-11-08 22:00:00,FallHDP,22:00,0.182
7487,2025-11-08 23:00:00,FallHDP,23:00,0.041
7488,2025-11-09 00:00:00,FallHDP,00:00,0.205
7489,2025-11-09 01:00:00,FallHDP,01:00,0.128
7490,2025-11-09 02:00:00,FallHDP,02:00,0.079
7491,2025-11-09 03:00:00,FallHDP,03:00,0.053
7492,2025-11-09 04:00:00,FallHDP,04:00,0.055
7493,2025-11-09 05:00:00,FallHDP,05:00,0.119
7494,2025-11-09 06:00:00,FallHDP,06:00,0.274
7495,2025-11-09 07:00:00,FallHDP,07:00,0.27
7496,2025-11-09 08:00:00,FallHDP,08:00,0.092
7497,2025-11-09 09:00:00,FallHDP,09:00,0.011
7498,2025-11-09 10:00:00,FallHDP,10:00,0.039
7499,2025-11-09 11:00:00,FallHDP,11:00,0.024
7500,2025-11-09 12:00:00,FallHDP,12:00,0.037
7501,2025-11-09 13:00:00,FallHDP,13:00,0.061
7502,2025-11-09 14:00:00,FallHDP,14:00,0.1
7503,2025-11-09 15:00:00,FallHDP,15:00,0.189
7504,2025-11-09 16:00:00,FallHDP,16:00,0.305
7505,2025-11-09 17:00:00,FallHDP,17:00,0.52
7506,2025-11-09 18:00:00,FallHDP,18:00,0.725
7507,2025-11-09 19:00:00,FallHDP,19:00,0.694
7508,2025-11-09 20:00:00,FallHDP,20:00,0.496
7509,2025-11-09 21:00:00,FallHDP,21:00,0.357
7510,2025-11-09 22:00:00,FallHDP,22:00,0.182
7511,2025-11-09 23:00:00,FallHDP,23:00,0.041
7512,2025-11-10 00:00:00,FallHDP,00:00,0.205
7513,2025-11-10 01:00:00,FallHDP,01:00,0.128
7514,2025-11-10 02:00:00,FallHDP,02:00,0.079
7515,2025-11-10 03:00:00,FallHDP,03:00,0.053
7516,2025-11-10 04:00:00,FallHDP,04:00,0.055
7517,2025-11-10 05:00:00,FallHDP,05:00,0.119
7518,2025-11-10 06:00:00,FallHDP,06:00,0.274
7519,2025-11-10 07:00:00,FallHDP,07:00,0.27
7520,2025-11-10 08:00:00,FallHDP,08:00,0.092
7521,2025-11-10 09:00:00,FallHDP,09:00,0.011
7522,2025-11-10 10:00:00,FallHDP,10:00,0.039
7523,2025-11-10 11:00:00,FallHDP,11:00,0.024
7524,2025-11-10 12:00:00,FallHDP,12:00,0.037
7525,2025-11-10 13:00:00,FallHDP,13:00,0.061
7526,2025-11-10 14:00:00,FallHDP,14:00,0.1
7527,2025-11-10 15:00:00,FallHDP,15:00,0.189
7528,2025-11-10 16:00:00,FallHDP,16:00,0.305
7529,2025-11-10 17:00:00,FallHDP,17:00,0.52
7530,2025-11-10 18:00:00,FallHDP,18:00,0.725
7531,2025-11-10 19:00:00,FallHDP,19:00,0.694
7532,2025-11-10 20:00:00,FallHDP,20:00,0.496
7533,2025-11-10 21:00:00,FallHDP,21:00,0.357
7534,2025-11-10 22:00:00,FallHDP,22:00,0.182
7535,2025-11-10 23:00:00,FallHDP,23:00,0.041
7536,2025-11-11 00:00:00,FallHDP,00:00,0.205
7537,2025-11-11 01:00:00,FallHDP,01:00,0.128
7538,2025-11-11 02:00:00,FallHDP,02:00,0.079
7539,2025-11-11 03:00:00,FallHDP,03:00,0.053
7540,2025-11-11 04:00:00,FallHDP,04:00,0.055
7541,2025-11-11 05:00:00,FallHDP,05:00,0.119
7542,2025-11-11 06:00:00,FallHDP,06:00,0.274
7543,2025-11-11 07:00:00,FallHDP,07:00,0.27
7544,2025-11-11 08:00:00,FallHDP,08:00,0.092
7545,2025-11-11 09:00:00,FallHDP,09:00,0.011
7546,2025-11-11 10:00:00,FallHDP,10:00,0.039
7547,2025-11-11 11:00:00,FallHDP,11:00,0.024
7548,2025-11-11 12:00:00,FallHDP,12:00,0.037
7549,2025-11-11 13:00:00,FallHDP,13:00,0.061
7550,2025-11-11 14:00:00,FallHDP,14:00,0.1
7551,2025-11-11 15:00:00,FallHDP,15:00,0.189
7552,2025-11-11 16:00:00,FallHDP,16:00,0.305
7553,2025-11-11 17:00:00,FallHDP,17:00,0.52
7554,2025-11-11 18:00:00,FallHDP,18:00,0.725
7555,2025-11-11 19:00:00,FallHDP,19:00,0.694
7556,2025-11-11 20:00:00,FallHDP,20:00,0.496
7557,2025-11-11 21:00:00,FallHDP,21:00,0.357
7558,2025-11-11 22:00:00,FallHDP,22:00,0.182
7559,2025-11-11 23:00:00,FallHDP,23:00,0.041
7560,2025-11-12 00:00:00,FallHDP,00:00,0.205
7561,2025-11-12 01:00:00,FallHDP,01:00,0.128
7562,2025-11-12 02:00:00,FallHDP,02:00,0.079
7563,2025-11-12 03:00:00,FallHDP,03:00,0.053
7564,2025-11-12 04:00:00,FallHDP,04:00,0.055
7565,2025-11-12 05:00:00,FallHDP,05:00,0.119
7566,2025-11-12 06:00:00,FallHDP,06:00,0.274
7567,2025-11-12 07:00:00,FallHDP,07:00,0.27
7568,2025-11-12 08:00:00,FallHDP,08:00,0.092
7569,2025-11-12 09:00:00,FallHDP,09:00,0.011
7570,2025-11-12 10:00:00,FallHDP,10:00,0.039
7571,2025-11-12 11:00:00,FallHDP,11:00,0.024
7572,2025-11-12 12:00:00,FallHDP,12:00,0.037
7573,2025-11-12 13:00:00,FallHDP,13:00,0.061
7574,2025-11-12 14:00:00,FallHDP,14:00,0.1
7575,2025-11-12 15:00:00,FallHDP,15:00,0.189
7576,2025-11-12 16:00:00,FallHDP,16:00,0.305
7577,2025-11-12 17:00:00,FallHDP,17:00,0.52
7578,2025-11-12 18:00:00,FallHDP,18:00,0.725
7579,2025-11-12 19:00:00,FallHDP,19:00,0.694
7580,2025-11-12 20:00:00,FallHDP,20:00,0.496
7581,2025-11-12 21:00:00,FallHDP,21:00,0.357
7582,2025-11-12 22:00:00,FallHDP,22:00,0.182
7583,2025-11-12 23:00:00,FallHDP,23:00,0.041
7584,2025-11-13 00:00:00,FallHDP,00:00,0.205
7585,2025-11-13 01:00:00,FallHDP,01:00,0.128
7586,2025-11-13 02:00:00,FallHDP,02:00,0.079
7587,2025-11-13 03:00:00,FallHDP,03:00,0.053
7588,2025-11-13 04:00:00,FallHDP,04:00,0.055
7589,2025-11-13 05:00:00,FallHDP,05:00,0.119
7590,2025-11-13 06:00:00,FallHDP,06:00,0.274
7591,2025-11-13 07:00:00,FallHDP,07:00,0.27
7592,2025-11-13 08:00:00,FallHDP,08:00,0.092
7593,2025-11-13 09:00:00,FallHDP,09:00,0.011
7594,2025-11-13 10:00:00,FallHDP,10:00,0.039
7595,2025-11-13 11:00:00,FallHDP,11:00,0.024
7596,2025-11-13 12:00:00,FallHDP,12:00,0.037
7597,2025-11-13 13:00:00,FallHDP,13:00,0.061
7598,2025-11-13 14:00:00,FallHDP,14:00,0.1
7599,2025-11-13 15:00:00,FallHDP,15:00,0.189
7600,2025-11-13 16:00:00,FallHDP,16:00,0.305
7601,2025-11-13 17:00:00,FallHDP,17:00,0.52
7602,2025-11-13 18:00:00,FallHDP,18:00,0.725
7603,2025-11-13 19:00:00,FallHDP,19:00,0.694
7604,2025-11-13 20:00:00,FallHDP,20:00,0.496
7605,2025-11-13 21:00:00,FallHDP,21:00,0.357
7606,2025-11-13 22:00:00,FallHDP,22:00,0.182
7607,2025-11-13 23:00:00,FallHDP,23:00,0.041
7608,2025-11-14 00:00:00,FallHDP,00:00,0.205
7609,2025-11-14 01:00:00,FallHDP,01:00,0.128
7610,2025-11-14 02:00:00,FallHDP,02:00,0.079
7611,2025-11-14 03:00:00,FallHDP,03:00,0.053
7612,2025-11-14 04:00:00,FallHDP,04:00,0.055
7613,2025-11-14 05:00:00,FallHDP,05:00,0.119
7614,2025-11-14 06:00:00,FallHDP,06:00,0.274
7615,2025-11-14 07:00:00,FallHDP,07:00,0.27
7616,2025-11-14 08:00:00,FallHDP,08:00,0.092
7617,2025-11-14 09:00:00,FallHDP,09:00,0.011
7618,2025-11-14 10:00:00,FallHDP,10:00,0.039
7619,2025-11-14 11:00:00,FallHDP,11:00,0.024
7620,2025-11-14 12:00:00,FallHDP,12:00,0.037
7621,2025-11-14 13:00:00,FallHDP,13:00,0.061
7622,2025-11-14 14:00:00,FallHDP,14:00,0.1
7623,2025-11-14 15:00:00,FallHDP,15:00,0.189
7624,2025-11-14 16:00:00,FallHDP,16:00,0.305
7625,2025-11-14 17:00:00,FallHDP,17:00,0.52
7626,2025-11-14 18:00:00,FallHDP,18:00,0.725
7627,2025-11-14 19:00:00,FallHDP,19:00,0.694
7628,2025-11-14 20:00:00,FallHDP,20:00,0.496
7629,2025-11-14 21:00:00,FallHDP,21:00,0.357
7630,2025-11-14 22:00:00,FallHDP,22:00,0.182
7631,2025-11-14 23:00:00,FallHDP,23:00,0.041
7632,2025-11-15 00:00:00,FallHDP,00:00,0.205
7633,2025-11-15 01:00:00,FallHDP,01:00,0.128
7634,2025-11-15 02:00:00,FallHDP,02:00,0.079
7635,2025-11-15 03:00:00,FallHDP,03:00,0.053
7636,2025-11-15 04:00:00,FallHDP,04:00,0.055
7637,2025-11-15 05:00:00,FallHDP,05:00,0.119
7638,2025-11-15 06:00:00,FallHDP,06:00,0.274
7639,2025-11-15 07:00:00,FallHDP,07:00,0.27
7640,2025-11-15 08:00:00,FallHDP,08:00,0.092
7641,2025-11-15 09:00:00,FallHDP,09:00,0.011
7642,2025-11-15 10:00:00,FallHDP,10:00,0.039
7643,2025-11-15 11:00:00,FallHDP,11:00,0.024
7644,2025-11-15 12:00:00,FallHDP,12:00,0.037
7645,2025-11-15 13:00:00,FallHDP,13:00,0.061
7646,2025-11-15 14:00:00,FallHDP,14:00,0.1
7647,2025-11-15 15:00:00,FallHDP,15:00,0.189
7648,2025-11-15 16:00:00,FallHDP,16:00,0.305
7649,2025-11-15 17:00:00,FallHDP,17:00,0.52
7650,2025-11-15 18:00:00,FallHDP,18:00,0.725
7651,2025-11-15 19:00:00,FallHDP,19:00,0.694
7652,2025-11-15 20:00:00,FallHDP,20:00,0.496
7653,2025-11-15 21:00:00,FallHDP,21:00,0.357
7654,2025-11-15 22:00:00,FallHDP,22:00,0.182
7655,2025-11-15 23:00:00,FallHDP,23:00,0.041
7656,2025-11-16 00:00:00,FallHDP,00:00,0.205
7657,2025-11-16 01:00:00,FallHDP,01:00,0.128
7658,2025-11-16 02:00:00,FallHDP,02:00,0.079
7659,2025-11-16 03:00:00,FallHDP,03:00,0.053
7660,2025-11-16 04:00:00,FallHDP,04:00,0.055
7661,2025-11-16 05:00:00,FallHDP,05:00,0.119
7662,2025-11-16 06:00:00,FallHDP,06:00,0.274
7663,2025-11-16 07:00:00,FallHDP,07:00,0.27
7664,2025-11-16 08:00:00,FallHDP,08:00,0.092
7665,2025-11-16 09:00:00,FallHDP,09:00,0.011
7666,2025-11-16 10:00:00,FallHDP,10:00,0.039
7667,2025-11-16 11:00:00,FallHDP,11:00,0.024
7668,2025-11-16 12:00:00,FallHDP,12:00,0.037
7669,2025-11-16 13:00:00,FallHDP,13:00,0.061
7670,2025-11-16 14:00:00,FallHDP,14:00,0.1
7671,2025-11-16 15:00:00,FallHDP,15:00,0.189
7672,2025-11-16 16:00:00,FallHDP,16:00,0.305
7673,2025-11-16 17:00:00,FallHDP,17:00,0.52
7674,2025-11-16 18:00:00,FallHDP,18:00,0.725
7675,2025-11-16 19:00:00,FallHDP,19:00,0.694
7676,2025-11-16 20:00:00,FallHDP,20:00,0.496
7677,2025-11-16 21:00:00,FallHDP,21:00,0.357
7678,2025-11-16 22:00:00,FallHDP,22:00,0.182
7679,2025-11-16 23:00:00,FallHDP,23:00,0.041
7680,2025-11-17 00:00:00,FallHDP,00:00,0.205
7681,2025-11-17 01:00:00,FallHDP,01:00,0.128
7682,2025-11-17 02:00:00,FallHDP,02:00,0.079
7683,2025-11-17 03:00:00,FallHDP,03:00,0.053
7684,2025-11-17 04:00:00,FallHDP,04:00,0.055
7685,2025-11-17 05:00:00,FallHDP,05:00,0.119
7686,2025-11-17 06:00:00,FallHDP,06:00,0.274
7687,2025-11-17 07:00:00,FallHDP,07:00,0.27
7688,2025-11-17 08:00:00,FallHDP,08:00,0.092
7689,2025-11-17 09:00:00,FallHDP,09:00,0.011
7690,2025-11-17 10:00:00,FallHDP,10:00,0.039
7691,2025-11-17 11:00:00,FallHDP,11:00,0.024
7692,2025-11-17 12:00:00,FallHDP,12:00,0.037
7693,2025-11-17 13:00:00,FallHDP,13:00,0.061
7694,2025-11-17 14:00:00,FallHDP,14:00,0.1
7695,2025-11-17 15:00:00,FallHDP,15:00,0.189
7696,2025-11-17 16:00:00,FallHDP,16:00,0.305
7697,2025-11-17 17:00:00,FallHDP,17:00,0.52
7698,2025-11-17 18:00:00,FallHDP,18:00,0.725
7699,2025-11-17 19:00:00,FallHDP,19:00,0.694
7700,2025-11-17 20:00:00,FallHDP,20:00,0.496
7701,2025-11-17 21:00:00,FallHDP,21:00,0.357
7702,2025-11-17 22:00:00,FallHDP,22:00,0.182
7703,2025-11-17 23:00:00,FallHDP,23:00,0.041
7704,2025-11-18 00:00:00,FallHDP,00:00,0.205
7705,2025-11-18 01:00:00,FallHDP,01:00,0.128
7706,2025-11-18 02:00:00,FallHDP,02:00,0.079
7707,2025-11-18 03:00:00,FallHDP,03:00,0.053
7708,2025-11-18 04:00:00,FallHDP,04:00,0.055
7709,2025-11-18 05:00:00,FallHDP,05:00,0.119
7710,2025-11-18 06:00:00,FallHDP,06:00,0.274
7711,2025-11-18 07:00:00,FallHDP,07:00,0.27
7712,2025-11-18 08:00:00,FallHDP,08:00,0.092
7713,2025-11-18 09:00:00,FallHDP,09:00,0.011
7714,2025-11-18 10:00:00,FallHDP,10:00,0.039
7715,2025-11-18 11:00:00,FallHDP,11:00,0.024
7716,2025-11-18 12:00:00,FallHDP,12:00,0.037
7717,2025-11-18 13:00:00,FallHDP,13:00,0.061
7718,2025-11-18 14:00:00,FallHDP,14:00,0.1
7719,2025-11-18 15:00:00,FallHDP,15:00,0.189
7720,2025-11-18 16:00:00,FallHDP,16:00,0.305
7721,2025-11-18 17:00:00,FallHDP,17:00,0.52
7722,2025-11-18 18:00:00,FallHDP,18:00,0.725
7723,2025-11-18 19:00:00,FallHDP,19:00,0.694
7724,2025-11-18 20:00:00,FallHDP,20:00,0.496
7725,2025-11-18 21:00:00,FallHDP,21:00,0.357
7726,2025-11-18 22:00:00,FallHDP,22:00,0.182
7727,2025-11-18 23:00:00,FallHDP,23:00,0.041
7728,2025-11-19 00:00:00,FallHDP,00:00,0.205
7729,2025-11-19 01:00:00,FallHDP,01:00,0.128
7730,2025-11-19 02:00:00,FallHDP,02:00,0.079
7731,2025-11-19 03:00:00,FallHDP,03:00,0.053
7732,2025-11-19 04:00:00,FallHDP,04:00,0.055
7733,2025-11-19 05:00:00,FallHDP,05:00,0.119
7734,2025-11-19 06:00:00,FallHDP,06:00,0.274
7735,2025-11-19 07:00:00,FallHDP,07:00,0.27
7736,2025-11-19 08:00:00,FallHDP,08:00,0.092
7737,2025-11-19 09:00:00,FallHDP,09:00,0.011
7738,2025-11-19 10:00:00,FallHDP,10:00,0.039
7739,2025-11-19 11:00:00,FallHDP,11:00,0.024
7740,2025-11-19 12:00:00,FallHDP,12:00,0.037
7741,2025-11-19 13:00:00,FallHDP,13:00,0.061
7742,2025-11-19 14:00:00,FallHDP,14:00,0.1
7743,2025-11-19 15:00:00,FallHDP,15:00,0.189
7744,2025-11-19 16:00:00,FallHDP,16:00,0.305
7745,2025-11-19 17:00:00,FallHDP,17:00,0.52
7746,2025-11-19 18:00:00,FallHDP,18:00,0.725
7747,2025-11-19 19:00:00,FallHDP,19:00,0.694
7748,2025-11-19 20:00:00,FallHDP,20:00,0.496
7749,2025-11-19 21:00:00,FallHDP,21:00,0.357
7750,2025-11-19 22:00:00,FallHDP,22:00,0.182
7751,2025-11-19 23:00:00,FallHDP,23:00,0.041
7752,2025-11-20 00:00:00,FallHDP,00:00,0.205
7753,2025-11-20 01:00:00,FallHDP,01:00,0.128
7754,2025-11-20 02:00:00,FallHDP,02:00,0.079
7755,2025-11-20 03:00:00,FallHDP,03:00,0.053
7756,2025-11-20 04:00:00,FallHDP,04:00,0.055
7757,2025-11-20 05:00:00,FallHDP,05:00,0.119
7758,2025-11-20 06:00:00,FallHDP,06:00,0.274
7759,2025-11-20 07:00:00,FallHDP,07:00,0.27
7760,2025-11-20 08:00:00,FallHDP,08:00,0.092
7761,2025-11-20 09:00:00,FallHDP,09:00,0.011
7762,2025-11-20 10:00:00,FallHDP,10:00,0.039
7763,2025-11-20 11:00:00,FallHDP,11:00,0.024
7764,2025-11-20 12:00:00,FallHDP,12:00,0.037
7765,2025-11-20 13:00:00,FallHDP,13:00,0.061
7766,2025-11-20 14:00:00,FallHDP,14:00,0.1
7767,2025-11-20 15:00:00,FallHDP,15:00,0.189
7768,2025-11-20 16:00:00,FallHDP,16:00,0.305
7769,2025-11-20 17:00:00,FallHDP,17:00,0.52
7770,2025-11-20 18:00:00,FallHDP,18:00,0.725
7771,2025-11-20 19:00:00,FallHDP,19:00,0.694
7772,2025-11-20 20:00:00,FallHDP,20:00,0.496
7773,2025-11-20 21:00:00,FallHDP,21:00,0.357
7774,2025-11-20 22:00:00,FallHDP,22:00,0.182
7775,2025-11-20 23:00:00,FallHDP,23:00,0.041
7776,2025-11-21 00:00:00,FallHDP,00:00,0.205
7777,2025-11-21 01:00:00,FallHDP,01:00,0.128
7778,2025-11-21 02:00:00,FallHDP,02:00,0.079
7779,2025-11-21 03:00:00,FallHDP,03:00,0.053
7780,2025-11-21 04:00:00,FallHDP,04:00,0.055
7781,2025-11-21 05:00:00,FallHDP,05:00,0.119
7782,2025-11-21 06:00:00,FallHDP,06:00,0.274
7783,2025-11-21 07:00:00,FallHDP,07:00,0.27
7784,2025-11-21 08:00:00,FallHDP,08:00,0.092
7785,2025-11-21 09:00:00,FallHDP,09:00,0.011
7786,2025-11-21 10:00:00,FallHDP,10:00,0.039
7787,2025-11-21 11:00:00,FallHDP,11:00,0.024
7788,2025-11-21 12:00:00,FallHDP,12:00,0.037
7789,2025-11-21 13:00:00,FallHDP,13:00,0.061
7790,2025-11-21 14:00:00,FallHDP,14:00,0.1
7791,2025-11-21 15:00:00,FallHDP,15:00,0.189
7792,2025-11-21 16:00:00,FallHDP,16:00,0.305
7793,2025-11-21 17:00:00,FallHDP,17:00,0.52
7794,2025-11-21 18:00:00,FallHDP,18:00,0.725
7795,2025-11-21 19:00:00,FallHDP,19:00,0.694
7796,2025-11-21 20:00:00,FallHDP,20:00,0.496
7797,2025-11-21 21:00:00,FallHDP,21:00,0.357
7798,2025-11-21 22:00:00,FallHDP,22:00,0.182
7799,2025-11-21 23:00:00,FallHDP,23:00,0.041
7800,2025-11-22 00:00:00,FallHDP,00:00,0.205
7801,2025-11-22 01:00:00,FallHDP,01:00,0.128
7802,2025-11-22 02:00:00,FallHDP,02:00,0.079
7803,2025-11-22 03:00:00,FallHDP,03:00,0.053
7804,2025-11-22 04:00:00,FallHDP,04:00,0.055
7805,2025-11-22 05:00:00,FallHDP,05:00,0.119
7806,2025-11-22 06:00:00,FallHDP,06:00,0.274
7807,2025-11-22 07:00:00,FallHDP,07:00,0.27
7808,2025-11-22 08:00:00,FallHDP,08:00,0.092
7809,2025-11-22 09:00:00,FallHDP,09:00,0.011
7810,2025-11-22 10:00:00,FallHDP,10:00,0.039
7811,2025-11-22 11:00:00,FallHDP,11:00,0.024
7812,2025-11-22 12:00:00,FallHDP,12:00,0.037
7813,2025-11-22 13:00:00,FallHDP,13:00,0.061
7814,2025-11-22 14:00:00,FallHDP,14:00,0.1
7815,2025-11-22 15:00:00,FallHDP,15:00,0.189
7816,2025-11-22 16:00:00,FallHDP,16:00,0.305
7817,2025-11-22 17:00:00,FallHDP,17:00,0.52
7818,2025-11-22 18:00:00,FallHDP,18:00,0.725
7819,2025-11-22 19:00:00,FallHDP,19:00,0.694
7820,2025-11-22 20:00:00,FallHDP,20:00,0.496
7821,2025-11-22 21:00:00,FallHDP,21:00,0.357
7822,2025-11-22 22:00:00,FallHDP,22:00,0.182
7823,2025-11-22 23:00:00,FallHDP,23:00,0.041
7824,2025-11-23 00:00:00,FallHDP,00:00,0.205
7825,2025-11-23 01:00:00,FallHDP,01:00,0.128
7826,2025-11-23 02:00:00,FallHDP,02:00,0.079
7827,2025-11-23 03:00:00,FallHDP,03:00,0.053
7828,2025-11-23 04:00:00,FallHDP,04:00,0.055
7829,2025-11-23 05:00:00,FallHDP,05:00,0.119
7830,2025-11-23 06:00:00,FallHDP,06:00,0.274
7831,2025-11-23 07:00:00,FallHDP,07:00,0.27
7832,2025-11-23 08:00:00,FallHDP,08:00,0.092
7833,2025-11-23 09:00:00,FallHDP,09:00,0.011
7834,2025-11-23 10:00:00,FallHDP,10:00,0.039
7835,2025-11-23 11:00:00,FallHDP,11:00,0.024
7836,2025-11-23 12:00:00,FallHDP,12:00,0.037
7837,2025-11-23 13:00:00,FallHDP,13:00,0.061
7838,2025-11-23 14:00:00,FallHDP,14:00,0.1
7839,2025-11-23 15:00:00,FallHDP,15:00,0.189
7840,2025-11-23 16:00:00,FallHDP,16:00,0.305
7841,2025-11-23 17:00:00,FallHDP,17:00,0.52
7842,2025-11-23 18:00:00,FallHDP,18:00,0.725
7843,2025-11-23 19:00:00,FallHDP,19:00,0.694
7844,2025-11-23 20:00:00,FallHDP,20:00,0.496
7845,2025-11-23 21:00:00,FallHDP,21:00,0.357
7846,2025-11-23 22:00:00,FallHDP,22:00,0.182
7847,2025-11-23 23:00:00,FallHDP,23:00,0.041
7848,2025-11-24 00:00:00,FallHDP,00:00,0.205
7849,2025-11-24 01:00:00,FallHDP,01:00,0.128
7850,2025-11-24 02:00:00,FallHDP,02:00,0.079
7851,2025-11-24 03:00:00,FallHDP,03:00,0.053
7852,2025-11-24 04:00:00,FallHDP,04:00,0.055
7853,2025-11-24 05:00:00,FallHDP,05:00,0.119
7854,2025-11-24 06:00:00,FallHDP,06:00,0.274
7855,2025-11-24 07:00:00,FallHDP,07:00,0.27
7856,2025-11-24 08:00:00,FallHDP,08:00,0.092
7857,2025-11-24 09:00:00,FallHDP,09:00,0.011
7858,2025-11-24 10:00:00,FallHDP,10:00,0.039
7859,2025-11-24 11:00:00,FallHDP,11:00,0.024
7860,2025-11-24 12:00:00,FallHDP,12:00,0.037
7861,2025-11-24 13:00:00,FallHDP,13:00,0.061
7862,2025-11-24 14:00:00,FallHDP,14:00,0.1
7863,2025-11-24 15:00:00,FallHDP,15:00,0.189
7864,2025-11-24 16:00:00,FallHDP,16:00,0.305
7865,2025-11-24 17:00:00,FallHDP,17:00,0.52
7866,2025-11-24 18:00:00,FallHDP,18:00,0.725
7867,2025-11-24 19:00:00,FallHDP,19:00,0.694
7868,2025-11-24 20:00:00,FallHDP,20:00,0.496
7869,2025-11-24 21:00:00,FallHDP,21:00,0.357
7870,2025-11-24 22:00:00,FallHDP,22:00,0.182
7871,2025-11-24 23:00:00,FallHDP,23:00,0.041
7872,2025-11-25 00:00:00,FallHDP,00:00,0.205
7873,2025-11-25 01:00:00,FallHDP,01:00,0.128
7874,2025-11-25 02:00:00,FallHDP,02:00,0.079
7875,2025-11-25 03:00:00,FallHDP,03:00,0.053
7876,2025-11-25 04:00:00,FallHDP,04:00,0.055
7877,2025-11-25 05:00:00,FallHDP,05:00,0.119
7878,2025-11-25 06:00:00,FallHDP,06:00,0.274
7879,2025-11-25 07:00:00,FallHDP,07:00,0.27
7880,2025-11-25 08:00:00,FallHDP,08:00,0.092
7881,2025-11-25 09:00:00,FallHDP,09:00,0.011
7882,2025-11-25 10:00:00,FallHDP,10:00,0.039
7883,2025-11-25 11:00:00,FallHDP,11:00,0.024
7884,2025-11-25 12:00:00,FallHDP,12:00,0.037
7885,2025-11-25 13:00:00,FallHDP,13:00,0.061
7886,2025-11-25 14:00:00,FallHDP,14:00,0.1
7887,2025-11-25 15:00:00,FallHDP,15:00,0.189
7888,2025-11-25 16:00:00,FallHDP,16:00,0.305
7889,2025-11-25 17:00:00,FallHDP,17:00,0.52
7890,2025-11-25 18:00:00,FallHDP,18:00,0.725
7891,2025-11-25 19:00:00,FallHDP,19:00,0.694
7892,2025-11-25 20:00:00,FallHDP,20:00,0.496
7893,2025-11-25 21:00:00,FallHDP,21:00,0.357
7894,2025-11-25 22:00:00,FallHDP,22:00,0.182
7895,2025-11-25 23:00:00,FallHDP,23:00,0.041
7896,2025-11-26 00:00:00,FallHDP,00:00,0.205
7897,2025-11-26 01:00:00,FallHDP,01:00,0.128
7898,2025-11-26 02:00:00,FallHDP,02:00,0.079
7899,2025-11-26 03:00:00,FallHDP,03:00,0.053
7900,2025-11-26 04:00:00,FallHDP,04:00,0.055
7901,2025-11-26 05:00:00,FallHDP,05:00,0.119
7902,2025-11-26 06:00:00,FallHDP,06:00,0.274
7903,2025-11-26 07:00:00,FallHDP,07:00,0.27
7904,2025-11-26 08:00:00,FallHDP,08:00,0.092
7905,2025-11-26 09:00:00,FallHDP,09:00,0.011
7906,2025-11-26 10:00:00,FallHDP,10:00,0.039
7907,2025-11-26 11:00:00,FallHDP,11:00,0.024
7908,2025-11-26 12:00:00,FallHDP,12:00,0.037
7909,2025-11-26 13:00:00,FallHDP,13:00,0.061
7910,2025-11-26 14:00:00,FallHDP,14:00,0.1
7911,2025-11-26 15:00:00,FallHDP,15:00,0.189
7912,2025-11-26 16:00:00,FallHDP,16:00,0.305
7913,2025-11-26 17:00:00,FallHDP,17:00,0.52
7914,2025-11-26 18:00:00,FallHDP,18:00,0.725
7915,2025-11-26 19:00:00,FallHDP,19:00,0.694
7916,2025-11-26 20:00:00,FallHDP,20:00,0.496
7917,2025-11-26 21:00:00,FallHDP,21:00,0.357
7918,2025-11-26 22:00:00,FallHDP,22:00,0.182
7919,2025-11-26 23:00:00,FallHDP,23:00,0.041
7920,2025-11-27 00:00:00,FallHDP,00:00,0.205
7921,2025-11-27 01:00:00,FallHDP,01:00,0.128
7922,2025-11-27 02:00:00,FallHDP,02:00,0.079
7923,2025-11-27 03:00:00,FallHDP,03:00,0.053
7924,2025-11-27 04:00:00,FallHDP,04:00,0.055
7925,2025-11-27 05:00:00,FallHDP,05:00,0.119
7926,2025-11-27 06:00:00,FallHDP,06:00,0.274
7927,2025-11-27 07:00:00,FallHDP,07:00,0.27
7928,2025-11-27 08:00:00,FallHDP,08:00,0.092
7929,2025-11-27 09:00:00,FallHDP,09:00,0.011
7930,2025-11-27 10:00:00,FallHDP,10:00,0.039
7931,2025-11-27 11:00:00,FallHDP,11:00,0.024
7932,2025-11-27 12:00:00,FallHDP,12:00,0.037
7933,2025-11-27 13:00:00,FallHDP,13:00,0.061
7934,2025-11-27 14:00:00,FallHDP,14:00,0.1
7935,2025-11-27 15:00:00,FallHDP,15:00,0.189
7936,2025-11-27 16:00:00,FallHDP,16:00,0.305
7937,2025-11-27 17:00:00,FallHDP,17:00,0.52
7938,2025-11-27 18:00:00,FallHDP,18:00,0.725
7939,2025-11-27 19:00:00,FallHDP,19:00,0.694
7940,2025-11-27 20:00:00,FallHDP,20:00,0.496
7941,2025-11-27 21:00:00,FallHDP,21:00,0.357
7942,2025-11-27 22:00:00,FallHDP,22:00,0.182
7943,2025-11-27 23:00:00,FallHDP,23:00,0.041
7944,2025-11-28 00:00:00,FallHDP,00:00,0.205
7945,2025-11-28 01:00:00,FallHDP,01:00,0.128
7946,2025-11-28 02:00:00,FallHDP,02:00,0.079
7947,2025-11-28 03:00:00,FallHDP,03:00,0.053
7948,2025-11-28 04:00:00,FallHDP,04:00,0.055
7949,2025-11-28 05:00:00,FallHDP,05:00,0.119
7950,2025-11-28 06:00:00,FallHDP,06:00,0.274
7951,2025-11-28 07:00:00,FallHDP,07:00,0.27
7952,2025-11-28 08:00:00,FallHDP,08:00,0.092
7953,2025-11-28 09:00:00,FallHDP,09:00,0.011
7954,2025-11-28 10:00:00,FallHDP,10:00,0.039
7955,2025-11-28 11:00:00,FallHDP,11:00,0.024
7956,2025-11-28 12:00:00,FallHDP,12:00,0.037
7957,2025-11-28 13:00:00,FallHDP,13:00,0.061
7958,2025-11-28 14:00:00,FallHDP,14:00,0.1
7959,2025-11-28 15:00:00,FallHDP,15:00,0.189
7960,2025-11-28 16:00:00,FallHDP,16:00,0.305
7961,2025-11-28 17:00:00,FallHDP,17:00,0.52
7962,2025-11-28 18:00:00,FallHDP,18:00,0.725
7963,2025-11-28 19:00:00,FallHDP,19:00,0.694
7964,2025-11-28 20:00:00,FallHDP,20:00,0.496
7965,2025-11-28 21:00:00,FallHDP,21:00,0.357
7966,2025-11-28 22:00:00,FallHDP,22:00,0.182
7967,2025-11-28 23:00:00,FallHDP,23:00,0.041
7968,2025-11-29 00:00:00,FallHDP,00:00,0.205
7969,2025-11-29 01:00:00,FallHDP,01:00,0.128
7970,2025-11-29 02:00:00,FallHDP,02:00,0.079
7971,2025-11-29 03:00:00,FallHDP,03:00,0.053
7972,2025-11-29 04:00:00,FallHDP,04:00,0.055
7973,2025-11-29 05:00:00,FallHDP,05:00,0.119
7974,2025-11-29 06:00:00,FallHDP,06:00,0.274
7975,2025-11-29 07:00:00,FallHDP,07:00,0.27
7976,2025-11-29 08:00:00,FallHDP,08:00,0.092
7977,2025-11-29 09:00:00,FallHDP,09:00,0.011
7978,2025-11-29 10:00:00,FallHDP,10:00,0.039
7979,2025-11-29 11:00:00,FallHDP,11:00,0.024
7980,2025-11-29 12:00:00,FallHDP,12:00,0.037
7981,2025-11-29 13:00:00,FallHDP,13:00,0.061
7982,2025-11-29 14:00:00,FallHDP,14:00,0.1
7983,2025-11-29 15:00:00,FallHDP,15:00,0.189
7984,2025-11-29 16:00:00,FallHDP,16:00,0.305
7985,2025-11-29 17:00:00,FallHDP,17:00,0.52
7986,2025-11-29 18:00:00,FallHDP,18:00,0.725
7987,2025-11-29 19:00:00,FallHDP,19:00,0.694
7988,2025-11-29 20:00:00,FallHDP,20:00,0.496
7989,2025-11-29 21:00:00,FallHDP,21:00,0.357
7990,2025-11-29 22:00:00,FallHDP,22:00,0.182
7991,2025-11-29 23:00:00,FallHDP,23:00,0.041
7992,2025-11-30 00:00:00,FallHDP,00:00,0.205
7993,2025-11-30 01:00:00,FallHDP,01:00,0.128
7994,2025-11-30 02:00:00,FallHDP,02:00,0.079
7995,2025-11-30 03:00:00,FallHDP,03:00,0.053
7996,2025-11-30 04:00:00,FallHDP,04:00,0.055
7997,2025-11-30 05:00:00,FallHDP,05:00,0.119
7998,2025-11-30 06:00:00,FallHDP,06:00,0.274
7999,2025-11-30 07:00:00,FallHDP,07:00,0.27
8000,2025-11-30 08:00:00,FallHDP,08:00,0.092
8001,2025-11-30 09:00:00,FallHDP,09:00,0.011
8002,2025-11-30 10:00:00,FallHDP,10:00,0.039
8003,2025-11-30 11:00:00,FallHDP,11:00,0.024
8004,2025-11-30 12:00:00,FallHDP,12:00,0.037
8005,2025-11-30 13:00:00,FallHDP,13:00,0.061
8006,2025-11-30 14:00:00,FallHDP,14:00,0.1
8007,2025-11-30 15:00:00,FallHDP,15:00,0.189
8008,2025-11-30 16:00:00,FallHDP,16:00,0.305
8009,2025-11-30 17:00:00,FallHDP,17:00,0.52
8010,2025-11-30 18:00:00,FallHDP,18:00,0.725
8011,2025-11-30 19:00:00,FallHDP,19:00,0.694
8012,2025-11-30 20:00:00,FallHDP,20:00,0.496
8013,2025-11-30 21:00:00,FallHDP,21:00,0.357
8014,2025-11-30 22:00:00,FallHDP,22:00,0.182
8015,2025-11-30 23:00:00,FallHDP,23:00,0.041
8016,2025-12-01 00:00:00,WinterHDP,00:00,0.072
8017,2025-12-01 01:00:00,WinterHDP,01:00,0.044
8018,2025-12-01 02:00:00,WinterHDP,02:00,0.02
8019,2025-12-01 03:00:00,WinterHDP,03:00,0.011
8020,2025-12-01 04:00:00,WinterHDP,04:00,0.033
8021,2025-12-01 05:00:00,WinterHDP,05:00,0.11
8022,2025-12-01 06:00:00,WinterHDP,06:00,0.267
8023,2025-12-01 07:00:00,WinterHDP,07:00,0.308
8024,2025-12-01 08:00:00,WinterHDP,08:00,0.216
8025,2025-12-01 09:00:00,WinterHDP,09:00,0.158
8026,2025-12-01 10:00:00,WinterHDP,10:00,0.126
8027,2025-12-01 11:00:00,WinterHDP,11:00,0.105
8028,2025-12-01 12:00:00,WinterHDP,12:00,0.132
8029,2025-12-01 13:00:00,WinterHDP,13:00,0.183
8030,2025-12-01 14:00:00,WinterHDP,14:00,0.249
8031,2025-12-01 15:00:00,WinterHDP,15:00,0.312
8032,2025-12-01 16:00:00,WinterHDP,16:00,0.396
8033,2025-12-01 17:00:00,WinterHDP,17:00,0.525
8034,2025-12-01 18:00:00,WinterHDP,18:00,0.497
8035,2025-12-01 19:00:00,WinterHDP,19:00,0.452
8036,2025-12-01 20:00:00,WinterHDP,20:00,0.392
8037,2025-12-01 21:00:00,WinterHDP,21:00,0.311
8038,2025-12-01 22:00:00,WinterHDP,22:00,0.2
8039,2025-12-01 23:00:00,WinterHDP,23:00,0.111
8040,2025-12-02 00:00:00,WinterHDP,00:00,0.072
8041,2025-12-02 01:00:00,WinterHDP,01:00,0.044
8042,2025-12-02 02:00:00,WinterHDP,02:00,0.02
8043,2025-12-02 03:00:00,WinterHDP,03:00,0.011
8044,2025-12-02 04:00:00,WinterHDP,04:00,0.033
8045,2025-12-02 05:00:00,WinterHDP,05:00,0.11
8046,2025-12-02 06:00:00,WinterHDP,06:00,0.267
8047,2025-12-02 07:00:00,WinterHDP,07:00,0.308
8048,2025-12-02 08:00:00,WinterHDP,08:00,0.216
8049,2025-12-02 09:00:00,WinterHDP,09:00,0.158
8050,2025-12-02 10:00:00,WinterHDP,10:00,0.126
8051,2025-12-02 11:00:00,WinterHDP,11:00,0.105
8052,2025-12-02 12:00:00,WinterHDP,12:00,0.132
8053,2025-12-02 13:00:00,WinterHDP,13:00,0.183
8054,2025-12-02 14:00:00,WinterHDP,14:00,0.249
8055,2025-12-02 15:00:00,WinterHDP,15:00,0.312
8056,2025-12-02 16:00:00,WinterHDP,16:00,0.396
8057,2025-12-02 17:00:00,WinterHDP,17:00,0.525
8058,2025-12-02 18:00:00,WinterHDP,18:00,0.497
8059,2025-12-02 19:00:00,WinterHDP,19:00,0.452
8060,2025-12-02 20:00:00,WinterHDP,20:00,0.392
8061,2025-12-02 21:00:00,WinterHDP,21:00,0.311
8062,2025-12-02 22:00:00,WinterHDP,22:00,0.2
8063,2025-12-02 23:00:00,WinterHDP,23:00,0.111
8064,2025-12-03 00:00:00,WinterHDP,00:00,0.072
8065,2025-12-03 01:00:00,WinterHDP,01:00,0.044
8066,2025-12-03 02:00:00,WinterHDP,02:00,0.02
8067,2025-12-03 03:00:00,WinterHDP,03:00,0.011
8068,2025-12-03 04:00:00,WinterHDP,04:00,0.033
8069,2025-12-03 05:00:00,WinterHDP,05:00,0.11
8070,2025-12-03 06:00:00,WinterHDP,06:00,0.267
8071,2025-12-03 07:00:00,WinterHDP,07:00,0.308
8072,2025-12-03 08:00:00,WinterHDP,08:00,0.216
8073,2025-12-03 09:00:00,WinterHDP,09:00,0.158
8074,2025-12-03 10:00:00,WinterHDP,10:00,0.126
8075,2025-12-03 11:00:00,WinterHDP,11:00,0.105
8076,2025-12-03 12:00:00,WinterHDP,12:00,0.132
8077,2025-12-03 13:00:00,WinterHDP,13:00,0.183
8078,2025-12-03 14:00:00,WinterHDP,14:00,0.249
8079,2025-12-03 15:00:00,WinterHDP,15:00,0.312
8080,2025-12-03 16:00:00,WinterHDP,16:00,0.396
8081,2025-12-03 17:00:00,WinterHDP,17:00,0.525
8082,2025-12-03 18:00:00,WinterHDP,18:00,0.497
8083,2025-12-03 19:00:00,WinterHDP,19:00,0.452
8084,2025-12-03 20:00:00,WinterHDP,20:00,0.392
8085,2025-12-03 21:00:00,WinterHDP,21:00,0.311
8086,2025-12-03 22:00:00,WinterHDP,22:00,0.2
8087,2025-12-03 23:00:00,WinterHDP,23:00,0.111
8088,2025-12-04 00:00:00,WinterHDP,00:00,0.072
8089,2025-12-04 01:00:00,WinterHDP,01:00,0.044
8090,2025-12-04 02:00:00,WinterHDP,02:00,0.02
8091,2025-12-04 03:00:00,WinterHDP,03:00,0.011
8092,2025-12-04 04:00:00,WinterHDP,04:00,0.033
8093,2025-12-04 05:00:00,WinterHDP,05:00,0.11
8094,2025-12-04 06:00:00,WinterHDP,06:00,0.267
8095,2025-12-04 07:00:00,WinterHDP,07:00,0.308
8096,2025-12-04 08:00:00,WinterHDP,08:00,0.216
8097,2025-12-04 09:00:00,WinterHDP,09:00,0.158
8098,2025-12-04 10:00:00,WinterHDP,10:00,0.126
8099,2025-12-04 11:00:00,WinterHDP,11:00,0.105
8100,2025-12-04 12:00:00,WinterHDP,12:00,0.132
8101,2025-12-04 13:00:00,WinterHDP,13:00,0.183
8102,2025-12-04 14:00:00,WinterHDP,14:00,0.249
8103,2025-12-04 15:00:00,WinterHDP,15:00,0.312
8104,2025-12-04 16:00:00,WinterHDP,16:00,0.396
8105,2025-12-04 17:00:00,WinterHDP,17:00,0.525
8106,2025-12-04 18:00:00,WinterHDP,18:00,0.497
8107,2025-12-04 19:00:00,WinterHDP,19:00,0.452
8108,2025-12-04 20:00:00,WinterHDP,20:00,0.392
8109,2025-12-04 21:00:00,WinterHDP,21:00,0.311
8110,2025-12-04 22:00:00,WinterHDP,22:00,0.2
8111,2025-12-04 23:00:00,WinterHDP,23:00,0.111
8112,2025-12-05 00:00:00,WinterHDP,00:00,0.072
8113,2025-12-05 01:00:00,WinterHDP,01:00,0.044
8114,2025-12-05 02:00:00,WinterHDP,02:00,0.02
8115,2025-12-05 03:00:00,WinterHDP,03:00,0.011
8116,2025-12-05 04:00:00,WinterHDP,04:00,0.033
8117,2025-12-05 05:00:00,WinterHDP,05:00,0.11
8118,2025-12-05 06:00:00,WinterHDP,06:00,0.267
8119,2025-12-05 07:00:00,WinterHDP,07:00,0.308
8120,2025-12-05 08:00:00,WinterHDP,08:00,0.216
8121,2025-12-05 09:00:00,WinterHDP,09:00,0.158
8122,2025-12-05 10:00:00,WinterHDP,10:00,0.126
8123,2025-12-05 11:00:00,WinterHDP,11:00,0.105
8124,2025-12-05 12:00:00,WinterHDP,12:00,0.132
8125,2025-12-05 13:00:00,WinterHDP,13:00,0.183
8126,2025-12-05 14:00:00,WinterHDP,14:00,0.249
8127,2025-12-05 15:00:00,WinterHDP,15:00,0.312
8128,2025-12-05 16:00:00,WinterHDP,16:00,0.396
8129,2025-12-05 17:00:00,WinterHDP,17:00,0.525
8130,2025-12-05 18:00:00,WinterHDP,18:00,0.497
8131,2025-12-05 19:00:00,WinterHDP,19:00,0.452
8132,2025-12-05 20:00:00,WinterHDP,20:00,0.392
8133,2025-12-05 21:00:00,WinterHDP,21:00,0.311
8134,2025-12-05 22:00:00,WinterHDP,22:00,0.2
8135,2025-12-05 23:00:00,WinterHDP,23:00,0.111
8136,2025-12-06 00:00:00,WinterHDP,00:00,0.072
8137,2025-12-06 01:00:00,WinterHDP,01:00,0.044
8138,2025-12-06 02:00:00,WinterHDP,02:00,0.02
8139,2025-12-06 03:00:00,WinterHDP,03:00,0.011
8140,2025-12-06 04:00:00,WinterHDP,04:00,0.033
8141,2025-12-06 05:00:00,WinterHDP,05:00,0.11
8142,2025-12-06 06:00:00,WinterHDP,06:00,0.267
8143,2025-12-06 07:00:00,WinterHDP,07:00,0.308
8144,2025-12-06 08:00:00,WinterHDP,08:00,0.216
8145,2025-12-06 09:00:00,WinterHDP,09:00,0.158
8146,2025-12-06 10:00:00,WinterHDP,10:00,0.126
8147,2025-12-06 11:00:00,WinterHDP,11:00,0.105
8148,2025-12-06 12:00:00,WinterHDP,12:00,0.132
8149,2025-12-06 13:00:00,WinterHDP,13:00,0.183
8150,2025-12-06 14:00:00,WinterHDP,14:00,0.249
8151,2025-12-06 15:00:00,WinterHDP,15:00,0.312
8152,2025-12-06 16:00:00,WinterHDP,16:00,0.396
8153,2025-12-06 17:00:00,WinterHDP,17:00,0.525
8154,2025-12-06 18:00:00,WinterHDP,18:00,0.497
8155,2025-12-06 19:00:00,WinterHDP,19:00,0.452
8156,2025-12-06 20:00:00,WinterHDP,20:00,0.392
8157,2025-12-06 21:00:00,WinterHDP,21:00,0.311
8158,2025-12-06 22:00:00,WinterHDP,22:00,0.2
8159,2025-12-06 23:00:00,WinterHDP,23:00,0.111
8160,2025-12-07 00:00:00,WinterHDP,00:00,0.072
8161,2025-12-07 01:00:00,WinterHDP,01:00,0.044
8162,2025-12-07 02:00:00,WinterHDP,02:00,0.02
8163,2025-12-07 03:00:00,WinterHDP,03:00,0.011
8164,2025-12-07 04:00:00,WinterHDP,04:00,0.033
8165,2025-12-07 05:00:00,WinterHDP,05:00,0.11
8166,2025-12-07 06:00:00,WinterHDP,06:00,0.267
8167,2025-12-07 07:00:00,WinterHDP,07:00,0.308
8168,2025-12-07 08:00:00,WinterHDP,08:00,0.216
8169,2025-12-07 09:00:00,WinterHDP,09:00,0.158
8170,2025-12-07 10:00:00,WinterHDP,10:00,0.126
8171,2025-12-07 11:00:00,WinterHDP,11:00,0.105
8172,2025-12-07 12:00:00,WinterHDP,12:00,0.132
8173,2025-12-07 13:00:00,WinterHDP,13:00,0.183
8174,2025-12-07 14:00:00,WinterHDP,14:00,0.249
8175,2025-12-07 15:00:00,WinterHDP,15:00,0.312
8176,2025-12-07 16:00:00,WinterHDP,16:00,0.396
8177,2025-12-07 17:00:00,WinterHDP,17:00,0.525
8178,2025-12-07 18:00:00,WinterHDP,18:00,0.497
8179,2025-12-07 19:00:00,WinterHDP,19:00,0.452
8180,2025-12-07 20:00:00,WinterHDP,20:00,0.392
8181,2025-12-07 21:00:00,WinterHDP,21:00,0.311
8182,2025-12-07 22:00:00,WinterHDP,22:00,0.2
8183,2025-12-07 23:00:00,WinterHDP,23:00,0.111
8184,2025-12-08 00:00:00,WinterHDP,00:00,0.072
8185,2025-12-08 01:00:00,WinterHDP,01:00,0.044
8186,2025-12-08 02:00:00,WinterHDP,02:00,0.02
8187,2025-12-08 03:00:00,WinterHDP,03:00,0.011
8188,2025-12-08 04:00:00,WinterHDP,04:00,0.033
8189,2025-12-08 05:00:00,WinterHDP,05:00,0.11
8190,2025-12-08 06:00:00,WinterHDP,06:00,0.267
8191,2025-12-08 07:00:00,WinterHDP,07:00,0.308
8192,2025-12-08 08:00:00,WinterHDP,08:00,0.216
8193,2025-12-08 09:00:00,WinterHDP,09:00,0.158
8194,2025-12-08 10:00:00,WinterHDP,10:00,0.126
8195,2025-12-08 11:00:00,WinterHDP,11:00,0.105
8196,2025-12-08 12:00:00,WinterHDP,12:00,0.132
8197,2025-12-08 13:00:00,WinterHDP,13:00,0.183
8198,2025-12-08 14:00:00,WinterHDP,14:00,0.249
8199,2025-12-08 15:00:00,WinterHDP,15:00,0.312
8200,2025-12-08 16:00:00,WinterHDP,16:00,0.396
8201,2025-12-08 17:00:00,WinterHDP,17:00,0.525
8202,2025-12-08 18:00:00,WinterHDP,18:00,0.497
8203,2025-12-08 19:00:00,WinterHDP,19:00,0.452
8204,2025-12-08 20:00:00,WinterHDP,20:00,0.392
8205,2025-12-08 21:00:00,WinterHDP,21:00,0.311
8206,2025-12-08 22:00:00,WinterHDP,22:00,0.2
8207,2025-12-08 23:00:00,WinterHDP,23:00,0.111
8208,2025-12-09 00:00:00,WinterHDP,00:00,0.072
8209,2025-12-09 01:00:00,WinterHDP,01:00,0.044
8210,2025-12-09 02:00:00,WinterHDP,02:00,0.02
8211,2025-12-09 03:00:00,WinterHDP,03:00,0.011
8212,2025-12-09 04:00:00,WinterHDP,04:00,0.033
8213,2025-12-09 05:00:00,WinterHDP,05:00,0.11
8214,2025-12-09 06:00:00,WinterHDP,06:00,0.267
8215,2025-12-09 07:00:00,WinterHDP,07:00,0.308
8216,2025-12-09 08:00:00,WinterHDP,08:00,0.216
8217,2025-12-09 09:00:00,WinterHDP,09:00,0.158
8218,2025-12-09 10:00:00,WinterHDP,10:00,0.126
8219,2025-12-09 11:00:00,WinterHDP,11:00,0.105
8220,2025-12-09 12:00:00,WinterHDP,12:00,0.132
8221,2025-12-09 13:00:00,WinterHDP,13:00,0.183
8222,2025-12-09 14:00:00,WinterHDP,14:00,0.249
8223,2025-12-09 15:00:00,WinterHDP,15:00,0.312
8224,2025-12-09 16:00:00,WinterHDP,16:00,0.396
8225,2025-12-09 17:00:00,WinterHDP,17:00,0.525
8226,2025-12-09 18:00:00,WinterHDP,18:00,0.497
8227,2025-12-09 19:00:00,WinterHDP,19:00,0.452
8228,2025-12-09 20:00:00,WinterHDP,20:00,0.392
8229,2025-12-09 21:00:00,WinterHDP,21:00,0.311
8230,2025-12-09 22:00:00,WinterHDP,22:00,0.2
8231,2025-12-09 23:00:00,WinterHDP,23:00,0.111
8232,2025-12-10 00:00:00,WinterHDP,00:00,0.072
8233,2025-12-10 01:00:00,WinterHDP,01:00,0.044
8234,2025-12-10 02:00:00,WinterHDP,02:00,0.02
8235,2025-12-10 03:00:00,WinterHDP,03:00,0.011
8236,2025-12-10 04:00:00,WinterHDP,04:00,0.033
8237,2025-12-10 05:00:00,WinterHDP,05:00,0.11
8238,2025-12-10 06:00:00,WinterHDP,06:00,0.267
8239,2025-12-10 07:00:00,WinterHDP,07:00,0.308
8240,2025-12-10 08:00:00,WinterHDP,08:00,0.216
8241,2025-12-10 09:00:00,WinterHDP,09:00,0.158
8242,2025-12-10 10:00:00,WinterHDP,10:00,0.126
8243,2025-12-10 11:00:00,WinterHDP,11:00,0.105
8244,2025-12-10 12:00:00,WinterHDP,12:00,0.132
8245,2025-12-10 13:00:00,WinterHDP,13:00,0.183
8246,2025-12-10 14:00:00,WinterHDP,14:00,0.249
8247,2025-12-10 15:00:00,WinterHDP,15:00,0.312
8248,2025-12-10 16:00:00,WinterHDP,16:00,0.396
8249,2025-12-10 17:00:00,WinterHDP,17:00,0.525
8250,2025-12-10 18:00:00,WinterHDP,18:00,0.497
8251,2025-12-10 19:00:00,WinterHDP,19:00,0.452
8252,2025-12-10 20:00:00,WinterHDP,20:00,0.392
8253,2025-12-10 21:00:00,WinterHDP,21:00,0.311
8254,2025-12-10 22:00:00,WinterHDP,22:00,0.2
8255,2025-12-10 23:00:00,WinterHDP,23:00,0.111
8256,2025-12-11 00:00:00,WinterHDP,00:00,0.072
8257,2025-12-11 01:00:00,WinterHDP,01:00,0.044
8258,2025-12-11 02:00:00,WinterHDP,02:00,0.02
8259,2025-12-11 03:00:00,WinterHDP,03:00,0.011
8260,2025-12-11 04:00:00,WinterHDP,04:00,0.033
8261,2025-12-11 05:00:00,WinterHDP,05:00,0.11
8262,2025-12-11 06:00:00,WinterHDP,06:00,0.267
8263,2025-12-11 07:00:00,WinterHDP,07:00,0.308
8264,2025-12-11 08:00:00,WinterHDP,08:00,0.216
8265,2025-12-11 09:00:00,WinterHDP,09:00,0.158
8266,2025-12-11 10:00:00,WinterHDP,10:00,0.126
8267,2025-12-11 11:00:00,WinterHDP,11:00,0.105
8268,2025-12-11 12:00:00,WinterHDP,12:00,0.132
8269,2025-12-11 13:00:00,WinterHDP,13:00,0.183
8270,2025-12-11 14:00:00,WinterHDP,14:00,0.249
8271,2025-12-11 15:00:00,WinterHDP,15:00,0.312
8272,2025-12-11 16:00:00,WinterHDP,16:00,0.396
8273,2025-12-11 17:00:00,WinterHDP,17:00,0.525
8274,2025-12-11 18:00:00,WinterHDP,18:00,0.497
8275,2025-12-11 19:00:00,WinterHDP,19:00,0.452
8276,2025-12-11 20:00:00,WinterHDP,20:00,0.392
8277,2025-12-11 21:00:00,WinterHDP,21:00,0.311
8278,2025-12-11 22:00:00,WinterHDP,22:00,0.2
8279,2025-12-11 23:00:00,WinterHDP,23:00,0.111
8280,2025-12-12 00:00:00,WinterHDP,00:00,0.072
8281,2025-12-12 01:00:00,WinterHDP,01:00,0.044
8282,2025-12-12 02:00:00,WinterHDP,02:00,0.02
8283,2025-12-12 03:00:00,WinterHDP,03:00,0.011
8284,2025-12-12 04:00:00,WinterHDP,04:00,0.033
8285,2025-12-12 05:00:00,WinterHDP,05:00,0.11
8286,2025-12-12 06:00:00,WinterHDP,06:00,0.267
8287,2025-12-12 07:00:00,WinterHDP,07:00,0.308
8288,2025-12-12 08:00:00,WinterHDP,08:00,0.216
8289,2025-12-12 09:00:00,WinterHDP,09:00,0.158
8290,2025-12-12 10:00:00,WinterHDP,10:00,0.126
8291,2025-12-12 11:00:00,WinterHDP,11:00,0.105
8292,2025-12-12 12:00:00,WinterHDP,12:00,0.132
8293,2025-12-12 13:00:00,WinterHDP,13:00,0.183
8294,2025-12-12 14:00:00,WinterHDP,14:00,0.249
8295,2025-12-12 15:00:00,WinterHDP,15:00,0.312
8296,2025-12-12 16:00:00,WinterHDP,16:00,0.396
8297,2025-12-12 17:00:00,WinterHDP,17:00,0.525
8298,2025-12-12 18:00:00,WinterHDP,18:00,0.497
8299,2025-12-12 19:00:00,WinterHDP,19:00,0.452
8300,2025-12-12 20:00:00,WinterHDP,20:00,0.392
8301,2025-12-12 21:00:00,WinterHDP,21:00,0.311
8302,2025-12-12 22:00:00,WinterHDP,22:00,0.2
8303,2025-12-12 23:00:00,WinterHDP,23:00,0.111
8304,2025-12-13 00:00:00,WinterHDP,00:00,0.072
8305,2025-12-13 01:00:00,WinterHDP,01:00,0.044
8306,2025-12-13 02:00:00,WinterHDP,02:00,0.02
8307,2025-12-13 03:00:00,WinterHDP,03:00,0.011
8308,2025-12-13 04:00:00,WinterHDP,04:00,0.033
8309,2025-12-13 05:00:00,WinterHDP,05:00,0.11
8310,2025-12-13 06:00:00,WinterHDP,06:00,0.267
8311,2025-12-13 07:00:00,WinterHDP,07:00,0.308
8312,2025-12-13 08:00:00,WinterHDP,08:00,0.216
8313,2025-12-13 09:00:00,WinterHDP,09:00,0.158
8314,2025-12-13 10:00:00,WinterHDP,10:00,0.126
8315,2025-12-13 11:00:00,WinterHDP,11:00,0.105
8316,2025-12-13 12:00:00,WinterHDP,12:00,0.132
8317,2025-12-13 13:00:00,WinterHDP,13:00,0.183
8318,2025-12-13 14:00:00,WinterHDP,14:00,0.249
8319,2025-12-13 15:00:00,WinterHDP,15:00,0.312
8320,2025-12-13 16:00:00,WinterHDP,16:00,0.396
8321,2025-12-13 17:00:00,WinterHDP,17:00,0.525
8322,2025-12-13 18:00:00,WinterHDP,18:00,0.497
8323,2025-12-13 19:00:00,WinterHDP,19:00,0.452
8324,2025-12-13 20:00:00,WinterHDP,20:00,0.392
8325,2025-12-13 21:00:00,WinterHDP,21:00,0.311
8326,2025-12-13 22:00:00,WinterHDP,22:00,0.2
8327,2025-12-13 23:00:00,WinterHDP,23:00,0.111
8328,2025-12-14 00:00:00,WinterHDP,00:00,0.072
8329,2025-12-14 01:00:00,WinterHDP,01:00,0.044
8330,2025-12-14 02:00:00,WinterHDP,02:00,0.02
8331,2025-12-14 03:00:00,WinterHDP,03:00,0.011
8332,2025-12-14 04:00:00,WinterHDP,04:00,0.033
8333,2025-12-14 05:00:00,WinterHDP,05:00,0.11
8334,2025-12-14 06:00:00,WinterHDP,06:00,0.267
8335,2025-12-14 07:00:00,WinterHDP,07:00,0.308
8336,2025-12-14 08:00:00,WinterHDP,08:00,0.216
8337,2025-12-14 09:00:00,WinterHDP,09:00,0.158
8338,2025-12-14 10:00:00,WinterHDP,10:00,0.126
8339,2025-12-14 11:00:00,WinterHDP,11:00,0.105
8340,2025-12-14 12:00:00,WinterHDP,12:00,0.132
8341,2025-12-14 13:00:00,WinterHDP,13:00,0.183
8342,2025-12-14 14:00:00,WinterHDP,14:00,0.249
8343,2025-12-14 15:00:00,WinterHDP,15:00,0.312
8344,2025-12-14 16:00:00,WinterHDP,16:00,0.396
8345,2025-12-14 17:00:00,WinterHDP,17:00,0.525
8346,2025-12-14 18:00:00,WinterHDP,18:00,0.497
8347,2025-12-14 19:00:00,WinterHDP,19:00,0.452
8348,2025-12-14 20:00:00,WinterHDP,20:00,0.392
8349,2025-12-14 21:00:00,WinterHDP,21:00,0.311
8350,2025-12-14 22:00:00,WinterHDP,22:00,0.2
8351,2025-12-14 23:00:00,WinterHDP,23:00,0.111
8352,2025-12-15 00:00:00,WinterHDP,00:00,0.072
8353,2025-12-15 01:00:00,WinterHDP,01:00,0.044
8354,2025-12-15 02:00:00,WinterHDP,02:00,0.02
8355,2025-12-15 03:00:00,WinterHDP,03:00,0.011
8356,2025-12-15 04:00:00,WinterHDP,04:00,0.033
8357,2025-12-15 05:00:00,WinterHDP,05:00,0.11
8358,2025-12-15 06:00:00,WinterHDP,06:00,0.267
8359,2025-12-15 07:00:00,WinterHDP,07:00,0.308
8360,2025-12-15 08:00:00,WinterHDP,08:00,0.216
8361,2025-12-15 09:00:00,WinterHDP,09:00,0.158
8362,2025-12-15 10:00:00,WinterHDP,10:00,0.126
8363,2025-12-15 11:00:00,WinterHDP,11:00,0.105
8364,2025-12-15 12:00:00,WinterHDP,12:00,0.132
8365,2025-12-15 13:00:00,WinterHDP,13:00,0.183
8366,2025-12-15 14:00:00,WinterHDP,14:00,0.249
8367,2025-12-15 15:00:00,WinterHDP,15:00,0.312
8368,2025-12-15 16:00:00,WinterHDP,16:00,0.396
8369,2025-12-15 17:00:00,WinterHDP,17:00,0.525
8370,2025-12-15 18:00:00,WinterHDP,18:00,0.497
8371,2025-12-15 19:00:00,WinterHDP,19:00,0.452
8372,2025-12-15 20:00:00,WinterHDP,20:00,0.392
8373,2025-12-15 21:00:00,WinterHDP,21:00,0.311
8374,2025-12-15 22:00:00,WinterHDP,22:00,0.2
8375,2025-12-15 23:00:00,WinterHDP,23:00,0.111
8376,2025-12-16 00:00:00,WinterHDP,00:00,0.072
8377,2025-12-16 01:00:00,WinterHDP,01:00,0.044
8378,2025-12-16 02:00:00,WinterHDP,02:00,0.02
8379,2025-12-16 03:00:00,WinterHDP,03:00,0.011
8380,2025-12-16 04:00:00,WinterHDP,04:00,0.033
8381,2025-12-16 05:00:00,WinterHDP,05:00,0.11
8382,2025-12-16 06:00:00,WinterHDP,06:00,0.267
8383,2025-12-16 07:00:00,WinterHDP,07:00,0.308
8384,2025-12-16 08:00:00,WinterHDP,08:00,0.216
8385,2025-12-16 09:00:00,WinterHDP,09:00,0.158
8386,2025-12-16 10:00:00,WinterHDP,10:00,0.126
8387,2025-12-16 11:00:00,WinterHDP,11:00,0.105
8388,2025-12-16 12:00:00,WinterHDP,12:00,0.132
8389,2025-12-16 13:00:00,WinterHDP,13:00,0.183
8390,2025-12-16 14:00:00,WinterHDP,14:00,0.249
8391,2025-12-16 15:00:00,WinterHDP,15:00,0.312
8392,2025-12-16 16:00:00,WinterHDP,16:00,0.396
8393,2025-12-16 17:00:00,WinterHDP,17:00,0.525
8394,2025-12-16 18:00:00,WinterHDP,18:00,0.497
8395,2025-12-16 19:00:00,WinterHDP,19:00,0.452
8396,2025-12-16 20:00:00,WinterHDP,20:00,0.392
8397,2025-12-16 21:00:00,WinterHDP,21:00,0.311
8398,2025-12-16 22:00:00,WinterHDP,22:00,0.2
8399,2025-12-16 23:00:00,WinterHDP,23:00,0.111
8400,2025-12-17 00:00:00,WinterHDP,00:00,0.072
8401,2025-12-17 01:00:00,WinterHDP,01:00,0.044
8402,2025-12-17 02:00:00,WinterHDP,02:00,0.02
8403,2025-12-17 03:00:00,WinterHDP,03:00,0.011
8404,2025-12-17 04:00:00,WinterHDP,04:00,0.033
8405,2025-12-17 05:00:00,WinterHDP,05:00,0.11
8406,2025-12-17 06:00:00,WinterHDP,06:00,0.267
8407,2025-12-17 07:00:00,WinterHDP,07:00,0.308
8408,2025-12-17 08:00:00,WinterHDP,08:00,0.216
8409,2025-12-17 09:00:00,WinterHDP,09:00,0.158
8410,2025-12-17 10:00:00,WinterHDP,10:00,0.126
8411,2025-12-17 11:00:00,WinterHDP,11:00,0.105
8412,2025-12-17 12:00:00,WinterHDP,12:00,0.132
8413,2025-12-17 13:00:00,WinterHDP,13:00,0.183
8414,2025-12-17 14:00:00,WinterHDP,14:00,0.249
8415,2025-12-17 15:00:00,WinterHDP,15:00,0.312
8416,2025-12-17 16:00:00,WinterHDP,16:00,0.396
8417,2025-12-17 17:00:00,WinterHDP,17:00,0.525
8418,2025-12-17 18:00:00,WinterHDP,18:00,0.497
8419,2025-12-17 19:00:00,WinterHDP,19:00,0.452
8420,2025-12-17 20:00:00,WinterHDP,20:00,0.392
8421,2025-12-17 21:00:00,WinterHDP,21:00,0.311
8422,2025-12-17 22:00:00,WinterHDP,22:00,0.2
8423,2025-12-17 23:00:00,WinterHDP,23:00,0.111
8424,2025-12-18 00:00:00,WinterHDP,00:00,0.072
8425,2025-12-18 01:00:00,WinterHDP,01:00,0.044
8426,2025-12-18 02:00:00,WinterHDP,02:00,0.02
8427,2025-12-18 03:00:00,WinterHDP,03:00,0.011
8428,2025-12-18 04:00:00,WinterHDP,04:00,0.033
8429,2025-12-18 05:00:00,WinterHDP,05:00,0.11
8430,2025-12-18 06:00:00,WinterHDP,06:00,0.267
8431,2025-12-18 07:00:00,WinterHDP,07:00,0.308
8432,2025-12-18 08:00:00,WinterHDP,08:00,0.216
8433,2025-12-18 09:00:00,WinterHDP,09:00,0.158
8434,2025-12-18 10:00:00,WinterHDP,10:00,0.126
8435,2025-12-18 11:00:00,WinterHDP,11:00,0.105
8436,2025-12-18 12:00:00,WinterHDP,12:00,0.132
8437,2025-12-18 13:00:00,WinterHDP,13:00,0.183
8438,2025-12-18 14:00:00,WinterHDP,14:00,0.249
8439,2025-12-18 15:00:00,WinterHDP,15:00,0.312
8440,2025-12-18 16:00:00,WinterHDP,16:00,0.396
8441,2025-12-18 17:00:00,WinterHDP,17:00,0.525
8442,2025-12-18 18:00:00,WinterHDP,18:00,0.497
8443,2025-12-18 19:00:00,WinterHDP,19:00,0.452
8444,2025-12-18 20:00:00,WinterHDP,20:00,0.392
8445,2025-12-18 21:00:00,WinterHDP,21:00,0.311
8446,2025-12-18 22:00:00,WinterHDP,22:00,0.2
8447,2025-12-18 23:00:00,WinterHDP,23:00,0.111
8448,2025-12-19 00:00:00,WinterHDP,00:00,0.072
8449,2025-12-19 01:00:00,WinterHDP,01:00,0.044
8450,2025-12-19 02:00:00,WinterHDP,02:00,0.02
8451,2025-12-19 03:00:00,WinterHDP,03:00,0.011
8452,2025-12-19 04:00:00,WinterHDP,04:00,0.033
8453,2025-12-19 05:00:00,WinterHDP,05:00,0.11
8454,2025-12-19 06:00:00,WinterHDP,06:00,0.267
8455,2025-12-19 07:00:00,WinterHDP,07:00,0.308
8456,2025-12-19 08:00:00,WinterHDP,08:00,0.216
8457,2025-12-19 09:00:00,WinterHDP,09:00,0.158
8458,2025-12-19 10:00:00,WinterHDP,10:00,0.126
8459,2025-12-19 11:00:00,WinterHDP,11:00,0.105
8460,2025-12-19 12:00:00,WinterHDP,12:00,0.132
8461,2025-12-19 13:00:00,WinterHDP,13:00,0.183
8462,2025-12-19 14:00:00,WinterHDP,14:00,0.249
8463,2025-12-19 15:00:00,WinterHDP,15:00,0.312
8464,2025-12-19 16:00:00,WinterHDP,16:00,0.396
8465,2025-12-19 17:00:00,WinterHDP,17:00,0.525
8466,2025-12-19 18:00:00,WinterHDP,18:00,0.497
8467,2025-12-19 19:00:00,WinterHDP,19:00,0.452
8468,2025-12-19 20:00:00,WinterHDP,20:00,0.392
8469,2025-12-19 21:00:00,WinterHDP,21:00,0.311
8470,2025-12-19 22:00:00,WinterHDP,22:00,0.2
8471,2025-12-19 23:00:00,WinterHDP,23:00,0.111
8472,2025-12-20 00:00:00,WinterHDP,00:00,0.072
8473,2025-12-20 01:00:00,WinterHDP,01:00,0.044
8474,2025-12-20 02:00:00,WinterHDP,02:00,0.02
8475,2025-12-20 03:00:00,WinterHDP,03:00,0.011
8476,2025-12-20 04:00:00,WinterHDP,04:00,0.033
8477,2025-12-20 05:00:00,WinterHDP,05:00,0.11
8478,2025-12-20 06:00:00,WinterHDP,06:00,0.267
8479,2025-12-20 07:00:00,WinterHDP,07:00,0.308
8480,2025-12-20 08:00:00,WinterHDP,08:00,0.216
8481,2025-12-20 09:00:00,WinterHDP,09:00,0.158
8482,2025-12-20 10:00:00,WinterHDP,10:00,0.126
8483,2025-12-20 11:00:00,WinterHDP,11:00,0.105
8484,2025-12-20 12:00:00,WinterHDP,12:00,0.132
8485,2025-12-20 13:00:00,WinterHDP,13:00,0.183
8486,2025-12-20 14:00:00,WinterHDP,14:00,0.249
8487,2025-12-20 15:00:00,WinterHDP,15:00,0.312
8488,2025-12-20 16:00:00,WinterHDP,16:00,0.396
8489,2025-12-20 17:00:00,WinterHDP,17:00,0.525
8490,2025-12-20 18:00:00,WinterHDP,18:00,0.497
8491,2025-12-20 19:00:00,WinterHDP,19:00,0.452
8492,2025-12-20 20:00:00,WinterHDP,20:00,0.392
8493,2025-12-20 21:00:00,WinterHDP,21:00,0.311
8494,2025-12-20 22:00:00,WinterHDP,22:00,0.2
8495,2025-12-20 23:00:00,WinterHDP,23:00,0.111
8496,2025-12-21 00:00:00,WinterHDP,00:00,0.072
8497,2025-12-21 01:00:00,WinterHDP,01:00,0.044
8498,2025-12-21 02:00:00,WinterHDP,02:00,0.02
8499,2025-12-21 03:00:00,WinterHDP,03:00,0.011
8500,2025-12-21 04:00:00,WinterHDP,04:00,0.033
8501,2025-12-21 05:00:00,WinterHDP,05:00,0.11
8502,2025-12-21 06:00:00,WinterHDP,06:00,0.267
8503,2025-12-21 07:00:00,WinterHDP,07:00,0.308
8504,2025-12-21 08:00:00,WinterHDP,08:00,0.216
8505,2025-12-21 09:00:00,WinterHDP,09:00,0.158
8506,2025-12-21 10:00:00,WinterHDP,10:00,0.126
8507,2025-12-21 11:00:00,WinterHDP,11:00,0.105
8508,2025-12-21 12:00:00,WinterHDP,12:00,0.132
8509,2025-12-21 13:00:00,WinterHDP,13:00,0.183
8510,2025-12-21 14:00:00,WinterHDP,14:00,0.249
8511,2025-12-21 15:00:00,WinterHDP,15:00,0.312
8512,2025-12-21 16:00:00,WinterHDP,16:00,0.396
8513,2025-12-21 17:00:00,WinterHDP,17:00,0.525
8514,2025-12-21 18:00:00,WinterHDP,18:00,0.497
8515,2025-12-21 19:00:00,WinterHDP,19:00,0.452
8516,2025-12-21 20:00:00,WinterHDP,20:00,0.392
8517,2025-12-21 21:00:00,WinterHDP,21:00,0.311
8518,2025-12-21 22:00:00,WinterHDP,22:00,0.2
8519,2025-12-21 23:00:00,WinterHDP,23:00,0.111
8520,2025-12-22 00:00:00,WinterHDP,00:00,0.072
8521,2025-12-22 01:00:00,WinterHDP,01:00,0.044
8522,2025-12-22 02:00:00,WinterHDP,02:00,0.02
8523,2025-12-22 03:00:00,WinterHDP,03:00,0.011
8524,2025-12-22 04:00:00,WinterHDP,04:00,0.033
8525,2025-12-22 05:00:00,WinterHDP,05:00,0.11
8526,2025-12-22 06:00:00,WinterHDP,06:00,0.267
8527,2025-12-22 07:00:00,WinterHDP,07:00,0.308
8528,2025-12-22 08:00:00,WinterHDP,08:00,0.216
8529,2025-12-22 09:00:00,WinterHDP,09:00,0.158
8530,2025-12-22 10:00:00,WinterHDP,10:00,0.126
8531,2025-12-22 11:00:00,WinterHDP,11:00,0.105
8532,2025-12-22 12:00:00,WinterHDP,12:00,0.132
8533,2025-12-22 13:00:00,WinterHDP,13:00,0.183
8534,2025-12-22 14:00:00,WinterHDP,14:00,0.249
8535,2025-12-22 15:00:00,WinterHDP,15:00,0.312
8536,2025-12-22 16:00:00,WinterHDP,16:00,0.396
8537,2025-12-22 17:00:00,WinterHDP,17:00,0.525
8538,2025-12-22 18:00:00,WinterHDP,18:00,0.497
8539,2025-12-22 19:00:00,WinterHDP,19:00,0.452
8540,2025-12-22 20:00:00,WinterHDP,20:00,0.392
8541,2025-12-22 21:00:00,WinterHDP,21:00,0.311
8542,2025-12-22 22:00:00,WinterHDP,22:00,0.2
8543,2025-12-22 23:00:00,WinterHDP,23:00,0.111
8544,2025-12-23 00:00:00,WinterHDP,00:00,0.072
8545,2025-12-23 01:00:00,WinterHDP,01:00,0.044
8546,2025-12-23 02:00:00,WinterHDP,02:00,0.02
8547,2025-12-23 03:00:00,WinterHDP,03:00,0.011
8548,2025-12-23 04:00:00,WinterHDP,04:00,0.033
8549,2025-12-23 05:00:00,WinterHDP,05:00,0.11
8550,2025-12-23 06:00:00,WinterHDP,06:00,0.267
8551,2025-12-23 07:00:00,WinterHDP,07:00,0.308
8552,2025-12-23 08:00:00,WinterHDP,08:00,0.216
8553,2025-12-23 09:00:00,WinterHDP,09:00,0.158
8554,2025-12-23 10:00:00,WinterHDP,10:00,0.126
8555,2025-12-23 11:00:00,WinterHDP,11:00,0.105
8556,2025-12-23 12:00:00,WinterHDP,12:00,0.132
8557,2025-12-23 13:00:00,WinterHDP,13:00,0.183
8558,2025-12-23 14:00:00,WinterHDP,14:00,0.249
8559,2025-12-23 15:00:00,WinterHDP,15:00,0.312
8560,2025-12-23 16:00:00,WinterHDP,16:00,0.396
8561,2025-12-23 17:00:00,WinterHDP,17:00,0.525
8562,2025-12-23 18:00:00,WinterHDP,18:00,0.497
8563,2025-12-23 19:00:00,WinterHDP,19:00,0.452
8564,2025-12-23 20:00:00,WinterHDP,20:00,0.392
8565,2025-12-23 21:00:00,WinterHDP,21:00,0.311
8566,2025-12-23 22:00:00,WinterHDP,22:00,0.2
8567,2025-12-23 23:00:00,WinterHDP,23:00,0.111
8568,2025-12-24 00:00:00,WinterHDP,00:00,0.072
8569,2025-12-24 01:00:00,WinterHDP,01:00,0.044
8570,2025-12-24 02:00:00,WinterHDP,02:00,0.02
8571,2025-12-24 03:00:00,WinterHDP,03:00,0.011
8572,2025-12-24 04:00:00,WinterHDP,04:00,0.033
8573,2025-12-24 05:00:00,WinterHDP,05:00,0.11
8574,2025-12-24 06:00:00,WinterHDP,06:00,0.267
8575,2025-12-24 07:00:00,WinterHDP,07:00,0.308
8576,2025-12-24 08:00:00,WinterHDP,08:00,0.216
8577,2025-12-24 09:00:00,WinterHDP,09:00,0.158
8578,2025-12-24 10:00:00,WinterHDP,10:00,0.126
8579,2025-12-24 11:00:00,WinterHDP,11:00,0.105
8580,2025-12-24 12:00:00,WinterHDP,12:00,0.132
8581,2025-12-24 13:00:00,WinterHDP,13:00,0.183
8582,2025-12-24 14:00:00,WinterHDP,14:00,0.249
8583,2025-12-24 15:00:00,WinterHDP,15:00,0.312
8584,2025-12-24 16:00:00,WinterHDP,16:00,0.396
8585,2025-12-24 17:00:00,WinterHDP,17:00,0.525
8586,2025-12-24 18:00:00,WinterHDP,18:00,0.497
8587,2025-12-24 19:00:00,WinterHDP,19:00,0.452
8588,2025-12-24 20:00:00,WinterHDP,20:00,0.392
8589,2025-12-24 21:00:00,WinterHDP,21:00,0.311
8590,2025-12-24 22:00:00,WinterHDP,22:00,0.2
8591,2025-12-24 23:00:00,WinterHDP,23:00,0.111
8592,2025-12-25 00:00:00,WinterHDP,00:00,0.072
8593,2025-12-25 01:00:00,WinterHDP,01:00,0.044
8594,2025-12-25 02:00:00,WinterHDP,02:00,0.02
8595,2025-12-25 03:00:00,WinterHDP,03:00,0.011
8596,2025-12-25 04:00:00,WinterHDP,04:00,0.033
8597,2025-12-25 05:00:00,WinterHDP,05:00,0.11
8598,2025-12-25 06:00:00,WinterHDP,06:00,0.267
8599,2025-12-25 07:00:00,WinterHDP,07:00,0.308
8600,2025-12-25 08:00:00,WinterHDP,08:00,0.216
8601,2025-12-25 09:00:00,WinterHDP,09:00,0.158
8602,2025-12-25 10:00:00,WinterHDP,10:00,0.126
8603,2025-12-25 11:00:00,WinterHDP,11:00,0.105
8604,2025-12-25 12:00:00,WinterHDP,12:00,0.132
8605,2025-12-25 13:00:00,WinterHDP,13:00,0.183
8606,2025-12-25 14:00:00,WinterHDP,14:00,0.249
8607,2025-12-25 15:00:00,WinterHDP,15:00,0.312
8608,2025-12-25 16:00:00,WinterHDP,16:00,0.396
8609,2025-12-25 17:00:00,WinterHDP,17:00,0.525
8610,2025-12-25 18:00:00,WinterHDP,18:00,0.497
8611,2025-12-25 19:00:00,WinterHDP,19:00,0.452
8612,2025-12-25 20:00:00,WinterHDP,20:00,0.392
8613,2025-12-25 21:00:00,WinterHDP,21:00,0.311
8614,2025-12-25 22:00:00,WinterHDP,22:00,0.2
8615,2025-12-25 23:00:00,WinterHDP,23:00,0.111
8616,2025-12-26 00:00:00,WinterHDP,00:00,0.072
8617,2025-12-26 01:00:00,WinterHDP,01:00,0.044
8618,2025-12-26 02:00:00,WinterHDP,02:00,0.02
8619,2025-12-26 03:00:00,WinterHDP,03:00,0.011
8620,2025-12-26 04:00:00,WinterHDP,04:00,0.033
8621,2025-12-26 05:00:00,WinterHDP,05:00,0.11
8622,2025-12-26 06:00:00,WinterHDP,06:00,0.267
8623,2025-12-26 07:00:00,WinterHDP,07:00,0.308
8624,2025-12-26 08:00:00,WinterHDP,08:00,0.216
8625,2025-12-26 09:00:00,WinterHDP,09:00,0.158
8626,2025-12-26 10:00:00,WinterHDP,10:00,0.126
8627,2025-12-26 11:00:00,WinterHDP,11:00,0.105
8628,2025-12-26 12:00:00,WinterHDP,12:00,0.132
8629,2025-12-26 13:00:00,WinterHDP,13:00,0.183
8630,2025-12-26 14:00:00,WinterHDP,14:00,0.249
8631,2025-12-26 15:00:00,WinterHDP,15:00,0.312
8632,2025-12-26 16:00:00,WinterHDP,16:00,0.396
8633,2025-12-26 17:00:00,WinterHDP,17:00,0.525
8634,2025-12-26 18:00:00,WinterHDP,18:00,0.497
8635,2025-12-26 19:00:00,WinterHDP,19:00,0.452
8636,2025-12-26 20:00:00,WinterHDP,20:00,0.392
8637,2025-12-26 21:00:00,WinterHDP,21:00,0.311
8638,2025-12-26 22:00:00,WinterHDP,22:00,0.2
8639,2025-12-26 23:00:00,WinterHDP,23:00,0.111
8640,2025-12-27 00:00:00,WinterHDP,00:00,0.072
8641,2025-12-27 01:00:00,WinterHDP,01:00,0.044
8642,2025-12-27 02:00:00,WinterHDP,02:00,0.02
8643,2025-12-27 03:00:00,WinterHDP,03:00,0.011
8644,2025-12-27 04:00:00,WinterHDP,04:00,0.033
8645,2025-12-27 05:00:00,WinterHDP,05:00,0.11
8646,2025-12-27 06:00:00,WinterHDP,06:00,0.267
8647,2025-12-27 07:00:00,WinterHDP,07:00,0.308
8648,2025-12-27 08:00:00,WinterHDP,08:00,0.216
8649,2025-12-27 09:00:00,WinterHDP,09:00,0.158
8650,2025-12-27 10:00:00,WinterHDP,10:00,0.126
8651,2025-12-27 11:00:00,WinterHDP,11:00,0.105
8652,2025-12-27 12:00:00,WinterHDP,12:00,0.132
8653,2025-12-27 13:00:00,WinterHDP,13:00,0.183
8654,2025-12-27 14:00:00,WinterHDP,14:00,0.249
8655,2025-12-27 15:00:00,WinterHDP,15:00,0.312
8656,2025-12-27 16:00:00,WinterHDP,16:00,0.396
8657,2025-12-27 17:00:00,WinterHDP,17:00,0.525
8658,2025-12-27 18:00:00,WinterHDP,18:00,0.497
8659,2025-12-27 19:00:00,WinterHDP,19:00,0.452
8660,2025-12-27 20:00:00,WinterHDP,20:00,0.392
8661,2025-12-27 21:00:00,WinterHDP,21:00,0.311
8662,2025-12-27 22:00:00,WinterHDP,22:00,0.2
8663,2025-12-27 23:00:00,WinterHDP,23:00,0.111
8664,2025-12-28 00:00:00,WinterHDP,00:00,0.072
8665,2025-12-28 01:00:00,WinterHDP,01:00,0.044
8666,2025-12-28 02:00:00,WinterHDP,02:00,0.02
8667,2025-12-28 03:00:00,WinterHDP,03:00,0.011
8668,2025-12-28 04:00:00,WinterHDP,04:00,0.033
8669,2025-12-28 05:00:00,WinterHDP,05:00,0.11
8670,2025-12-28 06:00:00,WinterHDP,06:00,0.267
8671,2025-12-28 07:00:00,WinterHDP,07:00,0.308
8672,2025-12-28 08:00:00,WinterHDP,08:00,0.216
8673,2025-12-28 09:00:00,WinterHDP,09:00,0.158
8674,2025-12-28 10:00:00,WinterHDP,10:00,0.126
8675,2025-12-28 11:00:00,WinterHDP,11:00,0.105
8676,2025-12-28 12:00:00,WinterHDP,12:00,0.132
8677,2025-12-28 13:00:00,WinterHDP,13:00,0.183
8678,2025-12-28 14:00:00,WinterHDP,14:00,0.249
8679,2025-12-28 15:00:00,WinterHDP,15:00,0.312
8680,2025-12-28 16:00:00,WinterHDP,16:00,0.396
8681,2025-12-28 17:00:00,WinterHDP,17:00,0.525
8682,2025-12-28 18:00:00,WinterHDP,18:00,0.497
8683,2025-12-28 19:00:00,WinterHDP,19:00,0.452
8684,2025-12-28 20:00:00,WinterHDP,20:00,0.392
8685,2025-12-28 21:00:00,WinterHDP,21:00,0.311
8686,2025-12-28 22:00:00,WinterHDP,22:00,0.2
8687,2025-12-28 23:00:00,WinterHDP,23:00,0.111
8688,2025-12-29 00:00:00,WinterHDP,00:00,0.072
8689,2025-12-29 01:00:00,WinterHDP,01:00,0.044
8690,2025-12-29 02:00:00,WinterHDP,02:00,0.02
8691,2025-12-29 03:00:00,WinterHDP,03:00,0.011
8692,2025-12-29 04:00:00,WinterHDP,04:00,0.033
8693,2025-12-29 05:00:00,WinterHDP,05:00,0.11
8694,2025-12-29 06:00:00,WinterHDP,06:00,0.267
8695,2025-12-29 07:00:00,WinterHDP,07:00,0.308
8696,2025-12-29 08:00:00,WinterHDP,08:00,0.216
8697,2025-12-29 09:00:00,WinterHDP,09:00,0.158
8698,2025-12-29 10:00:00,WinterHDP,10:00,0.126
8699,2025-12-29 11:00:00,WinterHDP,11:00,0.105
8700,2025-12-29 12:00:00,WinterHDP,12:00,0.132
8701,2025-12-29 13:00:00,WinterHDP,13:00,0.183
8702,2025-12-29 14:00:00,WinterHDP,14:00,0.249
8703,2025-12-29 15:00:00,WinterHDP,15:00,0.312
8704,2025-12-29 16:00:00,WinterHDP,16:00,0.396
8705,2025-12-29 17:00:00,WinterHDP,17:00,0.525
8706,2025-12-29 18:00:00,WinterHDP,18:00,0.497
8707,2025-12-29 19:00:00,WinterHDP,19:00,0.452
8708,2025-12-29 20:00:00,WinterHDP,20:00,0.392
8709,2025-12-29 21:00:00,WinterHDP,21:00,0.311
8710,2025-12-29 22:00:00,WinterHDP,22:00,0.2
8711,2025-12-29 23:00:00,WinterHDP,23:00,0.111
8712,2025-12-30 00:00:00,WinterHDP,00:00,0.072
8713,2025-12-30 01:00:00,WinterHDP,01:00,0.044
8714,2025-12-30 02:00:00,WinterHDP,02:00,0.02
8715,2025-12-30 03:00:00,WinterHDP,03:00,0.011
8716,2025-12-30 04:00:00,WinterHDP,04:00,0.033
8717,2025-12-30 05:00:00,WinterHDP,05:00,0.11
8718,2025-12-30 06:00:00,WinterHDP,06:00,0.267
8719,2025-12-30 07:00:00,WinterHDP,07:00,0.308
8720,2025-12-30 08:00:00,WinterHDP,08:00,0.216
8721,2025-12-30 09:00:00,WinterHDP,09:00,0.158
8722,2025-12-30 10:00:00,WinterHDP,10:00,0.126
8723,2025-12-30 11:00:00,WinterHDP,11:00,0.105
8724,2025-12-30 12:00:00,WinterHDP,12:00,0.132
8725,2025-12-30 13:00:00,WinterHDP,13:00,0.183
8726,2025-12-30 14:00:00,WinterHDP,14:00,0.249
8727,2025-12-30 15:00:00,WinterHDP,15:00,0.312
8728,2025-12-30 16:00:00,WinterHDP,16:00,0.396
8729,2025-12-30 17:00:00,WinterHDP,17:00,0.525
8730,2025-12-30 18:00:00,WinterHDP,18:00,0.497
8731,2025-12-30 19:00:00,WinterHDP,19:00,0.452
8732,2025-12-30 20:00:00,WinterHDP,20:00,0.392
8733,2025-12-30 21:00:00,WinterHDP,21:00,0.311
8734,2025-12-30 22:00:00,WinterHDP,22:00,0.2
8735,2025-12-30 23:00:00,WinterHDP,23:00,0.111
8736,2025-12-31 00:00:00,WinterHDP,00:00,0.072
8737,2025-12-31 01:00:00,WinterHDP,01:00,0.044
8738,2025-12-31 02:00:00,WinterHDP,02:00,0.02
8739,2025-12-31 03:00:00,WinterHDP,03:00,0.011
8740,2025-12-31 04:00:00,WinterHDP,04:00,0.033
8741,2025-12-31 05:00:00,WinterHDP,05:00,0.11
8742,2025-12-31 06:00:00,WinterHDP,06:00,0.267
8743,2025-12-31 07:00:00,WinterHDP,07:00,0.308
8744,2025-12-31 08:00:00,WinterHDP,08:00,0.216
8745,2025-12-31 09:00:00,WinterHDP,09:00,0.158
8746,2025-12-31 10:00:00,WinterHDP,10:00,0.126
8747,2025-12-31 11:00:00,WinterHDP,11:00,0.105
8748,2025-12-31 12:00:00,WinterHDP,12:00,0.132
8749,2025-12-31 13:00:00,WinterHDP,13:00,0.183
8750,2025-12-31 14:00:00,WinterHDP,14:00,0.249
8751,2025-12-31 15:00:00,WinterHDP,15:00,0.312
8752,2025-12-31 16:00:00,WinterHDP,16:00,0.396
8753,2025-12-31 17:00:00,WinterHDP,17:00,0.525
8754,2025-12-31 18:00:00,WinterHDP,18:00,0.497
8755,2025-12-31 19:00:00,WinterHDP,19:00,0.452
8756,2025-12-31 20:00:00,WinterHDP,20:00,0.392
8757,2025-12-31 21:00:00,WinterHDP,21:00,0.311
8758,2025-12-31 22:00:00,WinterHDP,22:00,0.2
8759,2025-12-31 23:00:00,WinterHDP,23:00,0.111
