#1
double tab1(8760,3)
# Date
# aer_gen_co2e
# price
0	0.32280000000000003	0.072
3600	0.3327	0.044
7200	0.3413	0.02
10800	0.3413	0.011
14400	0.3411	0.033
18000	0.3401	0.11
21600	0.3351	0.267
25200	0.1372	0.308
28800	0.0869	0.216
32400	0.081	0.158
36000	0.0855	0.126
39600	0.0881	0.105
43200	0.0848	0.132
46800	0.0798	0.183
50400	0.08070000000000001	0.249
54000	0.1704	0.312
57600	0.2548	0.396
61200	0.18969999999999998	0.525
64800	0.1855	0.497
68400	0.19519999999999998	0.452
72000	0.213	0.392
75600	0.2314	0.311
79200	0.26289999999999997	0.2
82800	0.2939	0.111
86400	0.31860000000000005	0.072
90000	0.3301	0.044
93600	0.3317	0.02
97200	0.3337	0.011
100800	0.3346	0.033
104400	0.3356	0.11
108000	0.32580000000000003	0.267
111600	0.172	0.308
115200	0.1044	0.216
118800	0.1	0.158
122400	0.0992	0.126
126000	0.1025	0.105
129600	0.09759999999999999	0.132
133200	0.0958	0.183
136800	0.0945	0.249
140400	0.2059	0.312
144000	0.2512	0.396
147600	0.2051	0.525
151200	0.2009	0.497
154800	0.2117	0.452
158400	0.22790000000000002	0.392
162000	0.24869999999999998	0.311
165600	0.2792	0.2
169200	0.32130000000000003	0.111
172800	0.3625	0.072
176400	0.3489	0.044
180000	0.3381	0.02
183600	0.3411	0.011
187200	0.3593	0.033
190800	0.3379	0.11
194400	0.2838	0.267
198000	0.2033	0.308
201600	0.0973	0.216
205200	0.0866	0.158
208800	0.0883	0.126
212400	0.09179999999999999	0.105
216000	0.09079999999999999	0.132
219600	0.0876	0.183
223200	0.09240000000000001	0.249
226800	0.209	0.312
230400	0.24869999999999998	0.396
234000	0.1921	0.525
237600	0.1891	0.497
241200	0.2066	0.452
244800	0.2258	0.392
248400	0.2582	0.311
252000	0.2831	0.2
255600	0.3157	0.111
259200	0.3475	0.072
262800	0.3548	0.044
266400	0.346	0.02
270000	0.3451	0.011
273600	0.3541	0.033
277200	0.3272	0.11
280800	0.2811	0.267
284400	0.1514	0.308
288000	0.0915	0.216
291600	0.0878	0.158
295200	0.0897	0.126
298800	0.0928	0.105
302400	0.0905	0.132
306000	0.0858	0.183
309600	0.0905	0.249
313200	0.21130000000000002	0.312
316800	0.21509999999999999	0.396
320400	0.201	0.525
324000	0.2003	0.497
327600	0.2054	0.452
331200	0.2246	0.392
334800	0.2789	0.311
338400	0.3107	0.2
342000	0.31930000000000003	0.111
345600	0.3584	0.072
349200	0.3735	0.044
352800	0.373	0.02
356400	0.3727	0.011
360000	0.3648	0.033
363600	0.3321	0.11
367200	0.2945	0.267
370800	0.18419999999999997	0.308
374400	0.1029	0.216
378000	0.0948	0.158
381600	0.1	0.126
385200	0.1025	0.105
388800	0.0988	0.132
392400	0.0928	0.183
396000	0.09259999999999999	0.249
399600	0.1556	0.312
403200	0.2586	0.396
406800	0.226	0.525
410400	0.2165	0.497
414000	0.22490000000000002	0.452
417600	0.2439	0.392
421200	0.2499	0.311
424800	0.2828	0.2
428400	0.3302	0.111
432000	0.3476	0.072
435600	0.3478	0.044
439200	0.3475	0.02
442800	0.3464	0.011
446400	0.3454	0.033
450000	0.3385	0.11
453600	0.2632	0.267
457200	0.18309999999999998	0.308
460800	0.0994	0.216
464400	0.09490000000000001	0.158
468000	0.09809999999999999	0.126
471600	0.1025	0.105
475200	0.098	0.132
478800	0.0902	0.183
482400	0.0911	0.249
486000	0.1996	0.312
489600	0.229	0.396
493200	0.1866	0.525
496800	0.19090000000000001	0.497
500400	0.19019999999999998	0.452
504000	0.21130000000000002	0.392
507600	0.24	0.311
511200	0.2611	0.2
514800	0.2799	0.111
518400	0.3108	0.072
522000	0.318	0.044
525600	0.31810000000000005	0.02
529200	0.31980000000000003	0.011
532800	0.32730000000000004	0.033
536400	0.3247	0.11
540000	0.3246	0.267
543600	0.1596	0.308
547200	0.09079999999999999	0.216
550800	0.0866	0.158
554400	0.0901	0.126
558000	0.09259999999999999	0.105
561600	0.0877	0.132
565200	0.0843	0.183
568800	0.091	0.249
572400	0.1741	0.312
576000	0.2728	0.396
579600	0.21730000000000002	0.525
583200	0.2082	0.497
586800	0.21230000000000002	0.452
590400	0.221	0.392
594000	0.2307	0.311
597600	0.26230000000000003	0.2
601200	0.269	0.111
604800	0.30760000000000004	0.072
608400	0.3182	0.044
612000	0.2978	0.02
615600	0.3003	0.011
619200	0.3142	0.033
622800	0.2903	0.11
626400	0.2801	0.267
630000	0.1426	0.308
633600	0.09179999999999999	0.216
637200	0.0865	0.158
640800	0.0902	0.126
644400	0.095	0.105
648000	0.092	0.132
651600	0.0881	0.183
655200	0.09079999999999999	0.249
658800	0.1743	0.312
662400	0.2829	0.396
666000	0.219	0.525
669600	0.21	0.497
673200	0.22	0.452
676800	0.2399	0.392
680400	0.25630000000000003	0.311
684000	0.3108	0.2
687600	0.3501	0.111
691200	0.3516	0.072
694800	0.3544	0.044
698400	0.3528	0.02
702000	0.3521	0.011
705600	0.3512	0.033
709200	0.32089999999999996	0.11
712800	0.2571	0.267
716400	0.1856	0.308
720000	0.09079999999999999	0.216
723600	0.0861	0.158
727200	0.09079999999999999	0.126
730800	0.0953	0.105
734400	0.0932	0.132
738000	0.0888	0.183
741600	0.0916	0.249
745200	0.2026	0.312
748800	0.21309999999999998	0.396
752400	0.2329	0.525
756000	0.22240000000000001	0.497
759600	0.2199	0.452
763200	0.2518	0.392
766800	0.30460000000000004	0.311
770400	0.3178	0.2
774000	0.36260000000000003	0.111
777600	0.3927	0.072
781200	0.39230000000000004	0.044
784800	0.3922	0.02
788400	0.392	0.011
792000	0.39089999999999997	0.033
795600	0.352	0.11
799200	0.30119999999999997	0.267
802800	0.21630000000000002	0.308
806400	0.1142	0.216
810000	0.1047	0.158
813600	0.1095	0.126
817200	0.11370000000000001	0.105
820800	0.1114	0.132
824400	0.10679999999999999	0.183
828000	0.1067	0.249
831600	0.207	0.312
835200	0.2712	0.396
838800	0.2429	0.525
842400	0.2194	0.497
846000	0.2301	0.452
849600	0.2702	0.392
853200	0.26839999999999997	0.311
856800	0.32130000000000003	0.2
860400	0.3678	0.111
864000	0.3826	0.072
867600	0.38280000000000003	0.044
871200	0.3807	0.02
874800	0.3752	0.011
878400	0.36989999999999995	0.033
882000	0.3648	0.11
885600	0.31710000000000005	0.267
889200	0.2704	0.308
892800	0.1396	0.216
896400	0.1202	0.158
900000	0.1177	0.126
903600	0.12179999999999999	0.105
907200	0.12140000000000001	0.132
910800	0.1176	0.183
914400	0.1238	0.249
918000	0.2299	0.312
921600	0.2916	0.396
925200	0.22190000000000001	0.525
928800	0.2095	0.497
932400	0.216	0.452
936000	0.2315	0.392
939600	0.2768	0.311
943200	0.31880000000000003	0.2
946800	0.3382	0.111
950400	0.3544	0.072
954000	0.36710000000000004	0.044
957600	0.36660000000000004	0.02
961200	0.3663	0.011
964800	0.36419999999999997	0.033
968400	0.3361	0.11
972000	0.266	0.267
975600	0.21630000000000002	0.308
979200	0.10679999999999999	0.216
982800	0.0993	0.158
986400	0.1037	0.126
990000	0.1071	0.105
993600	0.1043	0.132
997200	0.0979	0.183
1000800	0.09670000000000001	0.249
1004400	0.1753	0.312
1008000	0.229	0.396
1011600	0.2073	0.525
1015200	0.21980000000000002	0.497
1018800	0.2061	0.452
1022400	0.203	0.392
1026000	0.2504	0.311
1029600	0.2848	0.2
1033200	0.3235	0.111
1036800	0.3383	0.072
1040400	0.3448	0.044
1044000	0.345	0.02
1047600	0.3449	0.011
1051200	0.343	0.033
1054800	0.3147	0.11
1058400	0.235	0.267
1062000	0.1507	0.308
1065600	0.0804	0.216
1069200	0.077	0.158
1072800	0.08159999999999999	0.126
1076400	0.0855	0.105
1080000	0.0839	0.132
1083600	0.08059999999999999	0.183
1087200	0.0824	0.249
1090800	0.1414	0.312
1094400	0.2341	0.396
1098000	0.189	0.525
1101600	0.19090000000000001	0.497
1105200	0.1994	0.452
1108800	0.2181	0.392
1112400	0.2511	0.311
1116000	0.294	0.2
1119600	0.3207	0.111
1123200	0.3402	0.072
1126800	0.3513	0.044
1130400	0.3517	0.02
1134000	0.3527	0.011
1137600	0.3536	0.033
1141200	0.3547	0.11
1144800	0.3306	0.267
1148400	0.1941	0.308
1152000	0.10909999999999999	0.216
1155600	0.0968	0.158
1159200	0.0978	0.126
1162800	0.10479999999999999	0.105
1166400	0.10629999999999999	0.132
1170000	0.10690000000000001	0.183
1173600	0.1174	0.249
1177200	0.2169	0.312
1180800	0.2905	0.396
1184400	0.2303	0.525
1188000	0.2189	0.497
1191600	0.228	0.452
1195200	0.2401	0.392
1198800	0.26839999999999997	0.311
1202400	0.2983	0.2
1206000	0.3356	0.111
1209600	0.343	0.072
1213200	0.3363	0.044
1216800	0.3301	0.02
1220400	0.32330000000000003	0.011
1224000	0.3225	0.033
1227600	0.321	0.11
1231200	0.32030000000000003	0.267
1234800	0.21730000000000002	0.308
1238400	0.11109999999999999	0.216
1242000	0.09770000000000001	0.158
1245600	0.0952	0.126
1249200	0.10490000000000001	0.105
1252800	0.1047	0.132
1256400	0.0995	0.183
1260000	0.1027	0.249
1263600	0.1769	0.312
1267200	0.2657	0.396
1270800	0.212	0.525
1274400	0.2014	0.497
1278000	0.2047	0.452
1281600	0.217	0.392
1285200	0.2362	0.311
1288800	0.2714	0.2
1292400	0.2933	0.111
1296000	0.30889999999999995	0.072
1299600	0.30060000000000003	0.044
1303200	0.29719999999999996	0.02
1306800	0.298	0.011
1310400	0.3053	0.033
1314000	0.2873	0.11
1317600	0.2689	0.267
1321200	0.1749	0.308
1324800	0.0879	0.216
1328400	0.0836	0.158
1332000	0.0833	0.126
1335600	0.085	0.105
1339200	0.08220000000000001	0.132
1342800	0.079	0.183
1346400	0.0805	0.249
1350000	0.1454	0.312
1353600	0.2454	0.396
1357200	0.19069999999999998	0.525
1360800	0.19640000000000002	0.497
1364400	0.1948	0.452
1368000	0.2152	0.392
1371600	0.2402	0.311
1375200	0.269	0.2
1378800	0.3065	0.111
1382400	0.3292	0.072
1386000	0.3346	0.044
1389600	0.3365	0.02
1393200	0.338	0.011
1396800	0.3396	0.033
1400400	0.2794	0.11
1404000	0.2502	0.267
1407600	0.1789	0.308
1411200	0.0948	0.216
1414800	0.0916	0.158
1418400	0.09409999999999999	0.126
1422000	0.09540000000000001	0.105
1425600	0.09240000000000001	0.132
1429200	0.09040000000000001	0.183
1432800	0.091	0.249
1436400	0.1683	0.312
1440000	0.2444	0.396
1443600	0.2024	0.525
1447200	0.2045	0.497
1450800	0.2066	0.452
1454400	0.22219999999999998	0.392
1458000	0.2397	0.311
1461600	0.2882	0.2
1465200	0.3371	0.111
1468800	0.3474	0.072
1472400	0.347	0.044
1476000	0.3461	0.02
1479600	0.3445	0.011
1483200	0.3442	0.033
1486800	0.30739999999999995	0.11
1490400	0.25989999999999996	0.267
1494000	0.2002	0.308
1497600	0.11090000000000001	0.216
1501200	0.1071	0.158
1504800	0.1071	0.126
1508400	0.1105	0.105
1512000	0.1072	0.132
1515600	0.104	0.183
1519200	0.1087	0.249
1522800	0.18209999999999998	0.312
1526400	0.25780000000000003	0.396
1530000	0.2009	0.525
1533600	0.1993	0.497
1537200	0.2049	0.452
1540800	0.2307	0.392
1544400	0.234	0.311
1548000	0.2814	0.2
1551600	0.31489999999999996	0.111
1555200	0.3333	0.072
1558800	0.3345	0.044
1562400	0.3356	0.02
1566000	0.3329	0.011
1569600	0.3317	0.033
1573200	0.3024	0.11
1576800	0.2471	0.267
1580400	0.1956	0.308
1584000	0.1149	0.216
1587600	0.1161	0.158
1591200	0.1138	0.126
1594800	0.1166	0.105
1598400	0.1159	0.132
1602000	0.1123	0.183
1605600	0.1259	0.249
1609200	0.1941	0.312
1612800	0.2312	0.396
1616400	0.1822	0.525
1620000	0.17959999999999998	0.497
1623600	0.192	0.452
1627200	0.2132	0.392
1630800	0.2427	0.311
1634400	0.2817	0.2
1638000	0.30560000000000004	0.111
1641600	0.302	0.072
1645200	0.2893	0.044
1648800	0.277	0.02
1652400	0.2779	0.011
1656000	0.29919999999999997	0.033
1659600	0.3098	0.11
1663200	0.26680000000000004	0.267
1666800	0.2196	0.308
1670400	0.1384	0.216
1674000	0.13069999999999998	0.158
1677600	0.1205	0.126
1681200	0.1217	0.105
1684800	0.13190000000000002	0.132
1688400	0.1395	0.183
1692000	0.1453	0.249
1695600	0.2107	0.312
1699200	0.21969999999999998	0.396
1702800	0.1789	0.525
1706400	0.1776	0.497
1710000	0.19490000000000002	0.452
1713600	0.22469999999999998	0.392
1717200	0.2524	0.311
1720800	0.2872	0.2
1724400	0.30560000000000004	0.111
1728000	0.2837	0.072
1731600	0.2622	0.044
1735200	0.2605	0.02
1738800	0.25989999999999996	0.011
1742400	0.256	0.033
1746000	0.25880000000000003	0.11
1749600	0.258	0.267
1753200	0.2195	0.308
1756800	0.15680000000000002	0.216
1760400	0.121	0.158
1764000	0.1051	0.126
1767600	0.1036	0.105
1771200	0.1039	0.132
1774800	0.09	0.183
1778400	0.08979999999999999	0.249
1782000	0.125	0.312
1785600	0.2877	0.396
1789200	0.2365	0.525
1792800	0.2181	0.497
1796400	0.2231	0.452
1800000	0.2313	0.392
1803600	0.2454	0.311
1807200	0.2704	0.2
1810800	0.3053	0.111
1814400	0.30260000000000004	0.072
1818000	0.29969999999999997	0.044
1821600	0.3053	0.02
1825200	0.3039	0.011
1828800	0.31289999999999996	0.033
1832400	0.3183	0.11
1836000	0.32380000000000003	0.267
1839600	0.2491	0.308
1843200	0.1983	0.216
1846800	0.1475	0.158
1850400	0.1181	0.126
1854000	0.1128	0.105
1857600	0.1149	0.132
1861200	0.12029999999999999	0.183
1864800	0.12279999999999999	0.249
1868400	0.1866	0.312
1872000	0.3256	0.396
1875600	0.2769	0.525
1879200	0.2703	0.497
1882800	0.2745	0.452
1886400	0.2874	0.392
1890000	0.3112	0.311
1893600	0.347	0.2
1897200	0.3465	0.111
1900800	0.347	0.072
1904400	0.3455	0.044
1908000	0.3448	0.02
1911600	0.3418	0.011
1915200	0.3379	0.033
1918800	0.3359	0.11
1922400	0.31610000000000005	0.267
1926000	0.2713	0.308
1929600	0.2155	0.216
1933200	0.1748	0.158
1936800	0.1827	0.126
1940400	0.17909999999999998	0.105
1944000	0.1837	0.132
1947600	0.19440000000000002	0.183
1951200	0.1707	0.249
1954800	0.2211	0.312
1958400	0.239	0.396
1962000	0.2152	0.525
1965600	0.2331	0.497
1969200	0.2238	0.452
1972800	0.206	0.392
1976400	0.2539	0.311
1980000	0.3345	0.2
1983600	0.3399	0.111
1987200	0.32430000000000003	0.072
1990800	0.3271	0.044
1994400	0.3301	0.02
1998000	0.3363	0.011
2001600	0.3403	0.033
2005200	0.30989999999999995	0.11
2008800	0.2149	0.267
2012400	0.1974	0.308
2016000	0.14709999999999998	0.216
2019600	0.1343	0.158
2023200	0.1238	0.126
2026800	0.131	0.105
2030400	0.1423	0.132
2034000	0.1388	0.183
2037600	0.15309999999999999	0.249
2041200	0.1996	0.312
2044800	0.22080000000000002	0.396
2048400	0.185	0.525
2052000	0.1895	0.497
2055600	0.202	0.452
2059200	0.21869999999999998	0.392
2062800	0.2572	0.311
2066400	0.2909	0.2
2070000	0.32339999999999997	0.111
2073600	0.3267	0.072
2077200	0.3281	0.044
2080800	0.3282	0.02
2084400	0.336	0.011
2088000	0.337	0.033
2091600	0.3107	0.11
2095200	0.2551	0.267
2098800	0.1392	0.308
2102400	0.09309999999999999	0.216
2106000	0.0888	0.158
2109600	0.094	0.126
2113200	0.09559999999999999	0.105
2116800	0.0938	0.132
2120400	0.0922	0.183
2124000	0.09390000000000001	0.249
2127600	0.1423	0.312
2131200	0.2189	0.396
2134800	0.1915	0.525
2138400	0.1822	0.497
2142000	0.1926	0.452
2145600	0.2068	0.392
2149200	0.2444	0.311
2152800	0.2726	0.2
2156400	0.31039999999999995	0.111
2160000	0.3205	0.072
2163600	0.30739999999999995	0.044
2167200	0.3048	0.02
2170800	0.3112	0.011
2174400	0.3265	0.033
2178000	0.312	0.11
2181600	0.274	0.267
2185200	0.14	0.308
2188800	0.1013	0.216
2192400	0.0983	0.158
2196000	0.0973	0.126
2199600	0.0968	0.105
2203200	0.09659999999999999	0.132
2206800	0.0884	0.183
2210400	0.0916	0.249
2214000	0.15280000000000002	0.312
2217600	0.2276	0.396
2221200	0.2006	0.525
2224800	0.1865	0.497
2228400	0.1923	0.452
2232000	0.2062	0.392
2235600	0.2359	0.311
2239200	0.2601	0.2
2242800	0.30010000000000003	0.111
2246400	0.31210000000000004	0.072
2250000	0.3185	0.044
2253600	0.3346	0.02
2257200	0.3399	0.011
2260800	0.3323	0.033
2264400	0.3221	0.11
2268000	0.2794	0.267
2271600	0.227	0.308
2275200	0.10540000000000001	0.216
2278800	0.0868	0.158
2282400	0.0809	0.126
2286000	0.0845	0.105
2289600	0.08070000000000001	0.132
2293200	0.0772	0.183
2296800	0.07659999999999999	0.249
2300400	0.1027	0.312
2304000	0.228	0.396
2307600	0.1861	0.525
2311200	0.1741	0.497
2314800	0.1837	0.452
2318400	0.2003	0.392
2322000	0.2273	0.311
2325600	0.25930000000000003	0.2
2329200	0.2894	0.111
2332800	0.3098	0.072
2336400	0.31439999999999996	0.044
2340000	0.31710000000000005	0.02
2343600	0.3202	0.011
2347200	0.3177	0.033
2350800	0.3226	0.11
2354400	0.3075	0.267
2358000	0.11120000000000001	0.308
2361600	0.0747	0.216
2365200	0.0729	0.158
2368800	0.0746	0.126
2372400	0.07690000000000001	0.105
2376000	0.0751	0.132
2379600	0.0717	0.183
2383200	0.0728	0.249
2386800	0.0942	0.312
2390400	0.2637	0.396
2394000	0.2253	0.525
2397600	0.2097	0.497
2401200	0.216	0.452
2404800	0.2258	0.392
2408400	0.2357	0.311
2412000	0.26480000000000004	0.2
2415600	0.2926	0.111
2419200	0.311	0.072
2422800	0.30960000000000004	0.044
2426400	0.30639999999999995	0.02
2430000	0.31439999999999996	0.011
2433600	0.3392	0.033
2437200	0.3133	0.11
2440800	0.2811	0.267
2444400	0.1601	0.308
2448000	0.1022	0.216
2451600	0.0892	0.158
2455200	0.0828	0.126
2458800	0.0874	0.105
2462400	0.0871	0.132
2466000	0.086	0.183
2469600	0.09290000000000001	0.249
2473200	0.1466	0.312
2476800	0.281	0.396
2480400	0.2342	0.525
2484000	0.21969999999999998	0.497
2487600	0.2241	0.452
2491200	0.2383	0.392
2494800	0.26480000000000004	0.311
2498400	0.3216	0.2
2502000	0.3569	0.111
2505600	0.3547	0.072
2509200	0.3527	0.044
2512800	0.352	0.02
2516400	0.3533	0.011
2520000	0.3552	0.033
2523600	0.31739999999999996	0.11
2527200	0.26689999999999997	0.267
2530800	0.1978	0.308
2534400	0.1113	0.216
2538000	0.10729999999999999	0.158
2541600	0.1036	0.126
2545200	0.10479999999999999	0.105
2548800	0.09720000000000001	0.132
2552400	0.1039	0.183
2556000	0.1197	0.249
2559600	0.2033	0.312
2563200	0.2355	0.396
2566800	0.2026	0.525
2570400	0.19030000000000002	0.497
2574000	0.1978	0.452
2577600	0.2105	0.392
2581200	0.2336	0.311
2584800	0.2681	0.2
2588400	0.30460000000000004	0.111
2592000	0.3362	0.072
2595600	0.3383	0.044
2599200	0.3407	0.02
2602800	0.3411	0.011
2606400	0.3413	0.033
2610000	0.3105	0.11
2613600	0.26039999999999996	0.267
2617200	0.1832	0.308
2620800	0.0895	0.216
2624400	0.0804	0.158
2628000	0.08270000000000001	0.126
2631600	0.0869	0.105
2635200	0.09809999999999999	0.132
2638800	0.09720000000000001	0.183
2642400	0.104	0.249
2646000	0.202	0.312
2649600	0.2294	0.396
2653200	0.2032	0.525
2656800	0.2061	0.497
2660400	0.187	0.452
2664000	0.2147	0.392
2667600	0.2601	0.311
2671200	0.2833	0.2
2674800	0.3427	0.111
2678400	0.3467	0.072
2682000	0.3416	0.044
2685600	0.3397	0.02
2689200	0.3421	0.011
2692800	0.343	0.033
2696400	0.3447	0.11
2700000	0.279	0.267
2703600	0.1364	0.308
2707200	0.0874	0.216
2710800	0.0824	0.158
2714400	0.0855	0.126
2718000	0.0882	0.105
2721600	0.0831	0.132
2725200	0.08070000000000001	0.183
2728800	0.0833	0.249
2732400	0.105	0.312
2736000	0.21780000000000002	0.396
2739600	0.1827	0.525
2743200	0.18259999999999998	0.497
2746800	0.1765	0.452
2750400	0.1935	0.392
2754000	0.235	0.311
2757600	0.2627	0.2
2761200	0.30110000000000003	0.111
2764800	0.3123	0.072
2768400	0.3187	0.044
2772000	0.3261	0.02
2775600	0.3271	0.011
2779200	0.3295	0.033
2782800	0.281	0.11
2786400	0.21680000000000002	0.267
2790000	0.1369	0.308
2793600	0.0881	0.216
2797200	0.07690000000000001	0.158
2800800	0.0767	0.126
2804400	0.07940000000000001	0.105
2808000	0.0775	0.132
2811600	0.0737	0.183
2815200	0.0746	0.249
2818800	0.0916	0.312
2822400	0.2486	0.396
2826000	0.19669999999999999	0.525
2829600	0.18469999999999998	0.497
2833200	0.1839	0.452
2836800	0.1797	0.392
2840400	0.2129	0.311
2844000	0.25889999999999996	0.2
2847600	0.2864	0.111
2851200	0.3291	0.072
2854800	0.3388	0.044
2858400	0.3422	0.02
2862000	0.3465	0.011
2865600	0.3399	0.033
2869200	0.2974	0.11
2872800	0.24530000000000002	0.267
2876400	0.1475	0.308
2880000	0.0775	0.216
2883600	0.071	0.158
2887200	0.07379999999999999	0.126
2890800	0.07859999999999999	0.105
2894400	0.07890000000000001	0.132
2898000	0.0736	0.183
2901600	0.0723	0.249
2905200	0.09040000000000001	0.312
2908800	0.2398	0.396
2912400	0.2117	0.525
2916000	0.196	0.497
2919600	0.2059	0.452
2923200	0.20980000000000001	0.392
2926800	0.21209999999999998	0.311
2930400	0.2404	0.2
2934000	0.2651	0.111
2937600	0.2995	0.072
2941200	0.2983	0.044
2944800	0.29769999999999996	0.02
2948400	0.31689999999999996	0.011
2952000	0.2843	0.033
2955600	0.3085	0.11
2959200	0.263	0.267
2962800	0.11	0.308
2966400	0.07379999999999999	0.216
2970000	0.0706	0.158
2973600	0.0732	0.126
2977200	0.07640000000000001	0.105
2980800	0.07540000000000001	0.132
2984400	0.0729	0.183
2988000	0.073	0.249
2991600	0.0916	0.312
2995200	0.2645	0.396
2998800	0.2321	0.525
3002400	0.2105	0.497
3006000	0.211	0.452
3009600	0.215	0.392
3013200	0.2324	0.311
3016800	0.2524	0.2
3020400	0.2721	0.111
3024000	0.2723	0.072
3027600	0.2979	0.044
3031200	0.299	0.02
3034800	0.3045	0.011
3038400	0.3033	0.033
3042000	0.24980000000000002	0.11
3045600	0.2631	0.267
3049200	0.1082	0.308
3052800	0.0756	0.216
3056400	0.0719	0.158
3060000	0.0742	0.126
3063600	0.07790000000000001	0.105
3067200	0.0775	0.132
3070800	0.07529999999999999	0.183
3074400	0.07529999999999999	0.249
3078000	0.09609999999999999	0.312
3081600	0.2554	0.396
3085200	0.2194	0.525
3088800	0.19569999999999999	0.497
3092400	0.19290000000000002	0.452
3096000	0.2081	0.392
3099600	0.24830000000000002	0.311
3103200	0.2959	0.2
3106800	0.3386	0.111
3110400	0.3459	0.072
3114000	0.3459	0.044
3117600	0.3452	0.02
3121200	0.3444	0.011
3124800	0.3422	0.033
3128400	0.292	0.11
3132000	0.233	0.267
3135600	0.1975	0.308
3139200	0.142	0.216
3142800	0.104	0.158
3146400	0.09759999999999999	0.126
3150000	0.0998	0.105
3153600	0.1023	0.132
3157200	0.1105	0.183
3160800	0.1166	0.249
3164400	0.1616	0.312
3168000	0.24509999999999998	0.396
3171600	0.19669999999999999	0.525
3175200	0.1795	0.497
3178800	0.1915	0.452
3182400	0.21819999999999998	0.392
3186000	0.265	0.311
3189600	0.2876	0.2
3193200	0.3058	0.111
3196800	0.2868	0.072
3200400	0.2832	0.044
3204000	0.2821	0.02
3207600	0.2813	0.011
3211200	0.2781	0.033
3214800	0.2943	0.11
3218400	0.2815	0.267
3222000	0.2236	0.308
3225600	0.1982	0.216
3229200	0.19269999999999998	0.158
3232800	0.1846	0.126
3236400	0.18569999999999998	0.105
3240000	0.18869999999999998	0.132
3243600	0.1899	0.183
3247200	0.215	0.249
3250800	0.2353	0.312
3254400	0.21230000000000002	0.396
3258000	0.1938	0.525
3261600	0.213	0.497
3265200	0.2028	0.452
3268800	0.18819999999999998	0.392
3272400	0.301	0.311
3276000	0.2765	0.2
3279600	0.31739999999999996	0.111
3283200	0.3221	0.072
3286800	0.30219999999999997	0.044
3290400	0.30010000000000003	0.02
3294000	0.31010000000000004	0.011
3297600	0.31189999999999996	0.033
3301200	0.3343	0.11
3304800	0.26730000000000004	0.267
3308400	0.1182	0.308
3312000	0.0873	0.216
3315600	0.0815	0.158
3319200	0.07970000000000001	0.126
3322800	0.081	0.105
3326400	0.07970000000000001	0.132
3330000	0.07790000000000001	0.183
3333600	0.07740000000000001	0.249
3337200	0.0948	0.312
3340800	0.22030000000000002	0.396
3344400	0.1945	0.525
3348000	0.19090000000000001	0.497
3351600	0.18630000000000002	0.452
3355200	0.206	0.392
3358800	0.24459999999999998	0.311
3362400	0.2872	0.2
3366000	0.3335	0.111
3369600	0.3354	0.072
3373200	0.31910000000000005	0.044
3376800	0.3152	0.02
3380400	0.32030000000000003	0.011
3384000	0.3419	0.033
3387600	0.3483	0.11
3391200	0.2863	0.267
3394800	0.10629999999999999	0.308
3398400	0.0747	0.216
3402000	0.0724	0.158
3405600	0.07579999999999999	0.126
3409200	0.0778	0.105
3412800	0.077	0.132
3416400	0.074	0.183
3420000	0.0745	0.249
3423600	0.0896	0.312
3427200	0.2284	0.396
3430800	0.1884	0.525
3434400	0.1984	0.497
3438000	0.19190000000000002	0.452
3441600	0.19169999999999998	0.392
3445200	0.2291	0.311
3448800	0.2727	0.2
3452400	0.319	0.111
3456000	0.3443	0.072
3459600	0.3395	0.044
3463200	0.3354	0.02
3466800	0.3389	0.011
3470400	0.3427	0.033
3474000	0.2928	0.11
3477600	0.2509	0.267
3481200	0.0887	0.308
3484800	0.0654	0.216
3488400	0.0653	0.158
3492000	0.0675	0.126
3495600	0.0693	0.105
3499200	0.0679	0.132
3502800	0.066	0.183
3506400	0.0659	0.249
3510000	0.0804	0.312
3513600	0.2039	0.396
3517200	0.1682	0.525
3520800	0.15580000000000002	0.497
3524400	0.1655	0.452
3528000	0.1799	0.392
3531600	0.15330000000000002	0.311
3535200	0.18519999999999998	0.2
3538800	0.22369999999999998	0.111
3542400	0.24480000000000002	0.072
3546000	0.2514	0.044
3549600	0.2452	0.02
3553200	0.242	0.011
3556800	0.244	0.033
3560400	0.24630000000000002	0.11
3564000	0.1918	0.267
3567600	0.1125	0.308
3571200	0.0906	0.216
3574800	0.0849	0.158
3578400	0.0829	0.126
3582000	0.0825	0.105
3585600	0.0809	0.132
3589200	0.0793	0.183
3592800	0.08220000000000001	0.249
3596400	0.09770000000000001	0.312
3600000	0.1771	0.396
3603600	0.1487	0.525
3607200	0.1392	0.497
3610800	0.1423	0.452
3614400	0.14859999999999998	0.392
3618000	0.1657	0.311
3621600	0.1766	0.2
3625200	0.201	0.111
3628800	0.212	0.072
3632400	0.2195	0.044
3636000	0.2194	0.02
3639600	0.2194	0.011
3643200	0.224	0.033
3646800	0.2241	0.11
3650400	0.1817	0.267
3654000	0.0996	0.308
3657600	0.07809999999999999	0.216
3661200	0.0729	0.158
3664800	0.0728	0.126
3668400	0.07690000000000001	0.105
3672000	0.07479999999999999	0.132
3675600	0.07590000000000001	0.183
3679200	0.0742	0.249
3682800	0.08940000000000001	0.312
3686400	0.1489	0.396
3690000	0.164	0.525
3693600	0.165	0.497
3697200	0.1651	0.452
3700800	0.1656	0.392
3704400	0.18669999999999998	0.311
3708000	0.2067	0.2
3711600	0.2302	0.111
3715200	0.2285	0.072
3718800	0.2221	0.044
3722400	0.2189	0.02
3726000	0.221	0.011
3729600	0.22190000000000001	0.033
3733200	0.2403	0.11
3736800	0.1911	0.267
3740400	0.1098	0.308
3744000	0.0808	0.216
3747600	0.0689	0.158
3751200	0.0708	0.126
3754800	0.07859999999999999	0.105
3758400	0.08220000000000001	0.132
3762000	0.0881	0.183
3765600	0.0993	0.249
3769200	0.1002	0.312
3772800	0.1497	0.396
3776400	0.172	0.525
3780000	0.1856	0.497
3783600	0.1731	0.452
3787200	0.1668	0.392
3790800	0.2352	0.311
3794400	0.2385	0.2
3798000	0.2281	0.111
3801600	0.2464	0.072
3805200	0.26139999999999997	0.044
3808800	0.2555	0.02
3812400	0.2652	0.011
3816000	0.257	0.033
3819600	0.2332	0.11
3823200	0.2078	0.267
3826800	0.11059999999999999	0.308
3830400	0.096	0.216
3834000	0.08059999999999999	0.158
3837600	0.079	0.126
3841200	0.0805	0.105
3844800	0.0842	0.132
3848400	0.084	0.183
3852000	0.0858	0.249
3855600	0.08990000000000001	0.312
3859200	0.1736	0.396
3862800	0.2007	0.525
3866400	0.1767	0.497
3870000	0.1855	0.452
3873600	0.2071	0.392
3877200	0.2358	0.311
3880800	0.269	0.2
3884400	0.2963	0.111
3888000	0.2943	0.072
3891600	0.2804	0.044
3895200	0.2804	0.02
3898800	0.2802	0.011
3902400	0.2815	0.033
3906000	0.2922	0.11
3909600	0.2439	0.267
3913200	0.1434	0.308
3916800	0.0831	0.216
3920400	0.08159999999999999	0.158
3924000	0.0874	0.126
3927600	0.0911	0.105
3931200	0.0911	0.132
3934800	0.0912	0.183
3938400	0.0922	0.249
3942000	0.1107	0.312
3945600	0.1931	0.396
3949200	0.1978	0.525
3952800	0.2356	0.497
3956400	0.2266	0.452
3960000	0.2165	0.392
3963600	0.2846	0.311
3967200	0.2415	0.2
3970800	0.26439999999999997	0.111
3974400	0.29510000000000003	0.072
3978000	0.3148	0.044
3981600	0.31510000000000005	0.02
3985200	0.30989999999999995	0.011
3988800	0.30610000000000004	0.033
3992400	0.26580000000000004	0.11
3996000	0.22340000000000002	0.267
3999600	0.114	0.308
4003200	0.0775	0.216
4006800	0.0728	0.158
4010400	0.0716	0.126
4014000	0.0719	0.105
4017600	0.0723	0.132
4021200	0.0713	0.183
4024800	0.071	0.249
4028400	0.0837	0.312
4032000	0.21330000000000002	0.396
4035600	0.2014	0.525
4039200	0.179	0.497
4042800	0.17930000000000001	0.452
4046400	0.197	0.392
4050000	0.2457	0.311
4053600	0.2685	0.2
4057200	0.3128	0.111
4060800	0.3421	0.072
4064400	0.3529	0.044
4068000	0.3497	0.02
4071600	0.3446	0.011
4075200	0.3247	0.033
4078800	0.2746	0.11
4082400	0.2363	0.267
4086000	0.1025	0.308
4089600	0.0732	0.216
4093200	0.076	0.158
4096800	0.07759999999999999	0.126
4100400	0.079	0.105
4104000	0.07859999999999999	0.132
4107600	0.0775	0.183
4111200	0.07690000000000001	0.249
4114800	0.0917	0.312
4118400	0.2175	0.396
4122000	0.1835	0.525
4125600	0.1923	0.497
4129200	0.187	0.452
4132800	0.2067	0.392
4136400	0.1584	0.311
4140000	0.1585	0.2
4143600	0.1719	0.111
4147200	0.2024	0.072
4150800	0.2292	0.044
4154400	0.2513	0.02
4158000	0.251	0.011
4161600	0.24109999999999998	0.033
4165200	0.21569999999999998	0.11
4168800	0.1938	0.267
4172400	0.0755	0.308
4176000	0.0583	0.216
4179600	0.0536	0.158
4183200	0.0544	0.126
4186800	0.0573	0.105
4190400	0.0565	0.132
4194000	0.0585	0.183
4197600	0.061399999999999996	0.249
4201200	0.0704	0.312
4204800	0.1514	0.396
4208400	0.1387	0.525
4212000	0.1248	0.497
4215600	0.12919999999999998	0.452
4219200	0.1328	0.392
4222800	0.1556	0.311
4226400	0.18519999999999998	0.2
4230000	0.2205	0.111
4233600	0.2425	0.072
4237200	0.2439	0.044
4240800	0.241	0.02
4244400	0.2414	0.011
4248000	0.2304	0.033
4251600	0.2348	0.11
4255200	0.1899	0.267
4258800	0.0687	0.308
4262400	0.0516	0.216
4266000	0.0492	0.158
4269600	0.048	0.126
4273200	0.045899999999999996	0.105
4276800	0.0445	0.132
4280400	0.0429	0.183
4284000	0.0436	0.249
4287600	0.0506	0.312
4291200	0.1625	0.396
4294800	0.19590000000000002	0.525
4298400	0.15519999999999998	0.497
4302000	0.1625	0.452
4305600	0.1822	0.392
4309200	0.18230000000000002	0.311
4312800	0.2029	0.2
4316400	0.2281	0.111
4320000	0.2509	0.072
4323600	0.2615	0.044
4327200	0.2636	0.02
4330800	0.2769	0.011
4334400	0.2859	0.033
4338000	0.2815	0.11
4341600	0.218	0.267
4345200	0.12840000000000001	0.308
4348800	0.0852	0.216
4352400	0.0705	0.158
4356000	0.0664	0.126
4359600	0.0654	0.105
4363200	0.0648	0.132
4366800	0.0643	0.183
4370400	0.0664	0.249
4374000	0.07959999999999999	0.312
4377600	0.2403	0.396
4381200	0.203	0.525
4384800	0.1972	0.497
4388400	0.18230000000000002	0.452
4392000	0.1983	0.392
4395600	0.2225	0.311
4399200	0.2692	0.2
4402800	0.3276	0.111
4406400	0.3452	0.072
4410000	0.3429	0.044
4413600	0.3415	0.02
4417200	0.3409	0.011
4420800	0.3384	0.033
4424400	0.3068	0.11
4428000	0.2612	0.267
4431600	0.0958	0.308
4435200	0.0694	0.216
4438800	0.0636	0.158
4442400	0.064	0.126
4446000	0.06670000000000001	0.105
4449600	0.0694	0.132
4453200	0.0679	0.183
4456800	0.0731	0.249
4460400	0.1092	0.312
4464000	0.18580000000000002	0.396
4467600	0.1645	0.525
4471200	0.152	0.497
4474800	0.15180000000000002	0.452
4478400	0.16040000000000001	0.392
4482000	0.1812	0.311
4485600	0.21919999999999998	0.2
4489200	0.2484	0.111
4492800	0.2824	0.072
4496400	0.289	0.044
4500000	0.2858	0.02
4503600	0.2825	0.011
4507200	0.2662	0.033
4510800	0.236	0.11
4514400	0.2165	0.267
4518000	0.0923	0.308
4521600	0.065	0.216
4525200	0.061200000000000004	0.158
4528800	0.061700000000000005	0.126
4532400	0.0638	0.105
4536000	0.0634	0.132
4539600	0.0625	0.183
4543200	0.0627	0.249
4546800	0.0706	0.312
4550400	0.172	0.396
4554000	0.16340000000000002	0.525
4557600	0.1519	0.497
4561200	0.1522	0.452
4564800	0.1618	0.392
4568400	0.19119999999999998	0.311
4572000	0.2407	0.2
4575600	0.2513	0.111
4579200	0.2894	0.072
4582800	0.2939	0.044
4586400	0.29469999999999996	0.02
4590000	0.291	0.011
4593600	0.2872	0.033
4597200	0.2699	0.11
4600800	0.1998	0.267
4604400	0.0193	0.308
4608000	0.0148	0.216
4611600	0.0147	0.158
4615200	0.015099999999999999	0.126
4618800	0.0155	0.105
4622400	0.0156	0.132
4626000	0.015300000000000001	0.183
4629600	0.0149	0.249
4633200	0.0169	0.312
4636800	0.1925	0.396
4640400	0.2081	0.525
4644000	0.18280000000000002	0.497
4647600	0.1854	0.452
4651200	0.19519999999999998	0.392
4654800	0.2032	0.311
4658400	0.2559	0.2
4662000	0.2752	0.111
4665600	0.2785	0.072
4669200	0.3187	0.044
4672800	0.2908	0.02
4676400	0.29810000000000003	0.011
4680000	0.2807	0.033
4683600	0.2877	0.11
4687200	0.206	0.267
4690800	0.0528	0.308
4694400	0.0359	0.216
4698000	0.0361	0.158
4701600	0.037399999999999996	0.126
4705200	0.0386	0.105
4708800	0.0381	0.132
4712400	0.0373	0.183
4716000	0.036899999999999995	0.249
4719600	0.0422	0.312
4723200	0.17	0.396
4726800	0.1771	0.525
4730400	0.1689	0.497
4734000	0.1717	0.452
4737600	0.1822	0.392
4741200	0.2024	0.311
4744800	0.2199	0.2
4748400	0.22519999999999998	0.111
4752000	0.2686	0.072
4755600	0.2904	0.044
4759200	0.2744	0.02
4762800	0.2754	0.011
4766400	0.2898	0.033
4770000	0.2768	0.11
4773600	0.1257	0.267
4777200	0.0007	0.308
4780800	0.0006	0.216
4784400	0.0005	0.158
4788000	0.0006	0.126
4791600	0.0006	0.105
4795200	0.0006	0.132
4798800	0.0006	0.183
4802400	0.0005	0.249
4806000	0.0006	0.312
4809600	0.1298	0.396
4813200	0.1455	0.525
4816800	0.1269	0.497
4820400	0.12890000000000001	0.452
4824000	0.1311	0.392
4827600	0.1509	0.311
4831200	0.1641	0.2
4834800	0.18969999999999998	0.111
4838400	0.1965	0.072
4842000	0.209	0.044
4845600	0.2135	0.02
4849200	0.217	0.011
4852800	0.212	0.033
4856400	0.2223	0.11
4860000	0.18009999999999998	0.267
4863600	0.046299999999999994	0.308
4867200	0.0381	0.216
4870800	0.0365	0.158
4874400	0.0371	0.126
4878000	0.0389	0.105
4881600	0.038	0.132
4885200	0.0391	0.183
4888800	0.0399	0.249
4892400	0.046700000000000005	0.312
4896000	0.2371	0.396
4899600	0.24230000000000002	0.525
4903200	0.2077	0.497
4906800	0.21	0.452
4910400	0.2191	0.392
4914000	0.24869999999999998	0.311
4917600	0.2891	0.2
4921200	0.3185	0.111
4924800	0.311	0.072
4928400	0.3167	0.044
4932000	0.3158	0.02
4935600	0.3148	0.011
4939200	0.3196	0.033
4942800	0.3173	0.11
4946400	0.2299	0.267
4950000	0.1425	0.308
4953600	0.1027	0.216
4957200	0.0987	0.158
4960800	0.1006	0.126
4964400	0.101	0.105
4968000	0.10690000000000001	0.132
4971600	0.11320000000000001	0.183
4975200	0.1192	0.249
4978800	0.1529	0.312
4982400	0.2348	0.396
4986000	0.2095	0.525
4989600	0.18519999999999998	0.497
4993200	0.18109999999999998	0.452
4996800	0.19240000000000002	0.392
5000400	0.22640000000000002	0.311
5004000	0.2682	0.2
5007600	0.31189999999999996	0.111
5011200	0.3152	0.072
5014800	0.31880000000000003	0.044
5018400	0.31639999999999996	0.02
5022000	0.3177	0.011
5025600	0.3055	0.033
5029200	0.2696	0.11
5032800	0.21980000000000002	0.267
5036400	0.1263	0.308
5040000	0.0906	0.216
5043600	0.0902	0.158
5047200	0.0907	0.126
5050800	0.0933	0.105
5054400	0.09240000000000001	0.132
5058000	0.09490000000000001	0.183
5061600	0.096	0.249
5065200	0.1075	0.312
5068800	0.19140000000000001	0.396
5072400	0.1966	0.525
5076000	0.1703	0.497
5079600	0.1711	0.452
5083200	0.181	0.392
5086800	0.2382	0.311
5090400	0.2818	0.2
5094000	0.312	0.111
5097600	0.32730000000000004	0.171
5101200	0.3277	0.144
5104800	0.3281	0.138
5108400	0.3301	0.152
5112000	0.3251	0.183
5115600	0.26439999999999997	0.271
5119200	0.227	0.466
5122800	0.138	0.533
5126400	0.082	0.28
5130000	0.07479999999999999	0.116
5133600	0.0719	0.04
5137200	0.0726	0.02
5140800	0.0713	0.011
5144400	0.0722	0.019
5148000	0.0813	0.026
5151600	0.0877	0.063
5155200	0.16390000000000002	0.096
5158800	0.1668	0.236
5162400	0.15869999999999998	0.493
5166000	0.1586	0.662
5169600	0.1544	0.536
5173200	0.2328	0.412
5176800	0.1819	0.29
5180400	0.1118	0.221
5184000	0.10859999999999999	0.171
5187600	0.118	0.144
5191200	0.1145	0.138
5194800	0.1263	0.152
5198400	0.1188	0.183
5202000	0.11090000000000001	0.271
5205600	0.037	0.466
5209200	0.0008	0.533
5212800	0.0006	0.28
5216400	0.0006	0.116
5220000	0.0006	0.04
5223600	0.0006	0.02
5227200	0.0006	0.011
5230800	0.0006	0.019
5234400	0.0006	0.026
5238000	0.0006	0.063
5241600	0.0332	0.096
5245200	0.07629999999999999	0.236
5248800	0.1419	0.493
5252400	0.1281	0.662
5256000	0.1037	0.536
5259600	0.1524	0.412
5263200	0.1135	0.29
5266800	0.12279999999999999	0.221
5270400	0.1227	0.171
5274000	0.15230000000000002	0.144
5277600	0.134	0.138
5281200	0.1445	0.152
5284800	0.1235	0.183
5288400	0.0927	0.271
5292000	0.015099999999999999	0.466
5295600	0.0006	0.533
5299200	0.0005	0.28
5302800	0.0005	0.116
5306400	0.0005	0.04
5310000	0.0005	0.02
5313600	0.0005	0.011
5317200	0.0005	0.019
5320800	0.0005	0.026
5324400	0.0006	0.063
5328000	0.0304	0.096
5331600	0.0889	0.236
5335200	0.1439	0.493
5338800	0.1323	0.662
5342400	0.10540000000000001	0.536
5346000	0.12129999999999999	0.412
5349600	0.1178	0.29
5353200	0.10790000000000001	0.221
5356800	0.12919999999999998	0.171
5360400	0.131	0.144
5364000	0.1227	0.138
5367600	0.1235	0.152
5371200	0.13190000000000002	0.183
5374800	0.1251	0.271
5378400	0.0015	0.466
5382000	0.0006	0.533
5385600	0.0005	0.28
5389200	0.0005	0.116
5392800	0.0006	0.04
5396400	0.0006	0.02
5400000	0.0006	0.011
5403600	0.0006	0.019
5407200	0.0006	0.026
5410800	0.0006	0.063
5414400	0.0011	0.096
5418000	0.0636	0.236
5421600	0.1185	0.493
5425200	0.1103	0.662
5428800	0.0681	0.536
5432400	0.0885	0.412
5436000	0.07940000000000001	0.29
5439600	0.0782	0.221
5443200	0.0897	0.171
5446800	0.1014	0.144
5450400	0.1087	0.138
5454000	0.11170000000000001	0.152
5457600	0.1115	0.183
5461200	0.1067	0.271
5464800	0.0015	0.466
5468400	0.0006	0.533
5472000	0.0006	0.28
5475600	0.0006	0.116
5479200	0.0006	0.04
5482800	0.0006	0.02
5486400	0.0006	0.011
5490000	0.0006	0.019
5493600	0.0006	0.026
5497200	0.0006	0.063
5500800	0.0712	0.096
5504400	0.10740000000000001	0.236
5508000	0.1684	0.493
5511600	0.16119999999999998	0.662
5515200	0.1153	0.536
5518800	0.2185	0.412
5522400	0.1541	0.29
5526000	0.12029999999999999	0.221
5529600	0.13090000000000002	0.171
5533200	0.14730000000000001	0.144
5536800	0.1633	0.138
5540400	0.1661	0.152
5544000	0.1415	0.183
5547600	0.1192	0.271
5551200	0.1113	0.466
5554800	0.0077	0.533
5558400	0.0060999999999999995	0.28
5562000	0.0057	0.116
5565600	0.0055	0.04
5569200	0.0056	0.02
5572800	0.0056	0.011
5576400	0.0055	0.019
5580000	0.0056	0.026
5583600	0.0063	0.063
5587200	0.09209999999999999	0.096
5590800	0.0974	0.236
5594400	0.1395	0.493
5598000	0.1269	0.662
5601600	0.08209999999999999	0.536
5605200	0.1274	0.412
5608800	0.11309999999999999	0.29
5612400	0.1362	0.221
5616000	0.14709999999999998	0.171
5619600	0.15869999999999998	0.144
5623200	0.1564	0.138
5626800	0.1546	0.152
5630400	0.1601	0.183
5634000	0.1458	0.271
5637600	0.0107	0.466
5641200	0.0054	0.533
5644800	0.0046	0.28
5648400	0.0047	0.116
5652000	0.0047	0.04
5655600	0.0047	0.02
5659200	0.0045	0.011
5662800	0.0047	0.019
5666400	0.0046	0.026
5670000	0.004900000000000001	0.063
5673600	0.043	0.096
5677200	0.081	0.236
5680800	0.13319999999999999	0.493
5684400	0.1391	0.662
5688000	0.1108	0.536
5691600	0.0978	0.412
5695200	0.10679999999999999	0.29
5698800	0.12969999999999998	0.221
5702400	0.14859999999999998	0.171
5706000	0.14959999999999998	0.144
5709600	0.1555	0.138
5713200	0.14809999999999998	0.152
5716800	0.1336	0.183
5720400	0.09809999999999999	0.271
5724000	0.0605	0.466
5727600	0.0006	0.533
5731200	0.0005	0.28
5734800	0.0005	0.116
5738400	0.0005	0.04
5742000	0.0005	0.02
5745600	0.0005	0.011
5749200	0.0005	0.019
5752800	0.0005	0.026
5756400	0.0005	0.063
5760000	0.001	0.096
5763600	0.1169	0.236
5767200	0.19190000000000002	0.493
5770800	0.1933	0.662
5774400	0.15030000000000002	0.536
5778000	0.2393	0.412
5781600	0.1625	0.29
5785200	0.16019999999999998	0.221
5788800	0.1815	0.171
5792400	0.19019999999999998	0.144
5796000	0.1998	0.138
5799600	0.1975	0.152
5803200	0.18359999999999999	0.183
5806800	0.1407	0.271
5810400	0.0013	0.466
5814000	0.0006	0.533
5817600	0.0005	0.28
5821200	0.0005	0.116
5824800	0.0005	0.04
5828400	0.0005	0.02
5832000	0.0005	0.011
5835600	0.0005	0.019
5839200	0.0005	0.026
5842800	0.0006	0.063
5846400	0.0123	0.096
5850000	0.107	0.236
5853600	0.1618	0.493
5857200	0.1653	0.662
5860800	0.1509	0.536
5864400	0.19030000000000002	0.412
5868000	0.16190000000000002	0.29
5871600	0.139	0.221
5875200	0.1285	0.171
5878800	0.15419999999999998	0.144
5882400	0.1564	0.138
5886000	0.1524	0.152
5889600	0.1254	0.183
5893200	0.1262	0.271
5896800	0.0013	0.466
5900400	0.0006	0.533
5904000	0.0006	0.28
5907600	0.0006	0.116
5911200	0.0006	0.04
5914800	0.0006	0.02
5918400	0.0005	0.011
5922000	0.0005	0.019
5925600	0.0006	0.026
5929200	0.0006	0.063
5932800	0.0628	0.096
5936400	0.12869999999999998	0.236
5940000	0.1661	0.493
5943600	0.15719999999999998	0.662
5947200	0.09190000000000001	0.536
5950800	0.1762	0.412
5954400	0.1338	0.29
5958000	0.1199	0.221
5961600	0.1399	0.171
5965200	0.1545	0.144
5968800	0.173	0.138
5972400	0.1757	0.152
5976000	0.1665	0.183
5979600	0.15480000000000002	0.271
5983200	0.0012	0.466
5986800	0.0006	0.533
5990400	0.0006	0.28
5994000	0.0006	0.116
5997600	0.0006	0.04
6001200	0.0006	0.02
6004800	0.0006	0.011
6008400	0.0006	0.019
6012000	0.0006	0.026
6015600	0.0007	0.063
6019200	0.0572	0.096
6022800	0.0511	0.236
6026400	0.10790000000000001	0.493
6030000	0.1009	0.662
6033600	0.05	0.536
6037200	0.0663	0.412
6040800	0.06509999999999999	0.29
6044400	0.0747	0.221
6048000	0.0847	0.171
6051600	0.0938	0.144
6055200	0.09570000000000001	0.138
6058800	0.09720000000000001	0.152
6062400	0.1005	0.183
6066000	0.1033	0.271
6069600	0.0015	0.466
6073200	0.0007	0.533
6076800	0.0006	0.28
6080400	0.0006	0.116
6084000	0.0006	0.04
6087600	0.0006	0.02
6091200	0.0006	0.011
6094800	0.0005	0.019
6098400	0.0006	0.026
6102000	0.0006	0.063
6105600	0.0012	0.096
6109200	0.0012	0.236
6112800	0.0011	0.493
6116400	0.023600000000000003	0.662
6120000	0.001	0.536
6123600	0.0011	0.412
6127200	0.0013	0.29
6130800	0.0016	0.221
6134400	0.0019	0.171
6138000	0.002	0.144
6141600	0.0022	0.138
6145200	0.0021000000000000003	0.152
6148800	0.0019	0.183
6152400	0.0016	0.271
6156000	0.0014	0.466
6159600	0.0007	0.533
6163200	0.0006	0.28
6166800	0.0006	0.116
6170400	0.0006	0.04
6174000	0.0006	0.02
6177600	0.0006	0.011
6181200	0.0006	0.019
6184800	0.0006	0.026
6188400	0.0007	0.063
6192000	0.0678	0.096
6195600	0.103	0.236
6199200	0.12	0.493
6202800	0.1484	0.662
6206400	0.10790000000000001	0.536
6210000	0.1135	0.412
6213600	0.1237	0.29
6217200	0.1035	0.221
6220800	0.1147	0.171
6224400	0.1257	0.144
6228000	0.1357	0.138
6231600	0.1303	0.152
6235200	0.13190000000000002	0.183
6238800	0.10790000000000001	0.271
6242400	0.006	0.466
6246000	0.0034	0.533
6249600	0.003	0.28
6253200	0.0028	0.116
6256800	0.0027	0.04
6260400	0.0028	0.02
6264000	0.0029	0.011
6267600	0.003	0.019
6271200	0.0032	0.026
6274800	0.0036	0.063
6278400	0.012	0.096
6282000	0.0533	0.236
6285600	0.0887	0.493
6289200	0.12279999999999999	0.662
6292800	0.1034	0.536
6296400	0.1033	0.412
6300000	0.067	0.29
6303600	0.0742	0.221
6307200	0.0881	0.171
6310800	0.098	0.144
6314400	0.1028	0.138
6318000	0.1015	0.152
6321600	0.0963	0.183
6325200	0.078	0.271
6328800	0.0426	0.466
6332400	0.0263	0.533
6336000	0.0217	0.28
6339600	0.0211	0.116
6343200	0.0202	0.04
6346800	0.0216	0.02
6350400	0.0213	0.011
6354000	0.0209	0.019
6357600	0.0219	0.026
6361200	0.023600000000000003	0.063
6364800	0.0325	0.096
6368400	0.0858	0.236
6372000	0.10890000000000001	0.493
6375600	0.1367	0.662
6379200	0.0969	0.536
6382800	0.1025	0.412
6386400	0.11120000000000001	0.29
6390000	0.0878	0.221
6393600	0.1045	0.171
6397200	0.121	0.144
6400800	0.1268	0.138
6404400	0.12919999999999998	0.152
6408000	0.12229999999999999	0.183
6411600	0.10890000000000001	0.271
6415200	0.0173	0.466
6418800	0.0104	0.533
6422400	0.0095	0.28
6426000	0.0095	0.116
6429600	0.009800000000000001	0.04
6433200	0.0101	0.02
6436800	0.01	0.011
6440400	0.0109	0.019
6444000	0.0111	0.026
6447600	0.011699999999999999	0.063
6451200	0.0595	0.096
6454800	0.0872	0.236
6458400	0.1067	0.493
6462000	0.1323	0.662
6465600	0.09709999999999999	0.536
6469200	0.1555	0.412
6472800	0.1361	0.29
6476400	0.14	0.221
6480000	0.1352	0.171
6483600	0.15309999999999999	0.144
6487200	0.16469999999999999	0.138
6490800	0.172	0.152
6494400	0.1704	0.183
6498000	0.1681	0.271
6501600	0.0907	0.466
6505200	0.0586	0.533
6508800	0.052399999999999995	0.28
6512400	0.0511	0.116
6516000	0.0496	0.04
6519600	0.0504	0.02
6523200	0.0511	0.011
6526800	0.055799999999999995	0.019
6530400	0.0578	0.026
6534000	0.072	0.063
6537600	0.12179999999999999	0.096
6541200	0.1072	0.236
6544800	0.0987	0.493
6548400	0.0955	0.662
6552000	0.1006	0.536
6555600	0.10690000000000001	0.412
6559200	0.12079999999999999	0.29
6562800	0.1448	0.221
6566400	0.1728	0.171
6570000	0.1835	0.144
6573600	0.1694	0.138
6577200	0.175	0.152
6580800	0.171	0.183
6584400	0.16540000000000002	0.271
6588000	0.0857	0.466
6591600	0.0616	0.533
6595200	0.0538	0.28
6598800	0.0455	0.116
6602400	0.0438	0.04
6606000	0.0431	0.02
6609600	0.045399999999999996	0.011
6613200	0.045200000000000004	0.019
6616800	0.0442	0.026
6620400	0.047299999999999995	0.063
6624000	0.0835	0.096
6627600	0.0989	0.236
6631200	0.09759999999999999	0.493
6634800	0.0906	0.662
6638400	0.092	0.536
6642000	0.07940000000000001	0.412
6645600	0.09	0.29
6649200	0.09240000000000001	0.221
6652800	0.1041	0.171
6656400	0.1169	0.144
6660000	0.1245	0.138
6663600	0.13419999999999999	0.152
6667200	0.1272	0.183
6670800	0.1174	0.271
6674400	0.0286	0.466
6678000	0.017	0.533
6681600	0.0149	0.28
6685200	0.0143	0.116
6688800	0.0136	0.04
6692400	0.014199999999999999	0.02
6696000	0.0144	0.011
6699600	0.0134	0.019
6703200	0.015300000000000001	0.026
6706800	0.015300000000000001	0.063
6710400	0.0218	0.096
6714000	0.0446	0.236
6717600	0.0409	0.493
6721200	0.0363	0.662
6724800	0.0364	0.536
6728400	0.039299999999999995	0.412
6732000	0.0465	0.29
6735600	0.056	0.221
6739200	0.0629	0.171
6742800	0.0645	0.144
6746400	0.06570000000000001	0.138
6750000	0.0637	0.152
6753600	0.056299999999999996	0.183
6757200	0.0407	0.271
6760800	0.0011	0.466
6764400	0.0007	0.533
6768000	0.0006	0.28
6771600	0.0006	0.116
6775200	0.0006	0.04
6778800	0.0006	0.02
6782400	0.0006	0.011
6786000	0.0007	0.019
6789600	0.0007	0.026
6793200	0.0008	0.063
6796800	0.001	0.096
6800400	0.114	0.236
6804000	0.12409999999999999	0.493
6807600	0.1625	0.662
6811200	0.1193	0.536
6814800	0.1447	0.412
6818400	0.1376	0.29
6822000	0.09079999999999999	0.221
6825600	0.09209999999999999	0.171
6829200	0.1015	0.144
6832800	0.1065	0.138
6836400	0.1031	0.152
6840000	0.09390000000000001	0.183
6843600	0.0875	0.271
6847200	0.001	0.466
6850800	0.0006	0.533
6854400	0.0006	0.28
6858000	0.0006	0.116
6861600	0.0006	0.04
6865200	0.0006	0.02
6868800	0.0006	0.011
6872400	0.0006	0.019
6876000	0.0006	0.026
6879600	0.0006	0.063
6883200	0.0011	0.096
6886800	0.054299999999999994	0.236
6890400	0.0757	0.493
6894000	0.1183	0.662
6897600	0.1024	0.536
6901200	0.0917	0.412
6904800	0.0688	0.29
6908400	0.053399999999999996	0.221
6912000	0.054	0.171
6915600	0.0584	0.144
6919200	0.0606	0.138
6922800	0.060200000000000004	0.152
6926400	0.0523	0.183
6930000	0.0428	0.271
6933600	0.001	0.466
6937200	0.0006	0.533
6940800	0.0006	0.28
6944400	0.0006	0.116
6948000	0.0006	0.04
6951600	0.0006	0.02
6955200	0.0006	0.011
6958800	0.0006	0.019
6962400	0.0006	0.026
6966000	0.0007	0.063
6969600	0.001	0.096
6973200	0.0824	0.236
6976800	0.1361	0.493
6980400	0.1636	0.662
6984000	0.13269999999999998	0.536
6987600	0.20959999999999998	0.412
6991200	0.1231	0.29
6994800	0.0953	0.221
6998400	0.06709999999999999	0.171
7002000	0.07540000000000001	0.144
7005600	0.07590000000000001	0.138
7009200	0.07790000000000001	0.152
7012800	0.0565	0.183
7016400	0.0507	0.271
7020000	0.001	0.466
7023600	0.0006	0.533
7027200	0.0006	0.28
7030800	0.0006	0.116
7034400	0.0006	0.04
7038000	0.0006	0.02
7041600	0.0006	0.011
7045200	0.0006	0.019
7048800	0.0006	0.026
7052400	0.0027	0.063
7056000	0.0375	0.096
7059600	0.10579999999999999	0.236
7063200	0.1465	0.493
7066800	0.1787	0.662
7070400	0.1633	0.536
7074000	0.2415	0.412
7077600	0.1638	0.29
7081200	0.0862	0.221
7084800	0.0691	0.171
7088400	0.0849	0.144
7092000	0.0883	0.138
7095600	0.0872	0.152
7099200	0.0711	0.183
7102800	0.062200000000000005	0.271
7106400	0.004900000000000001	0.466
7110000	0.0031	0.533
7113600	0.0029	0.28
7117200	0.003	0.116
7120800	0.0029	0.04
7124400	0.003	0.02
7128000	0.0029	0.011
7131600	0.0029	0.019
7135200	0.003	0.026
7138800	0.0035	0.063
7142400	0.0433	0.096
7146000	0.06520000000000001	0.236
7149600	0.0703	0.493
7153200	0.102	0.662
7156800	0.079	0.536
7160400	0.1051	0.412
7164000	0.07529999999999999	0.29
7167600	0.076	0.221
7171200	0.0882	0.171
7174800	0.1034	0.144
7178400	0.11270000000000001	0.138
7182000	0.1143	0.152
7185600	0.11	0.183
7189200	0.10640000000000001	0.271
7192800	0.0012	0.466
7196400	0.0007	0.533
7200000	0.0007	0.28
7203600	0.0006	0.116
7207200	0.0006	0.04
7210800	0.0006	0.02
7214400	0.0006	0.011
7218000	0.0006	0.019
7221600	0.0007	0.026
7225200	0.0007	0.063
7228800	0.0092	0.096
7232400	0.0603	0.236
7236000	0.061200000000000004	0.493
7239600	0.0551	0.662
7243200	0.0554	0.536
7246800	0.0629	0.412
7250400	0.072	0.29
7254000	0.0839	0.221
7257600	0.09309999999999999	0.171
7261200	0.1034	0.144
7264800	0.1046	0.138
7268400	0.1041	0.152
7272000	0.1108	0.183
7275600	0.1118	0.271
7279200	0.0471	0.466
7282800	0.0315	0.533
7286400	0.0272	0.28
7290000	0.0253	0.116
7293600	0.024300000000000002	0.04
7297200	0.024399999999999998	0.02
7300800	0.025	0.011
7304400	0.0264	0.019
7308000	0.0288	0.026
7311600	0.033299999999999996	0.063
7315200	0.047	0.096
7318800	0.0685	0.236
7322400	0.0639	0.493
7326000	0.0575	0.662
7329600	0.0579	0.536
7333200	0.060399999999999995	0.412
7336800	0.0696	0.29
7340400	0.08120000000000001	0.221
7344000	0.0916	0.171
7347600	0.0998	0.144
7351200	0.1067	0.138
7354800	0.1087	0.152
7358400	0.1013	0.183
7362000	0.0692	0.271
7365600	0.001	0.466
7369200	0.0006	0.533
7372800	0.0006	0.28
7376400	0.0006	0.116
7380000	0.0006	0.04
7383600	0.0006	0.02
7387200	0.0006	0.011
7390800	0.0006	0.019
7394400	0.0006	0.026
7398000	0.0007	0.063
7401600	0.0012	0.096
7405200	0.0891	0.236
7408800	0.0837	0.493
7412400	0.0925	0.662
7416000	0.0777	0.536
7419600	0.0815	0.412
7423200	0.091	0.29
7426800	0.1031	0.221
7430400	0.1173	0.171
7434000	0.12969999999999998	0.144
7437600	0.1413	0.138
7441200	0.15	0.152
7444800	0.14930000000000002	0.183
7448400	0.1352	0.271
7452000	0.0522	0.466
7455600	0.0334	0.533
7459200	0.0295	0.28
7462800	0.027899999999999998	0.116
7466400	0.0282	0.04
7470000	0.0282	0.02
7473600	0.0289	0.011
7477200	0.0292	0.019
7480800	0.03	0.026
7484400	0.0318	0.063
7488000	0.0649	0.096
7491600	0.0889	0.236
7495200	0.1158	0.493
7498800	0.1458	0.662
7502400	0.1257	0.536
7506000	0.111	0.412
7509600	0.1095	0.29
7513200	0.07629999999999999	0.221
7516800	0.0709	0.171
7520400	0.0804	0.144
7524000	0.08940000000000001	0.138
7527600	0.0945	0.152
7531200	0.0873	0.183
7534800	0.0819	0.271
7538400	0.0012	0.466
7542000	0.0008	0.533
7545600	0.0007	0.28
7549200	0.0006	0.116
7552800	0.0006	0.04
7556400	0.0006	0.02
7560000	0.0006	0.011
7563600	0.0006	0.019
7567200	0.0006	0.026
7570800	0.0008	0.063
7574400	0.0506	0.096
7578000	0.054700000000000006	0.236
7581600	0.0901	0.493
7585200	0.1123	0.662
7588800	0.0948	0.536
7592400	0.12279999999999999	0.412
7596000	0.0681	0.29
7599600	0.0717	0.221
7603200	0.0837	0.171
7606800	0.0927	0.144
7610400	0.0991	0.138
7614000	0.0991	0.152
7617600	0.09820000000000001	0.183
7621200	0.088	0.271
7624800	0.005900000000000001	0.466
7628400	0.0037	0.533
7632000	0.0034	0.28
7635600	0.0034	0.116
7639200	0.0033	0.04
7642800	0.0033	0.02
7646400	0.0033	0.011
7650000	0.0033	0.019
7653600	0.0037	0.026
7657200	0.004200000000000001	0.063
7660800	0.0482	0.096
7664400	0.0638	0.236
7668000	0.0793	0.493
7671600	0.09490000000000001	0.662
7675200	0.0572	0.536
7678800	0.09340000000000001	0.412
7682400	0.0663	0.29
7686000	0.0709	0.221
7689600	0.082	0.171
7693200	0.09259999999999999	0.144
7696800	0.0963	0.138
7700400	0.095	0.152
7704000	0.0863	0.183
7707600	0.0851	0.271
7711200	0.001	0.466
7714800	0.0007	0.533
7718400	0.0007	0.28
7722000	0.0007	0.116
7725600	0.0006	0.04
7729200	0.0006	0.02
7732800	0.0006	0.011
7736400	0.0006	0.019
7740000	0.0006	0.026
7743600	0.0007	0.063
7747200	0.046799999999999994	0.096
7750800	0.0616	0.236
7754400	0.0969	0.493
7758000	0.1075	0.662
7761600	0.0865	0.536
7765200	0.1066	0.412
7768800	0.071	0.29
7772400	0.06720000000000001	0.221
7776000	0.0775	0.171
7779600	0.085	0.144
7783200	0.0895	0.138
7786800	0.0968	0.152
7790400	0.1013	0.183
7794000	0.0021000000000000003	0.271
7797600	0.0009	0.466
7801200	0.0006	0.533
7804800	0.0006	0.28
7808400	0.0007	0.116
7812000	0.0007	0.04
7815600	0.0006	0.02
7819200	0.0006	0.011
7822800	0.0007	0.019
7826400	0.0007	0.026
7830000	0.0008	0.063
7833600	0.0012	0.096
7837200	0.0526	0.236
7840800	0.0513	0.493
7844400	0.0485	0.662
7848000	0.0487	0.536
7851600	0.031100000000000003	0.412
7855200	0.0357	0.29
7858800	0.0013	0.221
7862400	0.0015	0.171
7866000	0.0017	0.144
7869600	0.0019	0.138
7873200	0.002	0.152
7876800	0.002	0.183
7880400	0.0019	0.271
7884000	0.0007	0.466
7887600	0.0006	0.533
7891200	0.0006	0.28
7894800	0.0006	0.116
7898400	0.0006	0.04
7902000	0.0006	0.02
7905600	0.0006	0.011
7909200	0.0006	0.019
7912800	0.0006	0.026
7916400	0.0006	0.063
7920000	0.0008	0.096
7923600	0.0012	0.236
7927200	0.0012	0.493
7930800	0.0112	0.662
7934400	0.0011	0.536
7938000	0.0011	0.412
7941600	0.0013	0.29
7945200	0.0015	0.221
7948800	0.0016	0.171
7952400	0.0019	0.144
7956000	0.0018	0.138
7959600	0.0017	0.152
7963200	0.0016	0.183
7966800	0.0017	0.271
7970400	0.0008	0.466
7974000	0.0006	0.533
7977600	0.0006	0.28
7981200	0.0006	0.116
7984800	0.0005	0.04
7988400	0.0005	0.02
7992000	0.0005	0.011
7995600	0.0005	0.019
7999200	0.0005	0.026
8002800	0.0006	0.063
8006400	0.0009	0.096
8010000	0.056	0.236
8013600	0.0719	0.493
8017200	0.1154	0.662
8020800	0.117	0.536
8024400	0.085	0.412
8028000	0.0621	0.29
8031600	0.0416	0.221
8035200	0.0296	0.171
8038800	0.0327	0.144
8042400	0.033	0.138
8046000	0.0316	0.152
8049600	0.0269	0.183
8053200	0.031	0.271
8056800	0.0129	0.466
8060400	0.0008	0.533
8064000	0.0007	0.28
8067600	0.0006	0.116
8071200	0.0006	0.04
8074800	0.0006	0.02
8078400	0.0006	0.011
8082000	0.0006	0.019
8085600	0.0006	0.026
8089200	0.0007	0.063
8092800	0.001	0.096
8096400	0.079	0.236
8100000	0.1149	0.493
8103600	0.1369	0.662
8107200	0.13219999999999998	0.536
8110800	0.13119999999999998	0.412
8114400	0.1175	0.29
8118000	0.0901	0.221
8121600	0.06659999999999999	0.171
8125200	0.039200000000000006	0.144
8128800	0.044899999999999995	0.138
8132400	0.0497	0.152
8136000	0.046	0.183
8139600	0.0018	0.271
8143200	0.001	0.466
8146800	0.0007	0.533
8150400	0.0006	0.28
8154000	0.0007	0.116
8157600	0.0006	0.04
8161200	0.0006	0.02
8164800	0.0006	0.011
8168400	0.0006	0.019
8172000	0.0006	0.026
8175600	0.0006	0.063
8179200	0.0009	0.096
8182800	0.047799999999999995	0.236
8186400	0.09029999999999999	0.493
8190000	0.1157	0.662
8193600	0.1097	0.536
8197200	0.123	0.412
8200800	0.0718	0.29
8204400	0.06659999999999999	0.221
8208000	0.07590000000000001	0.171
8211600	0.085	0.144
8215200	0.0868	0.138
8218800	0.0851	0.152
8222400	0.07759999999999999	0.183
8226000	0.0683	0.271
8229600	0.0009	0.466
8233200	0.0006	0.533
8236800	0.0005	0.28
8240400	0.0005	0.116
8244000	0.0005	0.04
8247600	0.0005	0.02
8251200	0.0005	0.011
8254800	0.0005	0.019
8258400	0.0005	0.026
8262000	0.0005	0.063
8265600	0.0007	0.096
8269200	0.0707	0.236
8272800	0.0731	0.493
8276400	0.0856	0.662
8280000	0.0761	0.536
8283600	0.0736	0.412
8287200	0.09459999999999999	0.29
8290800	0.11170000000000001	0.221
8294400	0.1171	0.171
8298000	0.1253	0.144
8301600	0.1374	0.138
8305200	0.1451	0.152
8308800	0.1366	0.183
8312400	0.08259999999999999	0.271
8316000	0.0007	0.466
8319600	0.0005	0.533
8323200	0.0005	0.28
8326800	0.0005	0.116
8330400	0.0005	0.04
8334000	0.0005	0.02
8337600	0.0005	0.011
8341200	0.0005	0.019
8344800	0.0005	0.026
8348400	0.0005	0.063
8352000	0.0008	0.096
8355600	0.1057	0.236
8359200	0.1022	0.493
8362800	0.1399	0.662
8366400	0.1406	0.536
8370000	0.1107	0.412
8373600	0.1399	0.29
8377200	0.162	0.221
8380800	0.1705	0.171
8384400	0.1797	0.144
8388000	0.19119999999999998	0.138
8391600	0.19290000000000002	0.152
8395200	0.1943	0.183
8398800	0.0021000000000000003	0.271
8402400	0.0008	0.466
8406000	0.0006	0.533
8409600	0.0005	0.28
8413200	0.0005	0.116
8416800	0.0005	0.04
8420400	0.0006	0.02
8424000	0.0006	0.011
8427600	0.0006	0.019
8431200	0.0006	0.026
8434800	0.0006	0.063
8438400	0.0009	0.096
8442000	0.108	0.236
8445600	0.11309999999999999	0.493
8449200	0.1083	0.662
8452800	0.1087	0.536
8456400	0.1182	0.412
8460000	0.129	0.29
8463600	0.1419	0.221
8467200	0.171	0.171
8470800	0.18080000000000002	0.144
8474400	0.19019999999999998	0.138
8478000	0.1981	0.152
8481600	0.2043	0.183
8485200	0.0021000000000000003	0.271
8488800	0.0008	0.466
8492400	0.0006	0.533
8496000	0.0006	0.28
8499600	0.0006	0.116
8503200	0.0006	0.04
8506800	0.0006	0.02
8510400	0.0006	0.011
8514000	0.0006	0.019
8517600	0.0006	0.026
8521200	0.0007	0.063
8524800	0.001	0.096
8528400	0.0503	0.236
8532000	0.0522	0.493
8535600	0.0676	0.662
8539200	0.0683	0.536
8542800	0.07690000000000001	0.412
8546400	0.06509999999999999	0.29
8550000	0.0731	0.221
8553600	0.0841	0.171
8557200	0.09670000000000001	0.144
8560800	0.1057	0.138
8564400	0.0998	0.152
8568000	0.0879	0.183
8571600	0.0248	0.271
8575200	0.0008	0.466
8578800	0.0006	0.533
8582400	0.0006	0.28
8586000	0.0006	0.116
8589600	0.0006	0.04
8593200	0.0006	0.02
8596800	0.0006	0.011
8600400	0.0006	0.019
8604000	0.0006	0.026
8607600	0.0006	0.063
8611200	0.0091	0.096
8614800	0.10629999999999999	0.236
8618400	0.1258	0.493
8622000	0.15919999999999998	0.662
8625600	0.1466	0.536
8629200	0.1884	0.412
8632800	0.1485	0.29
8636400	0.1045	0.221
8640000	0.1119	0.171
8643600	0.1215	0.144
8647200	0.1225	0.138
8650800	0.121	0.152
8654400	0.11259999999999999	0.183
8658000	0.0978	0.271
8661600	0.0008	0.466
8665200	0.0006	0.533
8668800	0.0006	0.28
8672400	0.0006	0.116
8676000	0.0006	0.04
8679600	0.0006	0.02
8683200	0.0006	0.011
8686800	0.0006	0.019
8690400	0.0006	0.026
8694000	0.0006	0.063
8697600	0.0009	0.096
8701200	0.0858	0.236
8704800	0.12140000000000001	0.493
8708400	0.15730000000000002	0.662
8712000	0.13190000000000002	0.536
8715600	0.1732	0.412
8719200	0.1252	0.29
8722800	0.0945	0.221
8726400	0.09490000000000001	0.171
8730000	0.106	0.144
8733600	0.1179	0.138
8737200	0.12340000000000001	0.152
8740800	0.1198	0.183
8744400	0.0298	0.271
8748000	0.0058	0.466
8751600	0.0045	0.533
8755200	0.0039	0.28
8758800	0.0036	0.116
8762400	0.0033	0.04
8766000	0.0034	0.02
8769600	0.0033	0.011
8773200	0.0031	0.019
8776800	0.0033	0.026
8780400	0.004	0.063
8784000	0.005900000000000001	0.096
8787600	0.053899999999999997	0.236
8791200	0.0521	0.493
8794800	0.0782	0.662
8798400	0.074	0.536
8802000	0.0523	0.412
8805600	0.056799999999999996	0.29
8809200	0.0686	0.221
8812800	0.075	0.171
8816400	0.0823	0.144
8820000	0.0832	0.138
8823600	0.0845	0.152
8827200	0.0852	0.183
8830800	0.0016	0.271
8834400	0.0008	0.466
8838000	0.0006	0.533
8841600	0.0006	0.28
8845200	0.0006	0.116
8848800	0.0007	0.04
8852400	0.0007	0.02
8856000	0.0007	0.011
8859600	0.0007	0.019
8863200	0.0008	0.026
8866800	0.0009	0.063
8870400	0.028300000000000002	0.096
8874000	0.054799999999999995	0.236
8877600	0.0516	0.493
8881200	0.0722	0.662
8884800	0.0724	0.536
8888400	0.07959999999999999	0.412
8892000	0.09340000000000001	0.29
8895600	0.112	0.221
8899200	0.1221	0.171
8902800	0.12290000000000001	0.144
8906400	0.12830000000000003	0.138
8910000	0.1371	0.152
8913600	0.1359	0.183
8917200	0.0948	0.271
8920800	0.0755	0.466
8924400	0.06	0.533
8928000	0.053399999999999996	0.28
8931600	0.0503	0.116
8935200	0.0464	0.04
8938800	0.0445	0.02
8942400	0.0434	0.011
8946000	0.048	0.019
8949600	0.048299999999999996	0.026
8953200	0.054200000000000005	0.063
8956800	0.076	0.096
8960400	0.08929999999999999	0.236
8964000	0.0838	0.493
8967600	0.1192	0.662
8971200	0.1062	0.536
8974800	0.09620000000000001	0.412
8978400	0.10959999999999999	0.29
8982000	0.11309999999999999	0.221
8985600	0.1258	0.171
8989200	0.1343	0.144
8992800	0.147	0.138
8996400	0.1505	0.152
9000000	0.14859999999999998	0.183
9003600	0.07590000000000001	0.271
9007200	0.0008	0.466
9010800	0.0007	0.533
9014400	0.0006	0.28
9018000	0.0006	0.116
9021600	0.0006	0.04
9025200	0.0006	0.02
9028800	0.0006	0.011
9032400	0.0006	0.019
9036000	0.0006	0.026
9039600	0.0006	0.063
9043200	0.0008	0.096
9046800	0.063	0.236
9050400	0.0588	0.493
9054000	0.054700000000000006	0.662
9057600	0.0521	0.536
9061200	0.0538	0.412
9064800	0.061	0.29
9068400	0.0683	0.221
9072000	0.07629999999999999	0.171
9075600	0.0836	0.144
9079200	0.08940000000000001	0.138
9082800	0.09570000000000001	0.152
9086400	0.1009	0.183
9090000	0.0017	0.271
9093600	0.0007	0.466
9097200	0.0007	0.533
9100800	0.0006	0.28
9104400	0.0006	0.116
9108000	0.0006	0.04
9111600	0.0006	0.02
9115200	0.0006	0.011
9118800	0.0006	0.019
9122400	0.0006	0.026
9126000	0.0006	0.063
9129600	0.0008	0.096
9133200	0.0767	0.236
9136800	0.0723	0.493
9140400	0.0853	0.662
9144000	0.13269999999999998	0.536
9147600	0.0684	0.412
9151200	0.0674	0.29
9154800	0.0777	0.221
9158400	0.07709999999999999	0.171
9162000	0.0832	0.144
9165600	0.07940000000000001	0.138
9169200	0.0756	0.152
9172800	0.07640000000000001	0.183
9176400	0.0016	0.271
9180000	0.0008	0.466
9183600	0.0006	0.533
9187200	0.0006	0.28
9190800	0.0006	0.116
9194400	0.0006	0.04
9198000	0.0006	0.02
9201600	0.0006	0.011
9205200	0.0006	0.019
9208800	0.0006	0.026
9212400	0.0006	0.063
9216000	0.023899999999999998	0.096
9219600	0.09340000000000001	0.236
9223200	0.13119999999999998	0.493
9226800	0.1352	0.662
9230400	0.1357	0.536
9234000	0.21209999999999998	0.412
9237600	0.155	0.29
9241200	0.1034	0.221
9244800	0.1004	0.171
9248400	0.1012	0.144
9252000	0.10909999999999999	0.138
9255600	0.1001	0.152
9259200	0.0973	0.183
9262800	0.0015	0.271
9266400	0.0007	0.466
9270000	0.0006	0.533
9273600	0.0006	0.28
9277200	0.0006	0.116
9280800	0.0006	0.04
9284400	0.0006	0.02
9288000	0.0006	0.011
9291600	0.0006	0.019
9295200	0.0007	0.026
9298800	0.0007	0.063
9302400	0.0009	0.096
9306000	0.0793	0.236
9309600	0.1293	0.493
9313200	0.1416	0.662
9316800	0.12869999999999998	0.536
9320400	0.1751	0.412
9324000	0.119	0.29
9327600	0.0805	0.221
9331200	0.08979999999999999	0.171
9334800	0.0996	0.144
9338400	0.11009999999999999	0.138
9342000	0.1124	0.152
9345600	0.1011	0.183
9349200	0.0016	0.271
9352800	0.0008	0.466
9356400	0.0006	0.533
9360000	0.0006	0.28
9363600	0.0006	0.116
9367200	0.0006	0.04
9370800	0.0006	0.02
9374400	0.0006	0.011
9378000	0.0006	0.019
9381600	0.0006	0.026
9385200	0.0007	0.063
9388800	0.0076	0.096
9392400	0.0747	0.236
9396000	0.1095	0.493
9399600	0.1235	0.662
9403200	0.12140000000000001	0.536
9406800	0.0833	0.412
9410400	0.093	0.29
9414000	0.0978	0.221
9417600	0.10579999999999999	0.171
9421200	0.1169	0.144
9424800	0.1265	0.138
9428400	0.1354	0.152
9432000	0.1356	0.183
9435600	0.0062	0.271
9439200	0.003	0.466
9442800	0.0006	0.533
9446400	0.0006	0.28
9450000	0.0006	0.116
9453600	0.0006	0.04
9457200	0.0006	0.02
9460800	0.0006	0.011
9464400	0.0006	0.019
9468000	0.0006	0.026
9471600	0.0007	0.063
9475200	0.0259	0.096
9478800	0.12490000000000001	0.236
9482400	0.18630000000000002	0.493
9486000	0.18980000000000002	0.662
9489600	0.189	0.536
9493200	0.18780000000000002	0.412
9496800	0.1845	0.29
9500400	0.1464	0.221
9504000	0.1279	0.171
9507600	0.1479	0.144
9511200	0.1664	0.138
9514800	0.167	0.152
9518400	0.15669999999999998	0.183
9522000	0.0067	0.271
9525600	0.0033	0.466
9529200	0.0028	0.533
9532800	0.0027	0.28
9536400	0.0027	0.116
9540000	0.0028	0.04
9543600	0.0028	0.02
9547200	0.0028	0.011
9550800	0.0028	0.019
9554400	0.0028	0.026
9558000	0.003	0.063
9561600	0.046	0.096
9565200	0.1394	0.236
9568800	0.2074	0.493
9572400	0.2022	0.662
9576000	0.1905	0.536
9579600	0.2692	0.412
9583200	0.1991	0.29
9586800	0.16419999999999998	0.221
9590400	0.1451	0.171
9594000	0.1343	0.144
9597600	0.1535	0.138
9601200	0.1641	0.152
9604800	0.1728	0.183
9608400	0.0014	0.271
9612000	0.0007	0.466
9615600	0.0006	0.533
9619200	0.0006	0.28
9622800	0.0006	0.116
9626400	0.0005	0.04
9630000	0.0005	0.02
9633600	0.0005	0.011
9637200	0.0005	0.019
9640800	0.0005	0.026
9644400	0.0006	0.063
9648000	0.0054	0.096
9651600	0.1185	0.236
9655200	0.1966	0.493
9658800	0.1916	0.662
9662400	0.1771	0.536
9666000	0.228	0.412
9669600	0.1718	0.29
9673200	0.1504	0.221
9676800	0.1251	0.171
9680400	0.1291	0.144
9684000	0.144	0.138
9687600	0.1579	0.152
9691200	0.1694	0.183
9694800	0.0066	0.271
9698400	0.0033	0.466
9702000	0.0028	0.533
9705600	0.0027	0.28
9709200	0.0027	0.116
9712800	0.0027	0.04
9716400	0.0027	0.02
9720000	0.0026	0.011
9723600	0.0027	0.019
9727200	0.0026	0.026
9730800	0.0027	0.063
9734400	0.0035	0.096
9738000	0.1017	0.236
9741600	0.2028	0.493
9745200	0.2	0.662
9748800	0.1861	0.536
9752400	0.25730000000000003	0.412
9756000	0.1706	0.29
9759600	0.1451	0.221
9763200	0.1215	0.171
9766800	0.14909999999999998	0.144
9770400	0.1399	0.138
9774000	0.1727	0.152
9777600	0.1702	0.183
9781200	0.0157	0.271
9784800	0.0087	0.466
9788400	0.0074	0.533
9792000	0.0070999999999999995	0.28
9795600	0.007	0.116
9799200	0.007	0.04
9802800	0.006900000000000001	0.02
9806400	0.006900000000000001	0.011
9810000	0.006900000000000001	0.019
9813600	0.0072	0.026
9817200	0.0077	0.063
9820800	0.054200000000000005	0.096
9824400	0.1115	0.236
9828000	0.1576	0.493
9831600	0.15969999999999998	0.662
9835200	0.1576	0.536
9838800	0.2134	0.412
9842400	0.1464	0.29
9846000	0.1115	0.221
9849600	0.1248	0.171
9853200	0.1318	0.144
9856800	0.1467	0.138
9860400	0.1554	0.152
9864000	0.15969999999999998	0.183
9867600	0.0014	0.271
9871200	0.0009	0.466
9874800	0.0008	0.533
9878400	0.0007	0.28
9882000	0.0006	0.116
9885600	0.0006	0.04
9889200	0.0006	0.02
9892800	0.0006	0.011
9896400	0.0006	0.019
9900000	0.0007	0.026
9903600	0.0008	0.063
9907200	0.0741	0.096
9910800	0.1057	0.236
9914400	0.13140000000000002	0.493
9918000	0.15419999999999998	0.662
9921600	0.13290000000000002	0.536
9925200	0.2038	0.412
9928800	0.1894	0.29
9932400	0.19080000000000003	0.221
9936000	0.21130000000000002	0.171
9939600	0.2248	0.144
9943200	0.2282	0.138
9946800	0.2283	0.152
9950400	0.249	0.183
9954000	0.2211	0.271
9957600	0.16340000000000002	0.466
9961200	0.1366	0.533
9964800	0.1047	0.28
9968400	0.091	0.116
9972000	0.0852	0.04
9975600	0.09490000000000001	0.02
9979200	0.104	0.011
9982800	0.1041	0.019
9986400	0.11320000000000001	0.026
9990000	0.1193	0.063
9993600	0.1479	0.096
9997200	0.1457	0.236
10000800	0.1554	0.493
10004400	0.15669999999999998	0.662
10008000	0.141	0.536
10011600	0.15869999999999998	0.412
10015200	0.1469	0.29
10018800	0.16340000000000002	0.221
10022400	0.1673	0.171
10026000	0.1474	0.144
10029600	0.1722	0.138
10033200	0.1698	0.152
10036800	0.1458	0.183
10040400	0.11220000000000001	0.271
10044000	0.0009	0.466
10047600	0.0007	0.533
10051200	0.0007	0.28
10054800	0.0006	0.116
10058400	0.0006	0.04
10062000	0.0006	0.02
10065600	0.0006	0.011
10069200	0.0006	0.019
10072800	0.0006	0.026
10076400	0.0006	0.063
10080000	0.0007	0.096
10083600	0.0707	0.236
10087200	0.0762	0.493
10090800	0.0888	0.662
10094400	0.09490000000000001	0.536
10098000	0.0713	0.412
10101600	0.0838	0.29
10105200	0.0988	0.221
10108800	0.10890000000000001	0.171
10112400	0.119	0.144
10116000	0.1285	0.138
10119600	0.136	0.152
10123200	0.1358	0.183
10126800	0.0013	0.271
10130400	0.0007	0.466
10134000	0.0006	0.533
10137600	0.0006	0.28
10141200	0.0006	0.116
10144800	0.0006	0.04
10148400	0.0006	0.02
10152000	0.0006	0.011
10155600	0.0006	0.019
10159200	0.0006	0.026
10162800	0.0006	0.063
10166400	0.0008	0.096
10170000	0.082	0.236
10173600	0.0901	0.493
10177200	0.113	0.662
10180800	0.1267	0.536
10184400	0.0835	0.412
10188000	0.07940000000000001	0.29
10191600	0.06459999999999999	0.221
10195200	0.0722	0.171
10198800	0.0804	0.144
10202400	0.0844	0.138
10206000	0.0892	0.152
10209600	0.08979999999999999	0.183
10213200	0.0013	0.271
10216800	0.0007	0.466
10220400	0.0005	0.533
10224000	0.0005	0.28
10227600	0.0005	0.116
10231200	0.0005	0.04
10234800	0.0005	0.02
10238400	0.0005	0.011
10242000	0.0005	0.019
10245600	0.0005	0.026
10249200	0.0006	0.063
10252800	0.0007	0.096
10256400	0.054	0.236
10260000	0.1039	0.493
10263600	0.1045	0.662
10267200	0.1052	0.536
10270800	0.1005	0.412
10274400	0.07429999999999999	0.29
10278000	0.0792	0.221
10281600	0.0755	0.171
10285200	0.0858	0.144
10288800	0.09609999999999999	0.138
10292400	0.1008	0.152
10296000	0.1087	0.183
10299600	0.0013	0.271
10303200	0.0007	0.466
10306800	0.0006	0.533
10310400	0.0006	0.28
10314000	0.0005	0.116
10317600	0.0005	0.04
10321200	0.0005	0.02
10324800	0.0006	0.011
10328400	0.0005	0.019
10332000	0.0006	0.026
10335600	0.0006	0.063
10339200	0.004	0.096
10342800	0.0842	0.236
10346400	0.1449	0.493
10350000	0.1446	0.662
10353600	0.1456	0.536
10357200	0.1663	0.412
10360800	0.15869999999999998	0.29
10364400	0.1175	0.221
10368000	0.1032	0.171
10371600	0.0984	0.144
10375200	0.1067	0.138
10378800	0.10729999999999999	0.152
10382400	0.1065	0.183
10386000	0.0148	0.271
10389600	0.0083	0.466
10393200	0.0072	0.533
10396800	0.007	0.28
10400400	0.006900000000000001	0.116
10404000	0.0067	0.04
10407600	0.0067	0.02
10411200	0.0066	0.011
10414800	0.0066	0.019
10418400	0.0066	0.026
10422000	0.0070999999999999995	0.063
10425600	0.009	0.096
10429200	0.0761	0.236
10432800	0.1359	0.493
10436400	0.1386	0.662
10440000	0.1373	0.536
10443600	0.1226	0.412
10447200	0.0988	0.29
10450800	0.0994	0.221
10454400	0.1077	0.171
10458000	0.1182	0.144
10461600	0.1129	0.138
10465200	0.1211	0.152
10468800	0.1237	0.183
10472400	0.009699999999999999	0.271
10476000	0.0055	0.466
10479600	0.0046	0.533
10483200	0.0044	0.28
10486800	0.0043	0.116
10490400	0.004200000000000001	0.04
10494000	0.0040999999999999995	0.02
10497600	0.0040999999999999995	0.011
10501200	0.004200000000000001	0.019
10504800	0.0044	0.026
10508400	0.0048	0.063
10512000	0.0060999999999999995	0.096
10515600	0.055	0.236
10519200	0.1159	0.493
10522800	0.12090000000000001	0.662
10526400	0.12940000000000002	0.536
10530000	0.0998	0.412
10533600	0.0685	0.29
10537200	0.0768	0.221
10540800	0.0823	0.171
10544400	0.091	0.144
10548000	0.094	0.138
10551600	0.0985	0.152
10555200	0.1003	0.183
10558800	0.0095	0.271
10562400	0.0052	0.466
10566000	0.0045	0.533
10569600	0.0045	0.28
10573200	0.0043	0.116
10576800	0.0044	0.04
10580400	0.0044	0.02
10584000	0.0045	0.011
10587600	0.0045	0.019
10591200	0.0047	0.026
10594800	0.0053	0.063
10598400	0.0067	0.096
10602000	0.0521	0.236
10605600	0.1252	0.493
10609200	0.1274	0.662
10612800	0.1279	0.536
10616400	0.1566	0.412
10620000	0.0856	0.29
10623600	0.0689	0.221
10627200	0.0773	0.171
10630800	0.0815	0.144
10634400	0.0879	0.138
10638000	0.09240000000000001	0.152
10641600	0.0855	0.183
10645200	0.0012	0.271
10648800	0.0007	0.466
10652400	0.0006	0.533
10656000	0.0006	0.28
10659600	0.0006	0.116
10663200	0.0006	0.04
10666800	0.0006	0.02
10670400	0.0005	0.011
10674000	0.0005	0.019
10677600	0.0006	0.026
10681200	0.0006	0.063
10684800	0.0007	0.096
10688400	0.0431	0.236
10692000	0.1186	0.493
10695600	0.1225	0.662
10699200	0.1189	0.536
10702800	0.092	0.412
10706400	0.0655	0.29
10710000	0.0747	0.221
10713600	0.0755	0.171
10717200	0.08009999999999999	0.144
10720800	0.0852	0.138
10724400	0.0884	0.152
10728000	0.09029999999999999	0.183
10731600	0.0011	0.271
10735200	0.0006	0.466
10738800	0.0006	0.533
10742400	0.0005	0.28
10746000	0.0005	0.116
10749600	0.0005	0.04
10753200	0.0005	0.02
10756800	0.0005	0.011
10760400	0.0005	0.019
10764000	0.0005	0.026
10767600	0.0005	0.063
10771200	0.0006	0.096
10774800	0.0579	0.236
10778400	0.1134	0.493
10782000	0.10940000000000001	0.662
10785600	0.10840000000000001	0.536
10789200	0.06570000000000001	0.412
10792800	0.0696	0.29
10796400	0.083	0.221
10800000	0.0978	0.171
10803600	0.1115	0.144
10807200	0.1169	0.138
10810800	0.12279999999999999	0.152
10814400	0.12840000000000001	0.183
10818000	0.001	0.271
10821600	0.0006	0.466
10825200	0.0006	0.533
10828800	0.0006	0.28
10832400	0.0005	0.116
10836000	0.0005	0.04
10839600	0.0006	0.02
10843200	0.0006	0.011
10846800	0.0005	0.019
10850400	0.0006	0.026
10854000	0.0006	0.063
10857600	0.0006	0.096
10861200	0.0485	0.236
10864800	0.061200000000000004	0.493
10868400	0.061799999999999994	0.662
10872000	0.063	0.536
10875600	0.0507	0.412
10879200	0.055600000000000004	0.29
10882800	0.0649	0.221
10886400	0.07690000000000001	0.171
10890000	0.0819	0.144
10893600	0.09129999999999999	0.138
10897200	0.0994	0.152
10900800	0.1056	0.183
10904400	0.0011	0.271
10908000	0.0006	0.466
10911600	0.0006	0.533
10915200	0.0005	0.28
10918800	0.0005	0.116
10922400	0.0005	0.04
10926000	0.0006	0.02
10929600	0.0005	0.011
10933200	0.0006	0.019
10936800	0.0005	0.026
10940400	0.0005	0.063
10944000	0.0006	0.096
10947600	0.060200000000000004	0.236
10951200	0.1288	0.493
10954800	0.1256	0.662
10958400	0.13319999999999999	0.536
10962000	0.0833	0.412
10965600	0.0873	0.29
10969200	0.0825	0.221
10972800	0.0773	0.171
10976400	0.0884	0.144
10980000	0.097	0.138
10983600	0.1037	0.152
10987200	0.1046	0.183
10990800	0.004200000000000001	0.271
10994400	0.0023	0.466
10998000	0.0021000000000000003	0.533
11001600	0.0021000000000000003	0.28
11005200	0.002	0.116
11008800	0.0021000000000000003	0.04
11012400	0.0021000000000000003	0.02
11016000	0.0021000000000000003	0.011
11019600	0.0021000000000000003	0.019
11023200	0.0021000000000000003	0.026
11026800	0.0021000000000000003	0.063
11030400	0.0026	0.096
11034000	0.07690000000000001	0.236
11037600	0.19519999999999998	0.493
11041200	0.1973	0.662
11044800	0.199	0.536
11048400	0.2549	0.412
11052000	0.21359999999999998	0.29
11055600	0.1424	0.221
11059200	0.1226	0.171
11062800	0.1354	0.144
11066400	0.1443	0.138
11070000	0.14809999999999998	0.152
11073600	0.15	0.183
11077200	0.001	0.271
11080800	0.0006	0.466
11084400	0.0006	0.533
11088000	0.0005	0.28
11091600	0.0005	0.116
11095200	0.0005	0.04
11098800	0.0005	0.02
11102400	0.0005	0.011
11106000	0.0005	0.019
11109600	0.0005	0.026
11113200	0.0005	0.063
11116800	0.0036	0.096
11120400	0.1399	0.236
11124000	0.2315	0.493
11127600	0.22590000000000002	0.662
11131200	0.22340000000000002	0.536
11134800	0.2245	0.412
11138400	0.24680000000000002	0.29
11142000	0.1913	0.221
11145600	0.15969999999999998	0.171
11149200	0.1625	0.144
11152800	0.1679	0.138
11156400	0.15419999999999998	0.152
11160000	0.15730000000000002	0.183
11163600	0.0083	0.271
11167200	0.005	0.466
11170800	0.0046	0.533
11174400	0.0045	0.28
11178000	0.0045	0.116
11181600	0.0043	0.04
11185200	0.004200000000000001	0.02
11188800	0.0040999999999999995	0.011
11192400	0.0040999999999999995	0.019
11196000	0.0040999999999999995	0.026
11199600	0.0040999999999999995	0.063
11203200	0.005900000000000001	0.096
11206800	0.11009999999999999	0.236
11210400	0.21209999999999998	0.493
11214000	0.18080000000000002	0.662
11217600	0.1711	0.536
11221200	0.1489	0.412
11224800	0.1585	0.29
11228400	0.1368	0.221
11232000	0.15419999999999998	0.171
11235600	0.14780000000000001	0.144
11239200	0.15880000000000002	0.138
11242800	0.16440000000000002	0.152
11246400	0.1653	0.183
11250000	0.0009	0.271
11253600	0.0005	0.466
11257200	0.0005	0.533
11260800	0.0005	0.28
11264400	0.0005	0.116
11268000	0.0005	0.04
11271600	0.0005	0.02
11275200	0.0005	0.011
11278800	0.0005	0.019
11282400	0.0005	0.026
11286000	0.0005	0.063
11289600	0.0006	0.096
11293200	0.1178	0.236
11296800	0.16540000000000002	0.493
11300400	0.1727	0.662
11304000	0.1778	0.536
11307600	0.1474	0.412
11311200	0.14759999999999998	0.29
11314800	0.1653	0.221
11318400	0.18830000000000002	0.171
11322000	0.2003	0.144
11325600	0.2112	0.138
11329200	0.21309999999999998	0.152
11332800	0.18830000000000002	0.183
11336400	0.0009	0.271
11340000	0.0005	0.466
11343600	0.0005	0.533
11347200	0.0005	0.28
11350800	0.0005	0.116
11354400	0.0005	0.04
11358000	0.0005	0.02
11361600	0.0005	0.011
11365200	0.0005	0.019
11368800	0.0005	0.026
11372400	0.0005	0.063
11376000	0.0006	0.096
11379600	0.127	0.236
11383200	0.178	0.493
11386800	0.18	0.662
11390400	0.18059999999999998	0.536
11394000	0.1719	0.412
11397600	0.1555	0.29
11401200	0.15940000000000001	0.221
11404800	0.136	0.171
11408400	0.13040000000000002	0.144
11412000	0.1431	0.138
11415600	0.15469999999999998	0.152
11419200	0.15830000000000002	0.183
11422800	0.001	0.271
11426400	0.0006	0.466
11430000	0.0005	0.533
11433600	0.0005	0.28
11437200	0.0005	0.116
11440800	0.0005	0.04
11444400	0.0005	0.02
11448000	0.0005	0.011
11451600	0.0005	0.019
11455200	0.0005	0.026
11458800	0.0005	0.063
11462400	0.0006	0.096
11466000	0.0699	0.236
11469600	0.183	0.493
11473200	0.1732	0.662
11476800	0.18569999999999998	0.536
11480400	0.1722	0.412
11484000	0.1713	0.29
11487600	0.1437	0.221
11491200	0.1118	0.171
11494800	0.1256	0.144
11498400	0.132	0.138
11502000	0.13169999999999998	0.152
11505600	0.1681	0.183
11509200	0.001	0.271
11512800	0.0006	0.466
11516400	0.0006	0.533
11520000	0.0006	0.28
11523600	0.0005	0.116
11527200	0.0005	0.04
11530800	0.0005	0.02
11534400	0.0005	0.011
11538000	0.0005	0.019
11541600	0.0006	0.026
11545200	0.0006	0.063
11548800	0.0007	0.096
11552400	0.1196	0.236
11556000	0.1958	0.493
11559600	0.1933	0.662
11563200	0.1938	0.536
11566800	0.17959999999999998	0.412
11570400	0.2023	0.29
11574000	0.1561	0.221
11577600	0.1279	0.171
11581200	0.1313	0.144
11584800	0.1435	0.138
11588400	0.1495	0.152
11592000	0.1479	0.183
11595600	0.005	0.271
11599200	0.0031	0.466
11602800	0.0027	0.533
11606400	0.0026	0.28
11610000	0.0026	0.116
11613600	0.0026	0.04
11617200	0.0026	0.02
11620800	0.0026	0.011
11624400	0.0025	0.019
11628000	0.0026	0.026
11631600	0.0026	0.063
11635200	0.0029	0.096
11638800	0.1062	0.236
11642400	0.2377	0.493
11646000	0.2171	0.662
11649600	0.2033	0.536
11653200	0.2555	0.412
11656800	0.2109	0.29
11660400	0.19080000000000003	0.221
11664000	0.1428	0.171
11667600	0.15280000000000002	0.144
11671200	0.16090000000000002	0.138
11674800	0.1636	0.152
11678400	0.1749	0.183
11682000	0.0009	0.271
11685600	0.0006	0.466
11689200	0.0005	0.533
11692800	0.0005	0.28
11696400	0.0005	0.116
11700000	0.0005	0.04
11703600	0.0005	0.02
11707200	0.0005	0.011
11710800	0.0005	0.019
11714400	0.0005	0.026
11718000	0.0005	0.063
11721600	0.0006	0.096
11725200	0.115	0.236
11728800	0.2189	0.493
11732400	0.1995	0.662
11736000	0.19440000000000002	0.536
11739600	0.21259999999999998	0.412
11743200	0.18780000000000002	0.29
11746800	0.18419999999999997	0.221
11750400	0.1489	0.171
11754000	0.1554	0.144
11757600	0.1698	0.138
11761200	0.1832	0.152
11764800	0.16419999999999998	0.183
11768400	0.0048	0.271
11772000	0.0031	0.466
11775600	0.0028	0.533
11779200	0.0028	0.28
11782800	0.0027	0.116
11786400	0.0026	0.04
11790000	0.0026	0.02
11793600	0.0026	0.011
11797200	0.0026	0.019
11800800	0.0026	0.026
11804400	0.0027	0.063
11808000	0.0052	0.096
11811600	0.1333	0.236
11815200	0.207	0.493
11818800	0.2022	0.662
11822400	0.1985	0.536
11826000	0.1731	0.412
11829600	0.1754	0.29
11833200	0.19390000000000002	0.221
11836800	0.2039	0.171
11840400	0.2065	0.144
11844000	0.2293	0.138
11847600	0.211	0.152
11851200	0.1666	0.183
11854800	0.0050999999999999995	0.271
11858400	0.0031	0.466
11862000	0.0028	0.533
11865600	0.0027	0.28
11869200	0.0026	0.116
11872800	0.0025	0.04
11876400	0.0025	0.02
11880000	0.0025	0.011
11883600	0.0025	0.019
11887200	0.0025	0.026
11890800	0.0026	0.063
11894400	0.0035	0.096
11898000	0.10840000000000001	0.236
11901600	0.2286	0.493
11905200	0.1943	0.662
11908800	0.2028	0.536
11912400	0.1698	0.412
11916000	0.1603	0.29
11919600	0.1846	0.221
11923200	0.19340000000000002	0.171
11926800	0.18769999999999998	0.144
11930400	0.1856	0.138
11934000	0.169	0.152
11937600	0.15309999999999999	0.183
11941200	0.0009	0.271
11944800	0.0006	0.466
11948400	0.0005	0.533
11952000	0.0005	0.28
11955600	0.0005	0.116
11959200	0.0005	0.04
11962800	0.0005	0.02
11966400	0.0005	0.011
11970000	0.0005	0.019
11973600	0.0005	0.026
11977200	0.0005	0.063
11980800	0.0006	0.096
11984400	0.0932	0.236
11988000	0.1411	0.493
11991600	0.1484	0.662
11995200	0.1489	0.536
11998800	0.1157	0.412
12002400	0.12029999999999999	0.29
12006000	0.1251	0.221
12009600	0.1272	0.171
12013200	0.1439	0.144
12016800	0.15940000000000001	0.138
12020400	0.1727	0.152
12024000	0.1861	0.183
12027600	0.0009	0.271
12031200	0.0006	0.466
12034800	0.0006	0.533
12038400	0.0005	0.28
12042000	0.0005	0.116
12045600	0.0005	0.04
12049200	0.0005	0.02
12052800	0.0005	0.011
12056400	0.0005	0.019
12060000	0.0005	0.026
12063600	0.0005	0.063
12067200	0.0006	0.096
12070800	0.0697	0.236
12074400	0.1758	0.493
12078000	0.1762	0.662
12081600	0.1757	0.536
12085200	0.1856	0.412
12088800	0.19690000000000002	0.29
12092400	0.1915	0.221
12096000	0.1666	0.171
12099600	0.19090000000000001	0.144
12103200	0.2295	0.138
12106800	0.18230000000000002	0.152
12110400	0.1762	0.183
12114000	0.001	0.271
12117600	0.0006	0.466
12121200	0.0005	0.533
12124800	0.0005	0.28
12128400	0.0005	0.116
12132000	0.0005	0.04
12135600	0.0005	0.02
12139200	0.0005	0.011
12142800	0.0005	0.019
12146400	0.0005	0.026
12150000	0.0006	0.063
12153600	0.0006	0.096
12157200	0.106	0.236
12160800	0.2538	0.493
12164400	0.2186	0.662
12168000	0.2022	0.536
12171600	0.2829	0.412
12175200	0.2005	0.29
12178800	0.1718	0.221
12182400	0.1694	0.171
12186000	0.15869999999999998	0.144
12189600	0.17859999999999998	0.138
12193200	0.17909999999999998	0.152
12196800	0.1613	0.183
12200400	0.0079	0.271
12204000	0.0052	0.466
12207600	0.0046	0.533
12211200	0.0045	0.28
12214800	0.0045	0.116
12218400	0.0044	0.04
12222000	0.0045	0.02
12225600	0.0044	0.011
12229200	0.0044	0.019
12232800	0.0044	0.026
12236400	0.0047	0.063
12240000	0.0425	0.096
12243600	0.1187	0.236
12247200	0.2246	0.493
12250800	0.2081	0.662
12254400	0.18569999999999998	0.536
12258000	0.2266	0.412
12261600	0.1923	0.29
12265200	0.18059999999999998	0.221
12268800	0.1422	0.171
12272400	0.13369999999999999	0.144
12276000	0.14809999999999998	0.138
12279600	0.15380000000000002	0.152
12283200	0.1428	0.183
12286800	0.0043	0.271
12290400	0.0028	0.466
12294000	0.0026	0.533
12297600	0.0026	0.28
12301200	0.0026	0.116
12304800	0.0026	0.04
12308400	0.0026	0.02
12312000	0.0026	0.011
12315600	0.0026	0.019
12319200	0.0026	0.026
12322800	0.0027	0.063
12326400	0.003	0.096
12330000	0.131	0.236
12333600	0.2161	0.493
12337200	0.21830000000000002	0.662
12340800	0.2081	0.536
12344400	0.18430000000000002	0.412
12348000	0.1732	0.29
12351600	0.1524	0.221
12355200	0.122	0.171
12358800	0.1192	0.144
12362400	0.1315	0.138
12366000	0.1434	0.152
12369600	0.1433	0.183
12373200	0.0044	0.271
12376800	0.0028	0.466
12380400	0.0026	0.533
12384000	0.0025	0.28
12387600	0.0025	0.116
12391200	0.0024	0.04
12394800	0.0024	0.02
12398400	0.0024	0.011
12402000	0.0025	0.019
12405600	0.0025	0.026
12409200	0.0025	0.063
12412800	0.0028	0.096
12416400	0.0665	0.236
12420000	0.18280000000000002	0.493
12423600	0.1787	0.662
12427200	0.17909999999999998	0.536
12430800	0.1549	0.412
12434400	0.1371	0.29
12438000	0.1423	0.221
12441600	0.1143	0.171
12445200	0.1288	0.144
12448800	0.1395	0.138
12452400	0.144	0.152
12456000	0.14930000000000002	0.183
12459600	0.0070999999999999995	0.271
12463200	0.0047	0.466
12466800	0.0045	0.533
12470400	0.0045	0.28
12474000	0.0044	0.116
12477600	0.0044	0.04
12481200	0.0043	0.02
12484800	0.0040999999999999995	0.011
12488400	0.0040999999999999995	0.019
12492000	0.0040999999999999995	0.026
12495600	0.004200000000000001	0.063
12499200	0.0047	0.096
12502800	0.0587	0.236
12506400	0.1891	0.493
12510000	0.194	0.662
12513600	0.19140000000000001	0.536
12517200	0.2124	0.412
12520800	0.19	0.29
12524400	0.14880000000000002	0.221
12528000	0.1166	0.171
12531600	0.1296	0.144
12535200	0.1427	0.138
12538800	0.15309999999999999	0.152
12542400	0.131	0.183
12546000	0.0072	0.271
12549600	0.0047	0.466
12553200	0.0046	0.533
12556800	0.0046	0.28
12560400	0.0045	0.116
12564000	0.0047	0.04
12567600	0.0048	0.02
12571200	0.0048	0.011
12574800	0.0050999999999999995	0.019
12578400	0.005	0.026
12582000	0.0055	0.063
12585600	0.0062	0.096
12589200	0.06	0.236
12592800	0.0792	0.493
12596400	0.088	0.662
12600000	0.099	0.536
12603600	0.0599	0.412
12607200	0.0594	0.29
12610800	0.069	0.221
12614400	0.08059999999999999	0.171
12618000	0.09129999999999999	0.144
12621600	0.1004	0.138
12625200	0.1022	0.152
12628800	0.0648	0.183
12632400	0.0011	0.271
12636000	0.0007	0.466
12639600	0.0006	0.533
12643200	0.0006	0.28
12646800	0.0006	0.116
12650400	0.0005	0.04
12654000	0.0005	0.02
12657600	0.0006	0.011
12661200	0.0006	0.019
12664800	0.0006	0.026
12668400	0.0006	0.063
12672000	0.0007	0.096
12675600	0.0072	0.236
12679200	0.0525	0.493
12682800	0.0517	0.662
12686400	0.0496	0.536
12690000	0.030199999999999998	0.412
12693600	0.0339	0.29
12697200	0.0339	0.221
12700800	0.0013	0.171
12704400	0.0015	0.144
12708000	0.0017	0.138
12711600	0.0018	0.152
12715200	0.002	0.183
12718800	0.0009	0.271
12722400	0.0007	0.466
12726000	0.0007	0.533
12729600	0.0007	0.28
12733200	0.0006	0.116
12736800	0.0006	0.04
12740400	0.0006	0.02
12744000	0.0006	0.011
12747600	0.0006	0.019
12751200	0.0006	0.026
12754800	0.0006	0.063
12758400	0.0006	0.096
12762000	0.001	0.236
12765600	0.037	0.493
12769200	0.053399999999999996	0.662
12772800	0.0728	0.536
12776400	0.0399	0.412
12780000	0.0253	0.29
12783600	0.0292	0.221
12787200	0.023100000000000002	0.171
12790800	0.023100000000000002	0.144
12794400	0.023600000000000003	0.138
12798000	0.0235	0.152
12801600	0.0078	0.183
12805200	0.0035	0.271
12808800	0.0024	0.466
12812400	0.0022	0.533
12816000	0.0005	0.28
12819600	0.0005	0.116
12823200	0.0005	0.04
12826800	0.0005	0.02
12830400	0.0005	0.011
12834000	0.0005	0.019
12837600	0.0005	0.026
12841200	0.0005	0.063
12844800	0.0006	0.096
12848400	0.004	0.236
12852000	0.126	0.493
12855600	0.142	0.662
12859200	0.13240000000000002	0.536
12862800	0.1125	0.412
12866400	0.09340000000000001	0.29
12870000	0.1004	0.221
12873600	0.0569	0.171
12877200	0.044	0.144
12880800	0.0184	0.138
12884400	0.0193	0.152
12888000	0.002	0.183
12891600	0.0008	0.271
12895200	0.0006	0.466
12898800	0.0005	0.533
12902400	0.0005	0.28
12906000	0.0005	0.116
12909600	0.0005	0.04
12913200	0.0005	0.02
12916800	0.0005	0.011
12920400	0.0005	0.019
12924000	0.0005	0.026
12927600	0.0005	0.063
12931200	0.0006	0.096
12934800	0.0444	0.236
12938400	0.185	0.493
12942000	0.1746	0.662
12945600	0.1608	0.536
12949200	0.161	0.412
12952800	0.14780000000000001	0.29
12956400	0.13240000000000002	0.221
12960000	0.0713	0.171
12963600	0.0496	0.144
12967200	0.0357	0.138
12970800	0.033299999999999996	0.152
12974400	0.0021000000000000003	0.183
12978000	0.0008	0.271
12981600	0.0006	0.466
12985200	0.0005	0.533
12988800	0.0005	0.28
12992400	0.0005	0.116
12996000	0.0005	0.04
12999600	0.0005	0.02
13003200	0.0005	0.011
13006800	0.0005	0.019
13010400	0.0005	0.026
13014000	0.0005	0.063
13017600	0.0006	0.096
13021200	0.053899999999999997	0.236
13024800	0.2176	0.493
13028400	0.2042	0.662
13032000	0.19169999999999998	0.536
13035600	0.203	0.412
13039200	0.1695	0.29
13042800	0.1566	0.221
13046400	0.0974	0.086
13050000	0.09709999999999999	0.059
13053600	0.109	0.038
13057200	0.1029	0.025
13060800	0.0292	0.016
13064400	0.0070999999999999995	0.022
13068000	0.0046	0.036
13071600	0.004200000000000001	0.021
13075200	0.004200000000000001	0.011
13078800	0.004200000000000001	0.019
13082400	0.004200000000000001	0.031
13086000	0.004200000000000001	0.061
13089600	0.004200000000000001	0.092
13093200	0.004200000000000001	0.124
13096800	0.004200000000000001	0.167
13100400	0.004200000000000001	0.215
13104000	0.0077	0.356
13107600	0.127	0.489
13111200	0.24330000000000002	0.71
13114800	0.2319	0.788
13118400	0.2206	0.559
13122000	0.2001	0.333
13125600	0.19469999999999998	0.215
13129200	0.1834	0.149
13132800	0.1699	0.086
13136400	0.18730000000000002	0.059
13140000	0.1987	0.038
13143600	0.21780000000000002	0.025
13147200	0.1963	0.016
13150800	0.0965	0.022
13154400	0.0725	0.036
13158000	0.0665	0.021
13161600	0.06609999999999999	0.011
13165200	0.0637	0.019
13168800	0.0628	0.031
13172400	0.062200000000000005	0.061
13176000	0.0629	0.092
13179600	0.0639	0.124
13183200	0.06420000000000001	0.167
13186800	0.06570000000000001	0.215
13190400	0.0709	0.356
13194000	0.1352	0.489
13197600	0.225	0.71
13201200	0.22019999999999998	0.788
13204800	0.21030000000000001	0.559
13208400	0.1698	0.333
13212000	0.1807	0.215
13215600	0.1915	0.149
13219200	0.203	0.086
13222800	0.236	0.059
13226400	0.2289	0.038
13230000	0.2504	0.025
13233600	0.1705	0.016
13237200	0.0040999999999999995	0.022
13240800	0.0029	0.036
13244400	0.0027	0.021
13248000	0.0026	0.011
13251600	0.0026	0.019
13255200	0.0025	0.031
13258800	0.0025	0.061
13262400	0.0025	0.092
13266000	0.0026	0.124
13269600	0.0026	0.167
13273200	0.0027	0.215
13276800	0.0031	0.356
13280400	0.10959999999999999	0.489
13284000	0.16340000000000002	0.71
13287600	0.1626	0.788
13291200	0.1512	0.559
13294800	0.10740000000000001	0.333
13298400	0.1199	0.215
13302000	0.1266	0.149
13305600	0.1266	0.086
13309200	0.143	0.059
13312800	0.16090000000000002	0.038
13316400	0.1752	0.025
13320000	0.12240000000000001	0.016
13323600	0.0579	0.022
13327200	0.0409	0.036
13330800	0.0375	0.021
13334400	0.0373	0.011
13338000	0.038	0.019
13341600	0.038	0.031
13345200	0.0371	0.061
13348800	0.0378	0.092
13352400	0.037399999999999996	0.124
13356000	0.037899999999999996	0.167
13359600	0.0381	0.215
13363200	0.0435	0.356
13366800	0.0684	0.489
13370400	0.2029	0.71
13374000	0.1885	0.788
13377600	0.1749	0.559
13381200	0.197	0.333
13384800	0.175	0.215
13388400	0.17	0.149
13392000	0.1187	0.086
13395600	0.1343	0.059
13399200	0.14730000000000001	0.038
13402800	0.15719999999999998	0.025
13406400	0.1288	0.016
13410000	0.0474	0.022
13413600	0.032100000000000004	0.036
13417200	0.0304	0.021
13420800	0.0308	0.011
13424400	0.030600000000000002	0.019
13428000	0.0305	0.031
13431600	0.0316	0.061
13435200	0.032299999999999995	0.092
13438800	0.0354	0.124
13442400	0.0341	0.167
13446000	0.0368	0.215
13449600	0.036899999999999995	0.356
13453200	0.0851	0.489
13456800	0.1696	0.71
13460400	0.18180000000000002	0.788
13464000	0.1606	0.559
13467600	0.1414	0.333
13471200	0.1492	0.215
13474800	0.1279	0.149
13478400	0.1103	0.086
13482000	0.112	0.059
13485600	0.1153	0.038
13489200	0.1227	0.025
13492800	0.1268	0.016
13496400	0.0008	0.022
13500000	0.0006	0.036
13503600	0.0006	0.021
13507200	0.0005	0.011
13510800	0.0005	0.019
13514400	0.0005	0.031
13518000	0.0005	0.061
13521600	0.0005	0.092
13525200	0.0005	0.124
13528800	0.0005	0.167
13532400	0.0005	0.215
13536000	0.0006	0.356
13539600	0.0719	0.489
13543200	0.1367	0.71
13546800	0.1465	0.788
13550400	0.1455	0.559
13554000	0.12329999999999999	0.333
13557600	0.1025	0.215
13561200	0.1138	0.149
13564800	0.10890000000000001	0.086
13568400	0.121	0.059
13572000	0.1276	0.038
13575600	0.1356	0.025
13579200	0.1388	0.016
13582800	0.0032	0.022
13586400	0.0021000000000000003	0.036
13590000	0.0005	0.021
13593600	0.0005	0.011
13597200	0.0005	0.019
13600800	0.0005	0.031
13604400	0.0005	0.061
13608000	0.0005	0.092
13611600	0.0005	0.124
13615200	0.0005	0.167
13618800	0.0005	0.215
13622400	0.0006	0.356
13626000	0.0658	0.489
13629600	0.19619999999999999	0.71
13633200	0.2029	0.788
13636800	0.2024	0.559
13640400	0.1685	0.333
13644000	0.16469999999999999	0.215
13647600	0.16340000000000002	0.149
13651200	0.1357	0.086
13654800	0.1321	0.059
13658400	0.1428	0.038
13662000	0.15319999999999998	0.025
13665600	0.1589	0.016
13669200	0.0464	0.022
13672800	0.032600000000000004	0.036
13676400	0.0296	0.021
13680000	0.027100000000000003	0.011
13683600	0.027	0.019
13687200	0.0268	0.031
13690800	0.0268	0.061
13694400	0.026	0.092
13698000	0.0259	0.124
13701600	0.026	0.167
13705200	0.0261	0.215
13708800	0.0287	0.356
13712400	0.0917	0.489
13716000	0.1974	0.71
13719600	0.1975	0.788
13723200	0.18719999999999998	0.559
13726800	0.1662	0.333
13730400	0.1551	0.215
13734000	0.1461	0.149
13737600	0.1381	0.086
13741200	0.1271	0.059
13744800	0.141	0.038
13748400	0.14980000000000002	0.025
13752000	0.1341	0.016
13755600	0.0074	0.022
13759200	0.005	0.036
13762800	0.0026	0.021
13766400	0.0025	0.011
13770000	0.0025	0.019
13773600	0.0024	0.031
13777200	0.0024	0.061
13780800	0.0024	0.092
13784400	0.0024	0.124
13788000	0.0024	0.167
13791600	0.0024	0.215
13795200	0.0027	0.356
13798800	0.0682	0.489
13802400	0.155	0.71
13806000	0.1608	0.788
13809600	0.1453	0.559
13813200	0.13069999999999998	0.333
13816800	0.1445	0.215
13820400	0.1675	0.149
13824000	0.1754	0.086
13827600	0.1296	0.059
13831200	0.134	0.038
13834800	0.1454	0.025
13838400	0.0707	0.016
13842000	0.0008	0.022
13845600	0.0006	0.036
13849200	0.0006	0.021
13852800	0.0006	0.011
13856400	0.0006	0.019
13860000	0.0005	0.031
13863600	0.0005	0.061
13867200	0.0005	0.092
13870800	0.0005	0.124
13874400	0.0005	0.167
13878000	0.0005	0.215
13881600	0.0005	0.356
13885200	0.0091	0.489
13888800	0.0765	0.71
13892400	0.0856	0.788
13896000	0.086	0.559
13899600	0.0785	0.333
13903200	0.0843	0.215
13906800	0.087	0.149
13910400	0.0975	0.086
13914000	0.1118	0.059
13917600	0.12229999999999999	0.038
13921200	0.1259	0.025
13924800	0.0943	0.016
13928400	0.0008	0.022
13932000	0.0006	0.036
13935600	0.0006	0.021
13939200	0.0005	0.011
13942800	0.0005	0.019
13946400	0.0005	0.031
13950000	0.0005	0.061
13953600	0.0005	0.092
13957200	0.0005	0.124
13960800	0.0005	0.167
13964400	0.0005	0.215
13968000	0.0006	0.356
13971600	0.0685	0.489
13975200	0.1387	0.71
13978800	0.16190000000000002	0.788
13982400	0.1626	0.559
13986000	0.1425	0.333
13989600	0.1368	0.215
13993200	0.1437	0.149
13996800	0.1411	0.086
14000400	0.1411	0.059
14004000	0.15030000000000002	0.038
14007600	0.1621	0.025
14011200	0.1673	0.016
14014800	0.0376	0.022
14018400	0.0263	0.036
14022000	0.024399999999999998	0.021
14025600	0.0237	0.011
14029200	0.0237	0.019
14032800	0.023600000000000003	0.031
14036400	0.0235	0.061
14040000	0.023600000000000003	0.092
14043600	0.023600000000000003	0.124
14047200	0.0238	0.167
14050800	0.0238	0.215
14054400	0.027899999999999998	0.356
14058000	0.1082	0.489
14061600	0.25739999999999996	0.71
14065200	0.2592	0.788
14068800	0.2319	0.559
14072400	0.21280000000000002	0.333
14076000	0.2092	0.215
14079600	0.19140000000000001	0.149
14083200	0.1814	0.086
14086800	0.1743	0.059
14090400	0.1891	0.038
14094000	0.1961	0.025
14097600	0.1565	0.016
14101200	0.018699999999999998	0.022
14104800	0.0135	0.036
14108400	0.0105	0.021
14112000	0.0104	0.011
14115600	0.010199999999999999	0.019
14119200	0.0103	0.031
14122800	0.0103	0.061
14126400	0.01	0.092
14130000	0.0101	0.124
14133600	0.0101	0.167
14137200	0.0106	0.215
14140800	0.013800000000000002	0.356
14144400	0.10790000000000001	0.489
14148000	0.219	0.71
14151600	0.22769999999999999	0.788
14155200	0.2086	0.559
14158800	0.1928	0.333
14162400	0.1865	0.215
14166000	0.17980000000000002	0.149
14169600	0.1502	0.086
14173200	0.12040000000000001	0.059
14176800	0.1303	0.038
14180400	0.1402	0.025
14184000	0.1366	0.016
14187600	0.0063	0.022
14191200	0.0047	0.036
14194800	0.0044	0.021
14198400	0.0044	0.011
14202000	0.0043	0.019
14205600	0.0040999999999999995	0.031
14209200	0.0040999999999999995	0.061
14212800	0.004	0.092
14216400	0.004	0.124
14220000	0.0039	0.167
14223600	0.0039	0.215
14227200	0.0043	0.356
14230800	0.0616	0.489
14234400	0.19319999999999998	0.71
14238000	0.19290000000000002	0.788
14241600	0.18680000000000002	0.559
14245200	0.1736	0.333
14248800	0.1802	0.215
14252400	0.1802	0.149
14256000	0.1413	0.086
14259600	0.1585	0.059
14263200	0.1751	0.038
14266800	0.18380000000000002	0.025
14270400	0.1766	0.016
14274000	0.065	0.022
14277600	0.0475	0.036
14281200	0.0429	0.021
14284800	0.0419	0.011
14288400	0.0414	0.019
14292000	0.041299999999999996	0.031
14295600	0.0412	0.061
14299200	0.0412	0.092
14302800	0.041	0.124
14306400	0.0412	0.167
14310000	0.0426	0.215
14313600	0.0476	0.356
14317200	0.1167	0.489
14320800	0.2356	0.71
14324400	0.21680000000000002	0.788
14328000	0.2043	0.559
14331600	0.1943	0.333
14335200	0.18580000000000002	0.215
14338800	0.1628	0.149
14342400	0.1686	0.086
14346000	0.1855	0.059
14349600	0.2039	0.038
14353200	0.2169	0.025
14356800	0.1968	0.016
14360400	0.0831	0.022
14364000	0.0591	0.036
14367600	0.0554	0.021
14371200	0.054799999999999995	0.011
14374800	0.0541	0.019
14378400	0.0535	0.031
14382000	0.0535	0.061
14385600	0.0536	0.092
14389200	0.0541	0.124
14392800	0.0549	0.167
14396400	0.056600000000000004	0.215
14400000	0.0624	0.356
14403600	0.1291	0.489
14407200	0.22190000000000001	0.71
14410800	0.225	0.788
14414400	0.2149	0.559
14418000	0.18819999999999998	0.333
14421600	0.19419999999999998	0.215
14425200	0.1943	0.149
14428800	0.2058	0.086
14432400	0.2263	0.059
14436000	0.2344	0.038
14439600	0.2442	0.025
14443200	0.1653	0.016
14446800	0.0522	0.022
14450400	0.0346	0.036
14454000	0.0304	0.021
14457600	0.029	0.011
14461200	0.0289	0.019
14464800	0.029	0.031
14468400	0.0292	0.061
14472000	0.0292	0.092
14475600	0.0293	0.124
14479200	0.0297	0.167
14482800	0.031100000000000003	0.215
14486400	0.0358	0.356
14490000	0.1358	0.489
14493600	0.2355	0.71
14497200	0.252	0.788
14500800	0.2424	0.559
14504400	0.2226	0.333
14508000	0.2341	0.215
14511600	0.24159999999999998	0.149
14515200	0.2344	0.086
14518800	0.2459	0.059
14522400	0.2775	0.038
14526000	0.30710000000000004	0.025
14529600	0.2347	0.016
14533200	0.0009	0.022
14536800	0.0006	0.036
14540400	0.0006	0.021
14544000	0.0005	0.011
14547600	0.0005	0.019
14551200	0.0005	0.031
14554800	0.0005	0.061
14558400	0.0005	0.092
14562000	0.0005	0.124
14565600	0.0005	0.167
14569200	0.0022	0.215
14572800	0.0056	0.356
14576400	0.1256	0.489
14580000	0.2329	0.71
14583600	0.22190000000000001	0.788
14587200	0.1943	0.559
14590800	0.1555	0.333
14594400	0.1726	0.215
14598000	0.1846	0.149
14601600	0.18030000000000002	0.086
14605200	0.1387	0.059
14608800	0.137	0.038
14612400	0.13390000000000002	0.025
14616000	0.1376	0.016
14619600	0.0062	0.022
14623200	0.0046	0.036
14626800	0.004200000000000001	0.021
14630400	0.004	0.011
14634000	0.0039	0.019
14637600	0.0039	0.031
14641200	0.0039	0.061
14644800	0.0038	0.092
14648400	0.0038	0.124
14652000	0.0038	0.167
14655600	0.0038	0.215
14659200	0.0043	0.356
14662800	0.08020000000000001	0.489
14666400	0.21009999999999998	0.71
14670000	0.2231	0.788
14673600	0.2081	0.559
14677200	0.1775	0.333
14680800	0.17	0.215
14684400	0.1789	0.149
14688000	0.135	0.086
14691600	0.1105	0.059
14695200	0.11090000000000001	0.038
14698800	0.1163	0.025
14702400	0.09190000000000001	0.016
14706000	0.0065	0.022
14709600	0.0046	0.036
14713200	0.0024	0.021
14716800	0.0024	0.011
14720400	0.0024	0.019
14724000	0.0024	0.031
14727600	0.0024	0.061
14731200	0.0024	0.092
14734800	0.0024	0.124
14738400	0.0024	0.167
14742000	0.0024	0.215
14745600	0.0025	0.356
14749200	0.0588	0.489
14752800	0.2094	0.71
14756400	0.22240000000000001	0.788
14760000	0.2186	0.559
14763600	0.1916	0.333
14767200	0.18330000000000002	0.215
14770800	0.18469999999999998	0.149
14774400	0.1301	0.086
14778000	0.0986	0.059
14781600	0.1051	0.038
14785200	0.1085	0.025
14788800	0.0678	0.016
14792400	0.0063	0.022
14796000	0.0046	0.036
14799600	0.0043	0.021
14803200	0.0040999999999999995	0.011
14806800	0.0040999999999999995	0.019
14810400	0.0040999999999999995	0.031
14814000	0.0040999999999999995	0.061
14817600	0.0040999999999999995	0.092
14821200	0.0040999999999999995	0.124
14824800	0.0040999999999999995	0.167
14828400	0.004	0.215
14832000	0.0044	0.356
14835600	0.1179	0.489
14839200	0.2427	0.71
14842800	0.2454	0.788
14846400	0.2278	0.559
14850000	0.19590000000000002	0.333
14853600	0.2017	0.215
14857200	0.186	0.149
14860800	0.1595	0.086
14864400	0.144	0.059
14868000	0.1318	0.038
14871600	0.1378	0.025
14875200	0.1085	0.016
14878800	0.0072	0.022
14882400	0.0054	0.036
14886000	0.0028	0.021
14889600	0.0028	0.011
14893200	0.0027	0.019
14896800	0.0026	0.031
14900400	0.0026	0.061
14904000	0.0026	0.092
14907600	0.0026	0.124
14911200	0.0026	0.167
14914800	0.0026	0.215
14918400	0.0029	0.356
14922000	0.07740000000000001	0.489
14925600	0.2253	0.71
14929200	0.21559999999999999	0.788
14932800	0.1926	0.559
14936400	0.22390000000000002	0.333
14940000	0.2012	0.215
14943600	0.1665	0.149
14947200	0.126	0.086
14950800	0.09809999999999999	0.059
14954400	0.09179999999999999	0.038
14958000	0.0983	0.025
14961600	0.0469	0.016
14965200	0.0008	0.022
14968800	0.0006	0.036
14972400	0.0006	0.021
14976000	0.0006	0.011
14979600	0.0006	0.019
14983200	0.0005	0.031
14986800	0.0005	0.061
14990400	0.0005	0.092
14994000	0.0005	0.124
14997600	0.0005	0.167
15001200	0.0006	0.215
15004800	0.0006	0.356
15008400	0.0627	0.489
15012000	0.1875	0.71
15015600	0.193	0.788
15019200	0.1736	0.559
15022800	0.1613	0.333
15026400	0.1524	0.215
15030000	0.1502	0.149
15033600	0.09040000000000001	0.086
15037200	0.0863	0.059
15040800	0.0712	0.038
15044400	0.0782	0.025
15048000	0.0419	0.016
15051600	0.0038	0.022
15055200	0.0026	0.036
15058800	0.0005	0.021
15062400	0.0005	0.011
15066000	0.0005	0.019
15069600	0.0005	0.031
15073200	0.0005	0.061
15076800	0.0005	0.092
15080400	0.0005	0.124
15084000	0.0005	0.167
15087600	0.0005	0.215
15091200	0.0006	0.356
15094800	0.039299999999999995	0.489
15098400	0.146	0.71
15102000	0.14880000000000002	0.788
15105600	0.1427	0.559
15109200	0.1274	0.333
15112800	0.1397	0.215
15116400	0.1252	0.149
15120000	0.081	0.086
15123600	0.0724	0.059
15127200	0.07529999999999999	0.038
15130800	0.0798	0.025
15134400	0.0681	0.016
15138000	0.0008	0.022
15141600	0.0006	0.036
15145200	0.0005	0.021
15148800	0.0005	0.011
15152400	0.0005	0.019
15156000	0.0005	0.031
15159600	0.0005	0.061
15163200	0.0005	0.092
15166800	0.0005	0.124
15170400	0.0005	0.167
15174000	0.0005	0.215
15177600	0.0006	0.356
15181200	0.0394	0.489
15184800	0.1824	0.71
15188400	0.1884	0.788
15192000	0.1789	0.559
15195600	0.1605	0.333
15199200	0.1661	0.215
15202800	0.1454	0.149
15206400	0.0942	0.086
15210000	0.0839	0.059
15213600	0.0906	0.038
15217200	0.09140000000000001	0.025
15220800	0.0872	0.016
15224400	0.0008	0.022
15228000	0.0006	0.036
15231600	0.0006	0.021
15235200	0.0005	0.011
15238800	0.0005	0.019
15242400	0.0005	0.031
15246000	0.0005	0.061
15249600	0.0005	0.092
15253200	0.0005	0.124
15256800	0.0005	0.167
15260400	0.0006	0.215
15264000	0.0006	0.356
15267600	0.0596	0.489
15271200	0.21159999999999998	0.71
15274800	0.2174	0.788
15278400	0.199	0.559
15282000	0.2014	0.333
15285600	0.1928	0.215
15289200	0.16269999999999998	0.149
15292800	0.1025	0.086
15296400	0.0925	0.059
15300000	0.0916	0.038
15303600	0.09659999999999999	0.025
15307200	0.07529999999999999	0.016
15310800	0.0063	0.022
15314400	0.004200000000000001	0.036
15318000	0.0025	0.021
15321600	0.0005	0.011
15325200	0.0005	0.019
15328800	0.0005	0.031
15332400	0.0005	0.061
15336000	0.0005	0.092
15339600	0.0005	0.124
15343200	0.0005	0.167
15346800	0.0005	0.215
15350400	0.0005	0.356
15354000	0.060899999999999996	0.489
15357600	0.1988	0.71
15361200	0.21580000000000002	0.788
15364800	0.2082	0.559
15368400	0.1875	0.333
15372000	0.1737	0.215
15375600	0.17859999999999998	0.149
15379200	0.1182	0.086
15382800	0.1162	0.059
15386400	0.1183	0.038
15390000	0.1231	0.025
15393600	0.12040000000000001	0.016
15397200	0.06	0.022
15400800	0.0432	0.036
15404400	0.0407	0.021
15408000	0.0376	0.011
15411600	0.037	0.019
15415200	0.0364	0.031
15418800	0.0362	0.061
15422400	0.0359	0.092
15426000	0.0356	0.124
15429600	0.0354	0.167
15433200	0.0355	0.215
15436800	0.037700000000000004	0.356
15440400	0.1015	0.489
15444000	0.21980000000000002	0.71
15447600	0.2296	0.788
15451200	0.21769999999999998	0.559
15454800	0.1987	0.333
15458400	0.2077	0.215
15462000	0.1966	0.149
15465600	0.1745	0.086
15469200	0.16419999999999998	0.059
15472800	0.1696	0.038
15476400	0.17880000000000001	0.025
15480000	0.105	0.016
15483600	0.0509	0.022
15487200	0.0375	0.036
15490800	0.0325	0.021
15494400	0.0325	0.011
15498000	0.0325	0.019
15501600	0.032299999999999995	0.031
15505200	0.032100000000000004	0.061
15508800	0.0322	0.092
15512400	0.032100000000000004	0.124
15516000	0.0322	0.167
15519600	0.0324	0.215
15523200	0.0339	0.356
15526800	0.1178	0.489
15530400	0.2567	0.71
15534000	0.2341	0.788
15537600	0.222	0.559
15541200	0.2056	0.333
15544800	0.2022	0.215
15548400	0.1915	0.149
15552000	0.169	0.086
15555600	0.15619999999999998	0.059
15559200	0.1667	0.038
15562800	0.1737	0.025
15566400	0.1414	0.016
15570000	0.0593	0.022
15573600	0.0436	0.036
15577200	0.037	0.021
15580800	0.0368	0.011
15584400	0.036	0.019
15588000	0.0352	0.031
15591600	0.0346	0.061
15595200	0.0347	0.092
15598800	0.0345	0.124
15602400	0.0346	0.167
15606000	0.0335	0.215
15609600	0.0349	0.356
15613200	0.1188	0.489
15616800	0.2336	0.71
15620400	0.2326	0.788
15624000	0.2243	0.559
15627600	0.1994	0.333
15631200	0.2084	0.215
15634800	0.1895	0.149
15638400	0.1698	0.086
15642000	0.15380000000000002	0.059
15645600	0.1608	0.038
15649200	0.1611	0.025
15652800	0.11159999999999999	0.016
15656400	0.044899999999999995	0.022
15660000	0.0308	0.036
15663600	0.026600000000000002	0.021
15667200	0.026199999999999998	0.011
15670800	0.0261	0.019
15674400	0.0265	0.031
15678000	0.0263	0.061
15681600	0.0264	0.092
15685200	0.0265	0.124
15688800	0.026699999999999998	0.167
15692400	0.027100000000000003	0.215
15696000	0.0293	0.356
15699600	0.126	0.489
15703200	0.2125	0.71
15706800	0.21869999999999998	0.788
15710400	0.2035	0.559
15714000	0.1807	0.333
15717600	0.1899	0.215
15721200	0.1874	0.149
15724800	0.2048	0.086
15728400	0.21580000000000002	0.059
15732000	0.2195	0.038
15735600	0.221	0.025
15739200	0.1827	0.016
15742800	0.0040999999999999995	0.022
15746400	0.0029	0.036
15750000	0.0005	0.021
15753600	0.0005	0.011
15757200	0.0005	0.019
15760800	0.0005	0.031
15764400	0.0005	0.061
15768000	0.0005	0.092
15771600	0.0005	0.124
15775200	0.0005	0.167
15778800	0.0005	0.215
15782400	0.0006	0.356
15786000	0.1072	0.489
15789600	0.1698	0.71
15793200	0.181	0.788
15796800	0.1704	0.559
15800400	0.1535	0.333
15804000	0.1722	0.215
15807600	0.1986	0.149
15811200	0.2248	0.086
15814800	0.2302	0.059
15818400	0.22440000000000002	0.038
15822000	0.2325	0.025
15825600	0.2139	0.016
15829200	0.0995	0.022
15832800	0.0752	0.036
15836400	0.0703	0.021
15840000	0.069	0.011
15843600	0.0686	0.019
15847200	0.0688	0.031
15850800	0.0682	0.061
15854400	0.0675	0.092
15858000	0.0663	0.124
15861600	0.06659999999999999	0.167
15865200	0.0664	0.215
15868800	0.0725	0.356
15872400	0.12340000000000001	0.489
15876000	0.2083	0.71
15879600	0.21680000000000002	0.788
15883200	0.2	0.559
15886800	0.1721	0.333
15890400	0.1738	0.215
15894000	0.1875	0.149
15897600	0.2034	0.086
15901200	0.18969999999999998	0.059
15904800	0.2072	0.038
15908400	0.2088	0.025
15912000	0.2246	0.016
15915600	0.1003	0.022
15919200	0.0735	0.036
15922800	0.0683	0.021
15926400	0.0659	0.011
15930000	0.064	0.019
15933600	0.0635	0.031
15937200	0.0633	0.061
15940800	0.0636	0.092
15944400	0.0637	0.124
15948000	0.0639	0.167
15951600	0.0643	0.215
15955200	0.0691	0.356
15958800	0.1248	0.489
15962400	0.2009	0.71
15966000	0.21380000000000002	0.788
15969600	0.2011	0.559
15973200	0.1766	0.333
15976800	0.1809	0.215
15980400	0.1918	0.149
15984000	0.1779	0.086
15987600	0.1976	0.059
15991200	0.2135	0.038
15994800	0.2174	0.025
15998400	0.21359999999999998	0.016
16002000	0.1197	0.022
16005600	0.0895	0.036
16009200	0.0804	0.021
16012800	0.07490000000000001	0.011
16016400	0.0699	0.019
16020000	0.0675	0.031
16023600	0.06620000000000001	0.061
16027200	0.06570000000000001	0.092
16030800	0.06509999999999999	0.124
16034400	0.06470000000000001	0.167
16038000	0.06570000000000001	0.215
16041600	0.0695	0.356
16045200	0.1087	0.489
16048800	0.1169	0.71
16052400	0.126	0.788
16056000	0.13219999999999998	0.559
16059600	0.1379	0.333
16063200	0.15580000000000002	0.215
16066800	0.1773	0.149
16070400	0.19190000000000002	0.086
16074000	0.2119	0.059
16077600	0.22419999999999998	0.038
16081200	0.22790000000000002	0.025
16084800	0.24659999999999999	0.016
16088400	0.1051	0.022
16092000	0.07909999999999999	0.036
16095600	0.0712	0.021
16099200	0.0687	0.011
16102800	0.06720000000000001	0.019
16106400	0.06559999999999999	0.031
16110000	0.0645	0.061
16113600	0.0645	0.092
16117200	0.0648	0.124
16120800	0.06509999999999999	0.167
16124400	0.0664	0.215
16128000	0.0724	0.356
16131600	0.101	0.489
16135200	0.1845	0.71
16138800	0.2086	0.788
16142400	0.19419999999999998	0.559
16146000	0.18669999999999998	0.333
16149600	0.2045	0.215
16153200	0.1986	0.149
16156800	0.1983	0.086
16160400	0.2175	0.059
16164000	0.2373	0.038
16167600	0.2544	0.025
16171200	0.2651	0.016
16174800	0.1253	0.022
16178400	0.09409999999999999	0.036
16182000	0.0865	0.021
16185600	0.0842	0.011
16189200	0.0829	0.019
16192800	0.0818	0.031
16196400	0.0808	0.061
16200000	0.07909999999999999	0.092
16203600	0.0782	0.124
16207200	0.07759999999999999	0.167
16210800	0.0773	0.215
16214400	0.0824	0.356
16218000	0.11040000000000001	0.489
16221600	0.2076	0.71
16225200	0.22690000000000002	0.788
16228800	0.21180000000000002	0.559
16232400	0.1989	0.333
16236000	0.207	0.215
16239600	0.215	0.149
16243200	0.194	0.086
16246800	0.2056	0.059
16250400	0.2142	0.038
16254000	0.2246	0.025
16257600	0.2499	0.016
16261200	0.1177	0.022
16264800	0.0873	0.036
16268400	0.0808	0.021
16272000	0.07859999999999999	0.011
16275600	0.07540000000000001	0.019
16279200	0.0735	0.031
16282800	0.073	0.061
16286400	0.0726	0.092
16290000	0.0725	0.124
16293600	0.0726	0.167
16297200	0.07429999999999999	0.215
16300800	0.08009999999999999	0.356
16304400	0.1393	0.489
16308000	0.219	0.71
16311600	0.2329	0.788
16315200	0.2127	0.559
16318800	0.2005	0.333
16322400	0.2145	0.215
16326000	0.2147	0.149
16329600	0.2142	0.086
16333200	0.2331	0.059
16336800	0.24559999999999998	0.038
16340400	0.24680000000000002	0.025
16344000	0.2066	0.016
16347600	0.1102	0.022
16351200	0.08109999999999999	0.036
16354800	0.0746	0.021
16358400	0.0726	0.011
16362000	0.0706	0.019
16365600	0.0697	0.031
16369200	0.0687	0.061
16372800	0.0684	0.092
16376400	0.0686	0.124
16380000	0.0692	0.167
16383600	0.071	0.215
16387200	0.0782	0.356
16390800	0.13340000000000002	0.489
16394400	0.2248	0.71
16398000	0.2282	0.788
16401600	0.1992	0.559
16405200	0.203	0.333
16408800	0.2392	0.215
16412400	0.26839999999999997	0.149
16416000	0.2479	0.086
16419600	0.2571	0.059
16423200	0.2878	0.038
16426800	0.2865	0.025
16430400	0.2799	0.016
16434000	0.15519999999999998	0.022
16437600	0.117	0.036
16441200	0.1077	0.021
16444800	0.10529999999999999	0.011
16448400	0.1036	0.019
16452000	0.1012	0.031
16455600	0.1003	0.061
16459200	0.0995	0.092
16462800	0.0984	0.124
16466400	0.0986	0.167
16470000	0.1019	0.215
16473600	0.11109999999999999	0.356
16477200	0.1603	0.489
16480800	0.2501	0.71
16484400	0.25660000000000005	0.788
16488000	0.24259999999999998	0.559
16491600	0.24669999999999997	0.333
16495200	0.2261	0.215
16498800	0.2479	0.149
16502400	0.2586	0.086
16506000	0.25	0.059
16509600	0.2534	0.038
16513200	0.284	0.025
16516800	0.289	0.016
16520400	0.15919999999999998	0.022
16524000	0.1194	0.036
16527600	0.10840000000000001	0.021
16531200	0.10490000000000001	0.011
16534800	0.1029	0.019
16538400	0.1008	0.031
16542000	0.0991	0.061
16545600	0.09670000000000001	0.092
16549200	0.09459999999999999	0.124
16552800	0.0948	0.167
16556400	0.0995	0.215
16560000	0.1167	0.356
16563600	0.1768	0.489
16567200	0.2703	0.71
16570800	0.2756	0.788
16574400	0.2632	0.559
16578000	0.26689999999999997	0.333
16581600	0.25630000000000003	0.215
16585200	0.2548	0.149
16588800	0.2778	0.086
16592400	0.2898	0.059
16596000	0.2906	0.038
16599600	0.32730000000000004	0.025
16603200	0.3321	0.016
16606800	0.1701	0.022
16610400	0.1278	0.036
16614000	0.1159	0.021
16617600	0.112	0.011
16621200	0.10729999999999999	0.019
16624800	0.1042	0.031
16628400	0.104	0.061
16632000	0.1035	0.092
16635600	0.1041	0.124
16639200	0.1153	0.167
16642800	0.1325	0.215
16646400	0.1549	0.356
16650000	0.2062	0.489
16653600	0.2896	0.71
16657200	0.2826	0.788
16660800	0.2697	0.559
16664400	0.3302	0.333
16668000	0.30010000000000003	0.215
16671600	0.30860000000000004	0.149
16675200	0.2901	0.086
16678800	0.30269999999999997	0.059
16682400	0.328	0.038
16686000	0.3551	0.025
16689600	0.3593	0.016
16693200	0.2727	0.022
16696800	0.224	0.036
16700400	0.1973	0.021
16704000	0.18209999999999998	0.011
16707600	0.1677	0.019
16711200	0.1584	0.031
16714800	0.163	0.061
16718400	0.163	0.092
16722000	0.18330000000000002	0.124
16725600	0.1845	0.167
16729200	0.1994	0.215
16732800	0.2068	0.356
16736400	0.2236	0.489
16740000	0.2501	0.71
16743600	0.25630000000000003	0.788
16747200	0.24109999999999998	0.559
16750800	0.2814	0.333
16754400	0.2965	0.215
16758000	0.3014	0.149
16761600	0.30519999999999997	0.086
16765200	0.30269999999999997	0.059
16768800	0.3202	0.038
16772400	0.32680000000000003	0.025
16776000	0.3394	0.016
16779600	0.2382	0.022
16783200	0.18080000000000002	0.036
16786800	0.1497	0.021
16790400	0.1321	0.011
16794000	0.12340000000000001	0.019
16797600	0.1207	0.031
16801200	0.12129999999999999	0.061
16804800	0.1195	0.092
16808400	0.1245	0.124
16812000	0.13319999999999999	0.167
16815600	0.1408	0.215
16819200	0.1686	0.356
16822800	0.1978	0.489
16826400	0.2286	0.71
16830000	0.226	0.788
16833600	0.2276	0.559
16837200	0.2587	0.333
16840800	0.26689999999999997	0.215
16844400	0.2536	0.149
16848000	0.2671	0.086
16851600	0.2801	0.059
16855200	0.2894	0.038
16858800	0.2933	0.025
16862400	0.303	0.016
16866000	0.136	0.022
16869600	0.09540000000000001	0.036
16873200	0.0846	0.021
16876800	0.08109999999999999	0.011
16880400	0.0795	0.019
16884000	0.07790000000000001	0.031
16887600	0.0768	0.061
16891200	0.0762	0.092
16894800	0.0768	0.124
16898400	0.0772	0.167
16902000	0.0782	0.215
16905600	0.0845	0.356
16909200	0.1621	0.489
16912800	0.169	0.71
16916400	0.17830000000000001	0.788
16920000	0.17909999999999998	0.559
16923600	0.157	0.333
16927200	0.1737	0.215
16930800	0.1817	0.149
16934400	0.2065	0.086
16938000	0.1993	0.059
16941600	0.1884	0.038
16945200	0.206	0.025
16948800	0.2087	0.016
16952400	0.060200000000000004	0.022
16956000	0.041100000000000005	0.036
16959600	0.0365	0.021
16963200	0.035	0.011
16966800	0.0343	0.019
16970400	0.0338	0.031
16974000	0.033600000000000005	0.061
16977600	0.0334	0.092
16981200	0.032799999999999996	0.124
16984800	0.0318	0.167
16988400	0.032299999999999995	0.215
16992000	0.0346	0.356
16995600	0.0836	0.489
16999200	0.1522	0.71
17002800	0.158	0.788
17006400	0.15230000000000002	0.559
17010000	0.13190000000000002	0.333
17013600	0.15	0.215
17017200	0.168	0.149
17020800	0.187	0.086
17024400	0.1926	0.059
17028000	0.21130000000000002	0.038
17031600	0.22590000000000002	0.025
17035200	0.2149	0.016
17038800	0.1076	0.022
17042400	0.07540000000000001	0.036
17046000	0.0663	0.021
17049600	0.0644	0.011
17053200	0.0624	0.019
17056800	0.0611	0.031
17060400	0.0601	0.061
17064000	0.0599	0.092
17067600	0.060899999999999996	0.124
17071200	0.061200000000000004	0.167
17074800	0.0639	0.215
17078400	0.0715	0.356
17082000	0.09340000000000001	0.489
17085600	0.2124	0.71
17089200	0.21159999999999998	0.788
17092800	0.2072	0.559
17096400	0.2305	0.333
17100000	0.2038	0.215
17103600	0.1835	0.149
17107200	0.2104	0.086
17110800	0.2298	0.059
17114400	0.2511	0.038
17118000	0.271	0.025
17121600	0.26530000000000004	0.016
17125200	0.1355	0.022
17128800	0.0945	0.036
17132400	0.0876	0.021
17136000	0.0861	0.011
17139600	0.085	0.019
17143200	0.08170000000000001	0.031
17146800	0.0809	0.061
17150400	0.0803	0.092
17154000	0.07959999999999999	0.124
17157600	0.08020000000000001	0.167
17161200	0.0819	0.215
17164800	0.0881	0.356
17168400	0.1161	0.489
17172000	0.1928	0.71
17175600	0.17930000000000001	0.788
17179200	0.16319999999999998	0.559
17182800	0.1752	0.333
17186400	0.19340000000000002	0.215
17190000	0.1963	0.149
17193600	0.21930000000000002	0.086
17197200	0.233	0.059
17200800	0.2425	0.038
17204400	0.24780000000000002	0.025
17208000	0.278	0.016
17211600	0.1606	0.022
17215200	0.11370000000000001	0.036
17218800	0.09509999999999999	0.021
17222400	0.0897	0.011
17226000	0.0884	0.019
17229600	0.0851	0.031
17233200	0.0852	0.061
17236800	0.0862	0.092
17240400	0.0879	0.124
17244000	0.095	0.167
17247600	0.1051	0.215
17251200	0.13090000000000002	0.356
17254800	0.16219999999999998	0.489
17258400	0.2119	0.71
17262000	0.1996	0.788
17265600	0.1998	0.559
17269200	0.255	0.333
17272800	0.2637	0.215
17276400	0.2913	0.149
17280000	0.2671	0.086
17283600	0.268	0.059
17287200	0.2814	0.038
17290800	0.2887	0.025
17294400	0.2901	0.016
17298000	0.1976	0.022
17301600	0.15109999999999998	0.036
17305200	0.134	0.021
17308800	0.1199	0.011
17312400	0.11159999999999999	0.019
17316000	0.10859999999999999	0.031
17319600	0.10909999999999999	0.061
17323200	0.11170000000000001	0.092
17326800	0.1095	0.124
17330400	0.10890000000000001	0.167
17334000	0.10990000000000001	0.215
17337600	0.1185	0.356
17341200	0.157	0.489
17344800	0.2631	0.71
17348400	0.2444	0.788
17352000	0.2027	0.559
17355600	0.237	0.333
17359200	0.24719999999999998	0.215
17362800	0.2556	0.149
17366400	0.25660000000000005	0.086
17370000	0.2682	0.059
17373600	0.2824	0.038
17377200	0.2842	0.025
17380800	0.289	0.016
17384400	0.16069999999999998	0.022
17388000	0.1154	0.036
17391600	0.1061	0.021
17395200	0.1037	0.011
17398800	0.1021	0.019
17402400	0.1004	0.031
17406000	0.099	0.061
17409600	0.0969	0.092
17413200	0.09609999999999999	0.124
17416800	0.0958	0.167
17420400	0.0974	0.215
17424000	0.1055	0.356
17427600	0.16290000000000002	0.489
17431200	0.2309	0.71
17434800	0.22569999999999998	0.788
17438400	0.1988	0.559
17442000	0.2216	0.333
17445600	0.2311	0.215
17449200	0.2545	0.149
17452800	0.2863	0.086
17456400	0.3175	0.059
17460000	0.3326	0.038
17463600	0.3476	0.025
17467200	0.32930000000000004	0.016
17470800	0.15919999999999998	0.022
17474400	0.1142	0.036
17478000	0.1037	0.021
17481600	0.1003	0.011
17485200	0.0997	0.019
17488800	0.0984	0.031
17492400	0.097	0.061
17496000	0.0968	0.092
17499600	0.09770000000000001	0.124
17503200	0.0992	0.167
17506800	0.1013	0.215
17510400	0.12409999999999999	0.356
17514000	0.1524	0.489
17517600	0.2541	0.71
17521200	0.249	0.788
17524800	0.2313	0.559
17528400	0.2752	0.333
17532000	0.24919999999999998	0.215
17535600	0.2464	0.149
17539200	0.26389999999999997	0.086
17542800	0.2848	0.059
17546400	0.3048	0.038
17550000	0.3331	0.025
17553600	0.3497	0.016
17557200	0.1712	0.022
17560800	0.12179999999999999	0.036
17564400	0.1065	0.021
17568000	0.1034	0.011
17571600	0.1005	0.019
17575200	0.099	0.031
17578800	0.0973	0.061
17582400	0.09770000000000001	0.092
17586000	0.0975	0.124
17589600	0.0978	0.167
17593200	0.0994	0.215
17596800	0.1095	0.356
17600400	0.1564	0.489
17604000	0.2231	0.71
17607600	0.2071	0.788
17611200	0.1955	0.559
17614800	0.2102	0.333
17618400	0.24719999999999998	0.215
17622000	0.2697	0.149
17625600	0.30319999999999997	0.086
17629200	0.32780000000000004	0.059
17632800	0.3522	0.038
17636400	0.3478	0.025
17640000	0.337	0.016
17643600	0.1832	0.022
17647200	0.1293	0.036
17650800	0.10959999999999999	0.021
17654400	0.106	0.011
17658000	0.1002	0.019
17661600	0.09809999999999999	0.031
17665200	0.0984	0.061
17668800	0.09770000000000001	0.092
17672400	0.09659999999999999	0.124
17676000	0.0959	0.167
17679600	0.09659999999999999	0.215
17683200	0.104	0.356
17686800	0.1598	0.489
17690400	0.242	0.71
17694000	0.2338	0.788
17697600	0.2046	0.559
17701200	0.2017	0.333
17704800	0.24159999999999998	0.215
17708400	0.2353	0.149
17712000	0.2337	0.086
17715600	0.24969999999999998	0.059
17719200	0.2666	0.038
17722800	0.2694	0.025
17726400	0.269	0.016
17730000	0.1422	0.022
17733600	0.0973	0.036
17737200	0.0874	0.021
17740800	0.08270000000000001	0.011
17744400	0.07970000000000001	0.019
17748000	0.0793	0.031
17751600	0.07890000000000001	0.061
17755200	0.0787	0.092
17758800	0.0782	0.124
17762400	0.07809999999999999	0.167
17766000	0.07940000000000001	0.215
17769600	0.0865	0.356
17773200	0.1207	0.489
17776800	0.24	0.71
17780400	0.21630000000000002	0.788
17784000	0.18569999999999998	0.559
17787600	0.1926	0.333
17791200	0.22019999999999998	0.215
17794800	0.22080000000000002	0.149
17798400	0.2073	0.086
17802000	0.2265	0.059
17805600	0.24	0.038
17809200	0.2526	0.025
17812800	0.2489	0.016
17816400	0.13440000000000002	0.022
17820000	0.0933	0.036
17823600	0.0852	0.021
17827200	0.083	0.011
17830800	0.0814	0.019
17834400	0.07970000000000001	0.031
17838000	0.07890000000000001	0.061
17841600	0.0783	0.092
17845200	0.07740000000000001	0.124
17848800	0.07690000000000001	0.167
17852400	0.0795	0.215
17856000	0.0834	0.356
17859600	0.1336	0.489
17863200	0.2713	0.71
17866800	0.2656	0.788
17870400	0.2362	0.559
17874000	0.26780000000000004	0.333
17877600	0.2369	0.215
17881200	0.243	0.149
17884800	0.2357	0.086
17888400	0.2567	0.059
17892000	0.2894	0.038
17895600	0.285	0.025
17899200	0.3118	0.016
17902800	0.1535	0.022
17906400	0.10529999999999999	0.036
17910000	0.0964	0.021
17913600	0.09409999999999999	0.011
17917200	0.09179999999999999	0.019
17920800	0.0912	0.031
17924400	0.09029999999999999	0.061
17928000	0.0897	0.092
17931600	0.089	0.124
17935200	0.09	0.167
17938800	0.092	0.215
17942400	0.1008	0.356
17946000	0.1536	0.489
17949600	0.25630000000000003	0.71
17953200	0.2404	0.788
17956800	0.2129	0.559
17960400	0.2085	0.333
17964000	0.2344	0.215
17967600	0.2185	0.149
17971200	0.2074	0.086
17974800	0.2544	0.059
17978400	0.2398	0.038
17982000	0.24719999999999998	0.025
17985600	0.2513	0.016
17989200	0.1326	0.022
17992800	0.0916	0.036
17996400	0.083	0.021
18000000	0.0813	0.011
18003600	0.0805	0.019
18007200	0.0783	0.031
18010800	0.07629999999999999	0.061
18014400	0.0746	0.092
18018000	0.0736	0.124
18021600	0.0733	0.167
18025200	0.0745	0.215
18028800	0.0795	0.356
18032400	0.1436	0.489
18036000	0.2038	0.71
18039600	0.19440000000000002	0.788
18043200	0.178	0.559
18046800	0.1731	0.333
18050400	0.1771	0.215
18054000	0.1884	0.149
18057600	0.2041	0.086
18061200	0.2223	0.059
18064800	0.2354	0.038
18068400	0.251	0.025
18072000	0.2647	0.016
18075600	0.1071	0.022
18079200	0.0726	0.036
18082800	0.06720000000000001	0.021
18086400	0.06620000000000001	0.011
18090000	0.065	0.019
18093600	0.0643	0.031
18097200	0.0645	0.061
18100800	0.06470000000000001	0.092
18104400	0.0644	0.124
18108000	0.0643	0.167
18111600	0.0653	0.215
18115200	0.072	0.356
18118800	0.1221	0.489
18122400	0.17830000000000001	0.71
18126000	0.1606	0.788
18129600	0.162	0.559
18133200	0.1851	0.333
18136800	0.2004	0.215
18140400	0.2281	0.149
18144000	0.2074	0.086
18147600	0.21230000000000002	0.059
18151200	0.232	0.038
18154800	0.2345	0.025
18158400	0.2419	0.016
18162000	0.1374	0.022
18165600	0.09359999999999999	0.036
18169200	0.0843	0.021
18172800	0.0809	0.011
18176400	0.08	0.019
18180000	0.07959999999999999	0.031
18183600	0.07940000000000001	0.061
18187200	0.0787	0.092
18190800	0.0782	0.124
18194400	0.0788	0.167
18198000	0.0815	0.215
18201600	0.0888	0.356
18205200	0.1455	0.489
18208800	0.18309999999999998	0.71
18212400	0.1859	0.788
18216000	0.18130000000000002	0.559
18219600	0.2063	0.333
18223200	0.2429	0.215
18226800	0.26139999999999997	0.149
18230400	0.2415	0.086
18234000	0.2617	0.059
18237600	0.2712	0.038
18241200	0.2701	0.025
18244800	0.258	0.016
18248400	0.159	0.022
18252000	0.10640000000000001	0.036
18255600	0.0938	0.021
18259200	0.08940000000000001	0.011
18262800	0.0874	0.019
18266400	0.0861	0.031
18270000	0.0855	0.061
18273600	0.0865	0.092
18277200	0.0884	0.124
18280800	0.09240000000000001	0.167
18284400	0.0937	0.215
18288000	0.1144	0.356
18291600	0.1381	0.489
18295200	0.252	0.71
18298800	0.22219999999999998	0.788
18302400	0.1973	0.559
18306000	0.2442	0.333
18309600	0.2551	0.215
18313200	0.2932	0.149
18316800	0.2728	0.086
18320400	0.2921	0.059
18324000	0.3107	0.038
18327600	0.31880000000000003	0.025
18331200	0.31760000000000005	0.016
18334800	0.197	0.022
18338400	0.1361	0.036
18342000	0.119	0.021
18345600	0.1144	0.011
18349200	0.11170000000000001	0.019
18352800	0.1095	0.031
18356400	0.1088	0.061
18360000	0.10690000000000001	0.092
18363600	0.1035	0.124
18367200	0.1027	0.167
18370800	0.1039	0.215
18374400	0.12340000000000001	0.356
18378000	0.15030000000000002	0.489
18381600	0.2616	0.71
18385200	0.2454	0.788
18388800	0.2253	0.559
18392400	0.2917	0.333
18396000	0.2601	0.215
18399600	0.2471	0.149
18403200	0.22269999999999998	0.086
18406800	0.2352	0.059
18410400	0.2294	0.038
18414000	0.2314	0.025
18417600	0.2304	0.016
18421200	0.1667	0.022
18424800	0.11170000000000001	0.036
18428400	0.1002	0.021
18432000	0.09609999999999999	0.011
18435600	0.0952	0.019
18439200	0.0922	0.031
18442800	0.08990000000000001	0.061
18446400	0.0871	0.092
18450000	0.0848	0.124
18453600	0.0838	0.167
18457200	0.0867	0.215
18460800	0.0963	0.356
18464400	0.1453	0.489
18468000	0.263	0.71
18471600	0.24730000000000002	0.788
18475200	0.2321	0.559
18478800	0.2536	0.333
18482400	0.22490000000000002	0.215
18486000	0.2051	0.149
18489600	0.21280000000000002	0.086
18493200	0.2038	0.059
18496800	0.2166	0.038
18500400	0.2206	0.025
18504000	0.22219999999999998	0.016
18507600	0.151	0.022
18511200	0.1019	0.036
18514800	0.09179999999999999	0.021
18518400	0.0888	0.011
18522000	0.0884	0.019
18525600	0.0871	0.031
18529200	0.0843	0.061
18532800	0.0824	0.092
18536400	0.081	0.124
18540000	0.0819	0.167
18543600	0.0851	0.215
18547200	0.09609999999999999	0.356
18550800	0.1432	0.489
18554400	0.2729	0.71
18558000	0.2607	0.788
18561600	0.2432	0.559
18565200	0.2914	0.333
18568800	0.2529	0.215
18572400	0.2385	0.149
18576000	0.2205	0.086
18579600	0.2403	0.059
18583200	0.253	0.038
18586800	0.2611	0.025
18590400	0.26	0.016
18594000	0.18059999999999998	0.022
18597600	0.12279999999999999	0.036
18601200	0.1087	0.021
18604800	0.1031	0.011
18608400	0.1	0.019
18612000	0.0985	0.031
18615600	0.0993	0.061
18619200	0.09820000000000001	0.092
18622800	0.0991	0.124
18626400	0.1008	0.167
18630000	0.1082	0.215
18633600	0.1331	0.356
18637200	0.16190000000000002	0.489
18640800	0.2452	0.71
18644400	0.2248	0.788
18648000	0.2048	0.559
18651600	0.255	0.333
18655200	0.2557	0.215
18658800	0.24280000000000002	0.149
18662400	0.26180000000000003	0.086
18666000	0.2813	0.059
18669600	0.2647	0.038
18673200	0.2665	0.025
18676800	0.281	0.016
18680400	0.1804	0.022
18684000	0.1194	0.036
18687600	0.1016	0.021
18691200	0.09509999999999999	0.011
18694800	0.0993	0.019
18698400	0.0925	0.031
18702000	0.0925	0.061
18705600	0.09079999999999999	0.092
18709200	0.0938	0.124
18712800	0.09409999999999999	0.167
18716400	0.097	0.215
18720000	0.1172	0.356
18723600	0.14880000000000002	0.489
18727200	0.24659999999999999	0.71
18730800	0.2318	0.788
18734400	0.21730000000000002	0.559
18738000	0.2928	0.333
18741600	0.2432	0.215
18745200	0.2615	0.149
18748800	0.237	0.086
18752400	0.2481	0.059
18756000	0.24409999999999998	0.038
18759600	0.2444	0.025
18763200	0.2548	0.016
18766800	0.1664	0.022
18770400	0.1029	0.036
18774000	0.091	0.021
18777600	0.0876	0.011
18781200	0.087	0.019
18784800	0.0861	0.031
18788400	0.0855	0.061
18792000	0.0846	0.092
18795600	0.0854	0.124
18799200	0.0865	0.167
18802800	0.0907	0.215
18806400	0.1046	0.356
18810000	0.1444	0.489
18813600	0.2405	0.71
18817200	0.21719999999999998	0.788
18820800	0.1987	0.559
18824400	0.2807	0.333
18828000	0.2676	0.215
18831600	0.2789	0.149
18835200	0.2596	0.086
18838800	0.2821	0.059
18842400	0.30860000000000004	0.038
18846000	0.3078	0.025
18849600	0.3137	0.016
18853200	0.186	0.022
18856800	0.1207	0.036
18860400	0.1065	0.021
18864000	0.1045	0.011
18867600	0.1031	0.019
18871200	0.1036	0.031
18874800	0.1029	0.061
18878400	0.1028	0.092
18882000	0.1021	0.124
18885600	0.1024	0.167
18889200	0.10490000000000001	0.215
18892800	0.13119999999999998	0.356
18896400	0.1979	0.489
18900000	0.32239999999999996	0.71
18903600	0.2892	0.788
18907200	0.2752	0.559
18910800	0.3426	0.333
18914400	0.2647	0.215
18918000	0.281	0.149
18921600	0.2872	0.086
18925200	0.2767	0.059
18928800	0.3115	0.038
18932400	0.3373	0.025
18936000	0.32439999999999997	0.016
18939600	0.1948	0.022
18943200	0.1255	0.036
18946800	0.11309999999999999	0.021
18950400	0.1075	0.011
18954000	0.10790000000000001	0.019
18957600	0.10909999999999999	0.031
18961200	0.10940000000000001	0.061
18964800	0.1092	0.092
18968400	0.1107	0.124
18972000	0.11170000000000001	0.167
18975600	0.1149	0.215
18979200	0.1388	0.356
18982800	0.21830000000000002	0.489
18986400	0.31810000000000005	0.71
18990000	0.30319999999999997	0.788
18993600	0.2883	0.559
18997200	0.3483	0.333
19000800	0.2861	0.215
19004400	0.26289999999999997	0.149
19008000	0.2913	0.086
19011600	0.2826	0.059
19015200	0.2849	0.038
19018800	0.2904	0.025
19022400	0.32139999999999996	0.016
19026000	0.19590000000000002	0.022
19029600	0.1262	0.036
19033200	0.11209999999999999	0.021
19036800	0.108	0.011
19040400	0.10490000000000001	0.019
19044000	0.1038	0.031
19047600	0.1043	0.061
19051200	0.1038	0.092
19054800	0.10490000000000001	0.124
19058400	0.10579999999999999	0.167
19062000	0.1125	0.215
19065600	0.1352	0.356
19069200	0.22319999999999998	0.489
19072800	0.3242	0.71
19076400	0.3004	0.788
19080000	0.2855	0.559
19083600	0.3331	0.333
19087200	0.314	0.215
19090800	0.305	0.149
19094400	0.2988	0.086
19098000	0.3043	0.059
19101600	0.3365	0.038
19105200	0.3425	0.025
19108800	0.3539	0.016
19112400	0.2194	0.022
19116000	0.1372	0.036
19119600	0.1187	0.021
19123200	0.115	0.011
19126800	0.1118	0.019
19130400	0.1107	0.031
19134000	0.10909999999999999	0.061
19137600	0.112	0.092
19141200	0.12090000000000001	0.124
19144800	0.13119999999999998	0.167
19148400	0.142	0.215
19152000	0.1571	0.356
19155600	0.2304	0.489
19159200	0.3157	0.71
19162800	0.2874	0.788
19166400	0.277	0.559
19170000	0.31980000000000003	0.333
19173600	0.3095	0.215
19177200	0.3078	0.149
19180800	0.29669999999999996	0.086
19184400	0.3245	0.059
19188000	0.3455	0.038
19191600	0.3708	0.025
19195200	0.3763	0.016
19198800	0.22	0.022
19202400	0.1352	0.036
19206000	0.1185	0.021
19209600	0.1142	0.011
19213200	0.11109999999999999	0.019
19216800	0.1103	0.031
19220400	0.1098	0.061
19224000	0.10990000000000001	0.092
19227600	0.1115	0.124
19231200	0.1206	0.167
19234800	0.1364	0.215
19238400	0.16040000000000001	0.356
19242000	0.228	0.489
19245600	0.307	0.71
19249200	0.282	0.788
19252800	0.2773	0.559
19256400	0.3314	0.333
19260000	0.29910000000000003	0.215
19263600	0.29519999999999996	0.149
19267200	0.32830000000000004	0.086
19270800	0.3414	0.059
19274400	0.37689999999999996	0.038
19278000	0.3715	0.025
19281600	0.3727	0.016
19285200	0.2265	0.022
19288800	0.1404	0.036
19292400	0.1197	0.021
19296000	0.10959999999999999	0.011
19299600	0.1077	0.019
19303200	0.10679999999999999	0.031
19306800	0.1085	0.061
19310400	0.1098	0.092
19314000	0.13340000000000002	0.124
19317600	0.158	0.167
19321200	0.1703	0.215
19324800	0.1923	0.356
19328400	0.2231	0.489
19332000	0.2945	0.71
19335600	0.2693	0.788
19339200	0.2585	0.559
19342800	0.2893	0.333
19346400	0.2831	0.215
19350000	0.30469999999999997	0.149
19353600	0.31260000000000004	0.086
19357200	0.3235	0.059
19360800	0.35710000000000003	0.038
19364400	0.36860000000000004	0.025
19368000	0.3728	0.016
19371600	0.2524	0.022
19375200	0.1487	0.036
19378800	0.1253	0.021
19382400	0.1148	0.011
19386000	0.10959999999999999	0.019
19389600	0.11009999999999999	0.031
19393200	0.10940000000000001	0.061
19396800	0.1129	0.092
19400400	0.12440000000000001	0.124
19404000	0.1398	0.167
19407600	0.1615	0.215
19411200	0.1859	0.356
19414800	0.247	0.489
19418400	0.3004	0.71
19422000	0.2706	0.788
19425600	0.26280000000000003	0.559
19429200	0.30460000000000004	0.333
19432800	0.2939	0.215
19436400	0.3028	0.149
19440000	0.3168	0.086
19443600	0.3117	0.059
19447200	0.3335	0.038
19450800	0.3785	0.025
19454400	0.3718	0.016
19458000	0.2343	0.022
19461600	0.1384	0.036
19465200	0.12	0.021
19468800	0.1123	0.011
19472400	0.11059999999999999	0.019
19476000	0.1102	0.031
19479600	0.1129	0.061
19483200	0.1238	0.092
19486800	0.1293	0.124
19490400	0.1426	0.167
19494000	0.1669	0.215
19497600	0.1854	0.356
19501200	0.262	0.489
19504800	0.3434	0.71
19508400	0.31880000000000003	0.788
19512000	0.29960000000000003	0.559
19515600	0.3558	0.333
19519200	0.32589999999999997	0.215
19522800	0.3127	0.149
19526400	0.3227	0.086
19530000	0.3522	0.059
19533600	0.38330000000000003	0.038
19537200	0.386	0.025
19540800	0.39080000000000004	0.016
19544400	0.2397	0.022
19548000	0.1375	0.036
19551600	0.115	0.021
19555200	0.1097	0.011
19558800	0.1077	0.019
19562400	0.1083	0.031
19566000	0.1088	0.061
19569600	0.1097	0.092
19573200	0.1171	0.124
19576800	0.1215	0.167
19580400	0.158	0.215
19584000	0.175	0.356
19587600	0.24409999999999998	0.489
19591200	0.319	0.71
19594800	0.2854	0.788
19598400	0.2712	0.559
19602000	0.3317	0.333
19605600	0.30269999999999997	0.215
19609200	0.2851	0.149
19612800	0.3008	0.086
19616400	0.32680000000000003	0.059
19620000	0.3513	0.038
19623600	0.3529	0.025
19627200	0.3604	0.016
19630800	0.22180000000000002	0.022
19634400	0.1401	0.036
19638000	0.12090000000000001	0.021
19641600	0.11359999999999999	0.011
19645200	0.1119	0.019
19648800	0.11270000000000001	0.031
19652400	0.11209999999999999	0.061
19656000	0.1115	0.092
19659600	0.1141	0.124
19663200	0.1189	0.167
19666800	0.1259	0.215
19670400	0.1717	0.356
19674000	0.22030000000000002	0.489
19677600	0.2703	0.71
19681200	0.24819999999999998	0.788
19684800	0.2392	0.559
19688400	0.289	0.333
19692000	0.2983	0.215
19695600	0.2964	0.149
19699200	0.31989999999999996	0.086
19702800	0.3531	0.059
19706400	0.36119999999999997	0.038
19710000	0.3648	0.025
19713600	0.35760000000000003	0.016
19717200	0.24730000000000002	0.022
19720800	0.15619999999999998	0.036
19724400	0.12890000000000001	0.021
19728000	0.12179999999999999	0.011
19731600	0.127	0.019
19735200	0.1251	0.031
19738800	0.12229999999999999	0.061
19742400	0.1415	0.092
19746000	0.1401	0.124
19749600	0.1345	0.167
19753200	0.15430000000000002	0.215
19756800	0.162	0.356
19760400	0.2336	0.489
19764000	0.3128	0.71
19767600	0.2782	0.788
19771200	0.2713	0.559
19774800	0.3292	0.333
19778400	0.3054	0.215
19782000	0.31460000000000005	0.149
19785600	0.31539999999999996	0.086
19789200	0.3379	0.059
19792800	0.3543	0.038
19796400	0.3574	0.025
19800000	0.35960000000000003	0.016
19803600	0.25939999999999996	0.022
19807200	0.1633	0.036
19810800	0.1411	0.021
19814400	0.1356	0.011
19818000	0.1266	0.019
19821600	0.1248	0.031
19825200	0.124	0.061
19828800	0.1343	0.092
19832400	0.15259999999999999	0.124
19836000	0.1457	0.167
19839600	0.1494	0.215
19843200	0.1693	0.356
19846800	0.2322	0.489
19850400	0.2819	0.71
19854000	0.2676	0.788
19857600	0.25989999999999996	0.559
19861200	0.3073	0.333
19864800	0.2785	0.215
19868400	0.2906	0.149
19872000	0.29669999999999996	0.086
19875600	0.3226	0.059
19879200	0.3497	0.038
19882800	0.3578	0.025
19886400	0.3583	0.016
19890000	0.2671	0.022
19893600	0.15	0.036
19897200	0.12440000000000001	0.021
19900800	0.1134	0.011
19904400	0.10540000000000001	0.019
19908000	0.1034	0.031
19911600	0.1041	0.061
19915200	0.1042	0.092
19918800	0.1075	0.124
19922400	0.11320000000000001	0.167
19926000	0.12869999999999998	0.215
19929600	0.16140000000000002	0.356
19933200	0.2019	0.489
19936800	0.2665	0.71
19940400	0.2358	0.788
19944000	0.21359999999999998	0.559
19947600	0.2491	0.333
19951200	0.24259999999999998	0.215
19954800	0.24869999999999998	0.149
19958400	0.2739	0.086
19962000	0.2889	0.059
19965600	0.30419999999999997	0.038
19969200	0.32330000000000003	0.025
19972800	0.3474	0.016
19976400	0.22419999999999998	0.022
19980000	0.1267	0.036
19983600	0.1095	0.021
19987200	0.1043	0.011
19990800	0.1021	0.019
19994400	0.1016	0.031
19998000	0.1005	0.061
20001600	0.0989	0.092
20005200	0.0968	0.124
20008800	0.09659999999999999	0.167
20012400	0.10990000000000001	0.215
20016000	0.1434	0.356
20019600	0.1658	0.489
20023200	0.2381	0.71
20026800	0.1973	0.788
20030400	0.1979	0.559
20034000	0.2728	0.333
20037600	0.2796	0.215
20041200	0.28	0.149
20044800	0.3177	0.086
20048400	0.3474	0.059
20052000	0.3453	0.038
20055600	0.3432	0.025
20059200	0.35710000000000003	0.016
20062800	0.22469999999999998	0.022
20066400	0.1313	0.036
20070000	0.1135	0.021
20073600	0.10940000000000001	0.011
20077200	0.10779999999999999	0.019
20080800	0.10490000000000001	0.031
20084400	0.1052	0.061
20088000	0.1056	0.092
20091600	0.1041	0.124
20095200	0.1153	0.167
20098800	0.1303	0.215
20102400	0.1585	0.356
20106000	0.2298	0.489
20109600	0.3078	0.71
20113200	0.2745	0.788
20116800	0.26330000000000003	0.559
20120400	0.3247	0.333
20124000	0.2917	0.215
20127600	0.2701	0.149
20131200	0.30010000000000003	0.086
20134800	0.32239999999999996	0.059
20138400	0.34	0.038
20142000	0.3403	0.025
20145600	0.3446	0.016
20149200	0.239	0.022
20152800	0.1356	0.036
20156400	0.1159	0.021
20160000	0.11	0.011
20163600	0.1088	0.019
20167200	0.10679999999999999	0.031
20170800	0.105	0.061
20174400	0.1056	0.092
20178000	0.1061	0.124
20181600	0.11159999999999999	0.167
20185200	0.1268	0.215
20188800	0.16190000000000002	0.356
20192400	0.1971	0.489
20196000	0.2511	0.71
20199600	0.2312	0.788
20203200	0.22790000000000002	0.559
20206800	0.22519999999999998	0.333
20210400	0.2338	0.215
20214000	0.2763	0.149
20217600	0.2898	0.086
20221200	0.3153	0.059
20224800	0.3295	0.038
20228400	0.3285	0.025
20232000	0.3428	0.016
20235600	0.2481	0.022
20239200	0.1482	0.036
20242800	0.122	0.021
20246400	0.11359999999999999	0.011
20250000	0.109	0.019
20253600	0.10679999999999999	0.031
20257200	0.106	0.061
20260800	0.1042	0.092
20264400	0.1046	0.124
20268000	0.1115	0.167
20271600	0.117	0.215
20275200	0.1494	0.356
20278800	0.1789	0.489
20282400	0.1946	0.71
20286000	0.1951	0.788
20289600	0.1966	0.559
20293200	0.26489999999999997	0.333
20296800	0.25880000000000003	0.215
20300400	0.2777	0.149
20304000	0.31689999999999996	0.086
20307600	0.3433	0.059
20311200	0.3337	0.038
20314800	0.343	0.025
20318400	0.35769999999999996	0.016
20322000	0.2372	0.022
20325600	0.1323	0.036
20329200	0.113	0.021
20332800	0.1075	0.011
20336400	0.104	0.019
20340000	0.1015	0.031
20343600	0.1003	0.061
20347200	0.0994	0.092
20350800	0.0992	0.124
20354400	0.1	0.167
20358000	0.1023	0.215
20361600	0.1343	0.356
20365200	0.1694	0.489
20368800	0.2265	0.71
20372400	0.2056	0.788
20376000	0.1946	0.559
20379600	0.2538	0.333
20383200	0.2399	0.215
20386800	0.24080000000000001	0.149
20390400	0.2793	0.086
20394000	0.3055	0.059
20397600	0.3216	0.038
20401200	0.325	0.025
20404800	0.3113	0.016
20408400	0.2243	0.022
20412000	0.1077	0.036
20415600	0.0902	0.021
20419200	0.0867	0.011
20422800	0.0864	0.019
20426400	0.0871	0.031
20430000	0.0874	0.061
20433600	0.087	0.092
20437200	0.0859	0.124
20440800	0.085	0.167
20444400	0.0881	0.215
20448000	0.1394	0.356
20451600	0.1889	0.489
20455200	0.249	0.71
20458800	0.2329	0.788
20462400	0.2196	0.559
20466000	0.21969999999999998	0.333
20469600	0.21530000000000002	0.215
20473200	0.2191	0.149
20476800	0.22469999999999998	0.086
20480400	0.24209999999999998	0.059
20484000	0.2681	0.038
20487600	0.2886	0.025
20491200	0.31589999999999996	0.016
20494800	0.1618	0.022
20498400	0.0912	0.036
20502000	0.0762	0.021
20505600	0.073	0.011
20509200	0.0716	0.019
20512800	0.0709	0.031
20516400	0.0694	0.061
20520000	0.0678	0.092
20523600	0.06559999999999999	0.124
20527200	0.065	0.167
20530800	0.0675	0.215
20534400	0.1027	0.356
20538000	0.1727	0.489
20541600	0.21619999999999998	0.71
20545200	0.20980000000000001	0.788
20548800	0.2027	0.559
20552400	0.2248	0.333
20556000	0.2026	0.215
20559600	0.2049	0.149
20563200	0.22740000000000002	0.086
20566800	0.24480000000000002	0.059
20570400	0.25780000000000003	0.038
20574000	0.269	0.025
20577600	0.2802	0.016
20581200	0.1443	0.022
20584800	0.0815	0.036
20588400	0.0685	0.021
20592000	0.06559999999999999	0.011
20595600	0.06409999999999999	0.019
20599200	0.060700000000000004	0.031
20602800	0.0599	0.061
20606400	0.0594	0.092
20610000	0.0591	0.124
20613600	0.059	0.167
20617200	0.0631	0.215
20620800	0.0788	0.356
20624400	0.1509	0.489
20628000	0.1911	0.71
20631600	0.1817	0.788
20635200	0.1871	0.559
20638800	0.21080000000000002	0.333
20642400	0.2233	0.215
20646000	0.256	0.149
20649600	0.2705	0.086
20653200	0.2915	0.059
20656800	0.2985	0.038
20660400	0.29569999999999996	0.025
20664000	0.30410000000000004	0.016
20667600	0.18309999999999998	0.022
20671200	0.1013	0.036
20674800	0.0867	0.021
20678400	0.0843	0.011
20682000	0.0838	0.019
20685600	0.0828	0.031
20689200	0.0828	0.061
20692800	0.08159999999999999	0.092
20696400	0.08009999999999999	0.124
20700000	0.079	0.167
20703600	0.08159999999999999	0.215
20707200	0.129	0.356
20710800	0.22519999999999998	0.489
20714400	0.2823	0.71
20718000	0.2507	0.788
20721600	0.21830000000000002	0.559
20725200	0.2925	0.333
20728800	0.26430000000000003	0.215
20732400	0.2749	0.149
20736000	0.2989	0.086
20739600	0.32789999999999997	0.059
20743200	0.3424	0.038
20746800	0.3452	0.025
20750400	0.3635	0.016
20754000	0.2245	0.022
20757600	0.12129999999999999	0.036
20761200	0.1025	0.021
20764800	0.0998	0.011
20768400	0.0999	0.019
20772000	0.1001	0.031
20775600	0.1004	0.061
20779200	0.1005	0.092
20782800	0.1	0.124
20786400	0.0999	0.167
20790000	0.1022	0.215
20793600	0.1474	0.356
20797200	0.2414	0.489
20800800	0.2771	0.71
20804400	0.2576	0.788
20808000	0.2305	0.559
20811600	0.3048	0.333
20815200	0.2657	0.215
20818800	0.2808	0.149
20822400	0.2954	0.086
20826000	0.31310000000000004	0.059
20829600	0.31980000000000003	0.038
20833200	0.3343	0.025
20836800	0.3425	0.016
20840400	0.2402	0.022
20844000	0.1419	0.036
20847600	0.1129	0.021
20851200	0.10909999999999999	0.011
20854800	0.107	0.019
20858400	0.1087	0.031
20862000	0.11009999999999999	0.061
20865600	0.1135	0.092
20869200	0.1202	0.124
20872800	0.118	0.167
20876400	0.1265	0.215
20880000	0.1884	0.356
20883600	0.2549	0.489
20887200	0.2769	0.71
20890800	0.2699	0.788
20894400	0.25880000000000003	0.559
20898000	0.3265	0.333
20901600	0.3118	0.215
20905200	0.3082	0.149
20908800	0.3155	0.086
20912400	0.3403	0.059
20916000	0.3565	0.038
20919600	0.37689999999999996	0.025
20923200	0.3772	0.016
20926800	0.2844	0.022
20930400	0.1502	0.036
20934000	0.12359999999999999	0.021
20937600	0.1178	0.011
20941200	0.1159	0.019
20944800	0.1154	0.031
20948400	0.1161	0.061
20952000	0.12990000000000002	0.092
20955600	0.1444	0.124
20959200	0.1405	0.167
20962800	0.1554	0.215
20966400	0.1856	0.356
20970000	0.2499	0.489
20973600	0.2642	0.71
20977200	0.2536	0.788
20980800	0.2378	0.559
20984400	0.2771	0.333
20988000	0.2675	0.215
20991600	0.2656	0.149
20995200	0.2954	0.205
20998800	0.3098	0.128
21002400	0.3222	0.079
21006000	0.3296	0.053
21009600	0.3348	0.055
21013200	0.2557	0.119
21016800	0.1381	0.274
21020400	0.115	0.27
21024000	0.10809999999999999	0.092
21027600	0.1092	0.011
21031200	0.1066	0.039
21034800	0.1055	0.024
21038400	0.1036	0.037
21042000	0.1026	0.061
21045600	0.1017	0.1
21049200	0.1036	0.189
21052800	0.1678	0.305
21056400	0.2052	0.52
21060000	0.2289	0.725
21063600	0.2105	0.694
21067200	0.2082	0.496
21070800	0.2337	0.357
21074400	0.2317	0.182
21078000	0.236	0.041
21081600	0.256	0.205
21085200	0.2712	0.128
21088800	0.2885	0.079
21092400	0.29	0.053
21096000	0.2944	0.055
21099600	0.1856	0.119
21103200	0.0994	0.274
21106800	0.08270000000000001	0.27
21110400	0.07970000000000001	0.092
21114000	0.07809999999999999	0.011
21117600	0.0757	0.039
21121200	0.0737	0.024
21124800	0.0714	0.037
21128400	0.0706	0.061
21132000	0.0704	0.1
21135600	0.073	0.189
21139200	0.1024	0.305
21142800	0.18309999999999998	0.52
21146400	0.2075	0.725
21150000	0.2072	0.694
21153600	0.1951	0.496
21157200	0.2395	0.357
21160800	0.2184	0.182
21164400	0.2366	0.041
21168000	0.259	0.205
21171600	0.2662	0.128
21175200	0.2925	0.079
21178800	0.3192	0.053
21182400	0.3127	0.055
21186000	0.2056	0.119
21189600	0.1045	0.274
21193200	0.0853	0.27
21196800	0.0809	0.092
21200400	0.0772	0.011
21204000	0.07440000000000001	0.039
21207600	0.07429999999999999	0.024
21211200	0.0734	0.037
21214800	0.0728	0.061
21218400	0.0718	0.1
21222000	0.07390000000000001	0.189
21225600	0.1138	0.305
21229200	0.19090000000000001	0.52
21232800	0.216	0.725
21236400	0.1991	0.694
21240000	0.191	0.496
21243600	0.2517	0.357
21247200	0.2475	0.182
21250800	0.26030000000000003	0.041
21254400	0.30269999999999997	0.205
21258000	0.3542	0.128
21261600	0.35910000000000003	0.079
21265200	0.3585	0.053
21268800	0.3477	0.055
21272400	0.22469999999999998	0.119
21276000	0.10809999999999999	0.274
21279600	0.0916	0.27
21283200	0.084	0.092
21286800	0.0836	0.011
21290400	0.0836	0.039
21294000	0.0843	0.024
21297600	0.0833	0.037
21301200	0.0829	0.061
21304800	0.0839	0.1
21308400	0.0887	0.189
21312000	0.15580000000000002	0.305
21315600	0.2292	0.52
21319200	0.2622	0.725
21322800	0.2558	0.694
21326400	0.2271	0.496
21330000	0.30319999999999997	0.357
21333600	0.282	0.182
21337200	0.32280000000000003	0.041
21340800	0.3085	0.205
21344400	0.3421	0.128
21348000	0.35860000000000003	0.079
21351600	0.3674	0.053
21355200	0.3453	0.055
21358800	0.2921	0.119
21362400	0.14959999999999998	0.274
21366000	0.1186	0.27
21369600	0.11159999999999999	0.092
21373200	0.1108	0.011
21376800	0.111	0.039
21380400	0.11270000000000001	0.024
21384000	0.11170000000000001	0.037
21387600	0.111	0.061
21391200	0.1146	0.1
21394800	0.12459999999999999	0.189
21398400	0.1725	0.305
21402000	0.2866	0.52
21405600	0.2899	0.725
21409200	0.2823	0.694
21412800	0.2685	0.496
21416400	0.3341	0.357
21420000	0.30560000000000004	0.182
21423600	0.3123	0.041
21427200	0.3162	0.205
21430800	0.3307	0.128
21434400	0.36219999999999997	0.079
21438000	0.358	0.053
21441600	0.3178	0.055
21445200	0.2829	0.119
21448800	0.2051	0.274
21452400	0.1464	0.27
21456000	0.13440000000000002	0.092
21459600	0.1363	0.011
21463200	0.1379	0.039
21466800	0.1389	0.024
21470400	0.1396	0.037
21474000	0.1459	0.061
21477600	0.1678	0.1
21481200	0.176	0.189
21484800	0.2337	0.305
21488400	0.2469	0.52
21492000	0.2508	0.725
21495600	0.2501	0.694
21499200	0.2358	0.496
21502800	0.32689999999999997	0.357
21506400	0.315	0.182
21510000	0.3128	0.041
21513600	0.30989999999999995	0.205
21517200	0.32280000000000003	0.128
21520800	0.3393	0.079
21524400	0.3398	0.053
21528000	0.3409	0.055
21531600	0.267	0.119
21535200	0.15469999999999998	0.274
21538800	0.1257	0.27
21542400	0.12	0.092
21546000	0.12359999999999999	0.011
21549600	0.12359999999999999	0.039
21553200	0.1211	0.024
21556800	0.1227	0.037
21560400	0.12079999999999999	0.061
21564000	0.12079999999999999	0.1
21567600	0.1316	0.189
21571200	0.1876	0.305
21574800	0.2637	0.52
21578400	0.2696	0.725
21582000	0.2412	0.694
21585600	0.2273	0.496
21589200	0.31239999999999996	0.357
21592800	0.31439999999999996	0.182
21596400	0.31039999999999995	0.041
21600000	0.329	0.205
21603600	0.3411	0.128
21607200	0.3495	0.079
21610800	0.3476	0.053
21614400	0.351	0.055
21618000	0.2866	0.119
21621600	0.14809999999999998	0.274
21625200	0.1201	0.27
21628800	0.1145	0.092
21632400	0.1144	0.011
21636000	0.1153	0.039
21639600	0.1154	0.024
21643200	0.1145	0.037
21646800	0.1138	0.061
21650400	0.11309999999999999	0.1
21654000	0.1279	0.189
21657600	0.18819999999999998	0.305
21661200	0.2533	0.52
21664800	0.2627	0.725
21668400	0.2489	0.694
21672000	0.25989999999999996	0.496
21675600	0.2784	0.357
21679200	0.31260000000000004	0.182
21682800	0.3398	0.041
21686400	0.36010000000000003	0.205
21690000	0.38530000000000003	0.128
21693600	0.36160000000000003	0.079
21697200	0.338	0.053
21700800	0.36660000000000004	0.055
21704400	0.3441	0.119
21708000	0.162	0.274
21711600	0.1305	0.27
21715200	0.12129999999999999	0.092
21718800	0.1192	0.011
21722400	0.1189	0.039
21726000	0.1202	0.024
21729600	0.12140000000000001	0.037
21733200	0.12940000000000002	0.061
21736800	0.1479	0.1
21740400	0.1824	0.189
21744000	0.2263	0.305
21747600	0.2523	0.52
21751200	0.25610000000000005	0.725
21754800	0.2494	0.694
21758400	0.2465	0.496
21762000	0.2837	0.357
21765600	0.2847	0.182
21769200	0.3148	0.041
21772800	0.3426	0.205
21776400	0.348	0.128
21780000	0.36310000000000003	0.079
21783600	0.39289999999999997	0.053
21787200	0.38139999999999996	0.055
21790800	0.31189999999999996	0.119
21794400	0.1266	0.274
21798000	0.09570000000000001	0.27
21801600	0.0896	0.092
21805200	0.0882	0.011
21808800	0.089	0.039
21812400	0.0902	0.024
21816000	0.0911	0.037
21819600	0.0925	0.061
21823200	0.09559999999999999	0.1
21826800	0.1403	0.189
21830400	0.19690000000000002	0.305
21834000	0.2351	0.52
21837600	0.2388	0.725
21841200	0.2392	0.694
21844800	0.2394	0.496
21848400	0.2855	0.357
21852000	0.31860000000000005	0.182
21855600	0.3261	0.041
21859200	0.3548	0.205
21862800	0.3767	0.128
21866400	0.38930000000000003	0.079
21870000	0.38589999999999997	0.053
21873600	0.38039999999999996	0.055
21877200	0.3155	0.119
21880800	0.14980000000000002	0.274
21884400	0.1164	0.27
21888000	0.10779999999999999	0.092
21891600	0.10629999999999999	0.011
21895200	0.10779999999999999	0.039
21898800	0.11109999999999999	0.024
21902400	0.1134	0.037
21906000	0.1133	0.061
21909600	0.11209999999999999	0.1
21913200	0.13319999999999999	0.189
21916800	0.2176	0.305
21920400	0.26089999999999997	0.52
21924000	0.269	0.725
21927600	0.26539999999999997	0.694
21931200	0.2551	0.496
21934800	0.2689	0.357
21938400	0.30689999999999995	0.182
21942000	0.3168	0.041
21945600	0.3625	0.205
21949200	0.37889999999999996	0.128
21952800	0.3787	0.079
21956400	0.38489999999999996	0.053
21960000	0.3822	0.055
21963600	0.32239999999999996	0.119
21967200	0.162	0.274
21970800	0.1164	0.27
21974400	0.1108	0.092
21978000	0.11320000000000001	0.011
21981600	0.1182	0.039
21985200	0.1196	0.024
21988800	0.1199	0.037
21992400	0.1182	0.061
21996000	0.1166	0.1
21999600	0.1375	0.189
22003200	0.2089	0.305
22006800	0.2379	0.52
22010400	0.245	0.725
22014000	0.24559999999999998	0.694
22017600	0.2534	0.496
22021200	0.2895	0.357
22024800	0.32780000000000004	0.182
22028400	0.35769999999999996	0.041
22032000	0.3925	0.205
22035600	0.4062	0.128
22039200	0.3952	0.079
22042800	0.396	0.053
22046400	0.4064	0.055
22050000	0.3396	0.119
22053600	0.1457	0.274
22057200	0.1103	0.27
22060800	0.1052	0.092
22064400	0.1066	0.011
22068000	0.107	0.039
22071600	0.10909999999999999	0.024
22075200	0.1076	0.037
22078800	0.10690000000000001	0.061
22082400	0.10940000000000001	0.1
22086000	0.1227	0.189
22089600	0.1997	0.305
22093200	0.2737	0.52
22096800	0.2698	0.725
22100400	0.2662	0.694
22104000	0.2567	0.496
22107600	0.292	0.357
22111200	0.3452	0.182
22114800	0.37560000000000004	0.041
22118400	0.4114	0.205
22122000	0.3975	0.128
22125600	0.3935	0.079
22129200	0.3911	0.053
22132800	0.37839999999999996	0.055
22136400	0.30419999999999997	0.119
22140000	0.1216	0.274
22143600	0.0968	0.27
22147200	0.09209999999999999	0.092
22150800	0.09240000000000001	0.011
22154400	0.0923	0.039
22158000	0.09179999999999999	0.024
22161600	0.0928	0.037
22165200	0.09290000000000001	0.061
22168800	0.1016	0.1
22172400	0.1399	0.189
22176000	0.2114	0.305
22179600	0.31110000000000004	0.52
22183200	0.2988	0.725
22186800	0.2904	0.694
22190400	0.2696	0.496
22194000	0.31689999999999996	0.357
22197600	0.32730000000000004	0.182
22201200	0.358	0.041
22204800	0.3817	0.205
22208400	0.3812	0.128
22212000	0.3979	0.079
22215600	0.38389999999999996	0.053
22219200	0.38130000000000003	0.055
22222800	0.3272	0.119
22226400	0.1487	0.274
22230000	0.1148	0.27
22233600	0.1159	0.092
22237200	0.116	0.011
22240800	0.1166	0.039
22244400	0.1156	0.024
22248000	0.1129	0.037
22251600	0.11120000000000001	0.061
22255200	0.1119	0.1
22258800	0.14830000000000002	0.189
22262400	0.205	0.305
22266000	0.3053	0.52
22269600	0.2873	0.725
22273200	0.2849	0.694
22276800	0.2701	0.496
22280400	0.31930000000000003	0.357
22284000	0.3063	0.182
22287600	0.3247	0.041
22291200	0.37360000000000004	0.205
22294800	0.3981	0.128
22298400	0.4037	0.079
22302000	0.4025	0.053
22305600	0.4027	0.055
22309200	0.3266	0.119
22312800	0.139	0.274
22316400	0.11259999999999999	0.27
22320000	0.1039	0.092
22323600	0.1039	0.011
22327200	0.1046	0.039
22330800	0.1044	0.024
22334400	0.1031	0.037
22338000	0.1015	0.061
22341600	0.1006	0.1
22345200	0.135	0.189
22348800	0.194	0.305
22352400	0.29769999999999996	0.52
22356000	0.2852	0.725
22359600	0.2769	0.694
22363200	0.2591	0.496
22366800	0.31060000000000004	0.357
22370400	0.2866	0.182
22374000	0.279	0.041
22377600	0.31110000000000004	0.205
22381200	0.3493	0.128
22384800	0.3703	0.079
22388400	0.36319999999999997	0.053
22392000	0.36989999999999995	0.055
22395600	0.2955	0.119
22399200	0.1021	0.274
22402800	0.082	0.27
22406400	0.073	0.092
22410000	0.0726	0.011
22413600	0.0735	0.039
22417200	0.0734	0.024
22420800	0.0728	0.037
22424400	0.0714	0.061
22428000	0.0723	0.1
22431600	0.1056	0.189
22435200	0.1754	0.305
22438800	0.22690000000000002	0.52
22442400	0.2225	0.725
22446000	0.22490000000000002	0.694
22449600	0.2348	0.496
22453200	0.2917	0.357
22456800	0.32739999999999997	0.182
22460400	0.3496	0.041
22464000	0.3644	0.205
22467600	0.36939999999999995	0.128
22471200	0.36989999999999995	0.079
22474800	0.3713	0.053
22478400	0.3345	0.055
22482000	0.3127	0.119
22485600	0.1409	0.274
22489200	0.1173	0.27
22492800	0.10890000000000001	0.092
22496400	0.1085	0.011
22500000	0.10840000000000001	0.039
22503600	0.109	0.024
22507200	0.10690000000000001	0.037
22510800	0.10479999999999999	0.061
22514400	0.1047	0.1
22518000	0.1335	0.189
22521600	0.21459999999999999	0.305
22525200	0.2725	0.52
22528800	0.2672	0.725
22532400	0.25889999999999996	0.694
22536000	0.2417	0.496
22539600	0.2763	0.357
22543200	0.3162	0.182
22546800	0.3618	0.041
22550400	0.3733	0.205
22554000	0.3969	0.128
22557600	0.4028	0.079
22561200	0.4068	0.053
22564800	0.3902	0.055
22568400	0.35869999999999996	0.119
22572000	0.15780000000000002	0.274
22575600	0.12229999999999999	0.27
22579200	0.1157	0.092
22582800	0.1147	0.011
22586400	0.1147	0.039
22590000	0.113	0.024
22593600	0.11	0.037
22597200	0.10740000000000001	0.061
22600800	0.1065	0.1
22604400	0.1376	0.189
22608000	0.2328	0.305
22611600	0.2735	0.52
22615200	0.2587	0.725
22618800	0.2646	0.694
22622400	0.2708	0.496
22626000	0.2856	0.357
22629600	0.31160000000000004	0.182
22633200	0.3201	0.041
22636800	0.3427	0.205
22640400	0.3851	0.128
22644000	0.4015	0.079
22647600	0.4057	0.053
22651200	0.3998	0.055
22654800	0.3489	0.119
22658400	0.165	0.274
22662000	0.1371	0.27
22665600	0.1253	0.092
22669200	0.1231	0.011
22672800	0.12440000000000001	0.039
22676400	0.12440000000000001	0.024
22680000	0.1227	0.037
22683600	0.1212	0.061
22687200	0.12190000000000001	0.1
22690800	0.162	0.189
22694400	0.21159999999999998	0.305
22698000	0.2791	0.52
22701600	0.2601	0.725
22705200	0.25689999999999996	0.694
22708800	0.2636	0.496
22712400	0.31739999999999996	0.357
22716000	0.324	0.182
22719600	0.3332	0.041
22723200	0.3775	0.205
22726800	0.4094	0.128
22730400	0.4053	0.079
22734000	0.4112	0.053
22737600	0.4158	0.055
22741200	0.3673	0.119
22744800	0.1874	0.274
22748400	0.1375	0.27
22752000	0.1248	0.092
22755600	0.1245	0.011
22759200	0.1267	0.039
22762800	0.1281	0.024
22766400	0.1251	0.037
22770000	0.1242	0.061
22773600	0.1321	0.1
22777200	0.1728	0.189
22780800	0.219	0.305
22784400	0.2846	0.52
22788000	0.2717	0.725
22791600	0.2687	0.694
22795200	0.2585	0.496
22798800	0.30560000000000004	0.357
22802400	0.3392	0.182
22806000	0.3534	0.041
22809600	0.3808	0.205
22813200	0.3956	0.128
22816800	0.386	0.079
22820400	0.4153	0.053
22824000	0.3967	0.055
22827600	0.3693	0.119
22831200	0.1686	0.274
22834800	0.1192	0.27
22838400	0.1148	0.092
22842000	0.1144	0.011
22845600	0.1232	0.039
22849200	0.1242	0.024
22852800	0.12129999999999999	0.037
22856400	0.1256	0.061
22860000	0.14	0.1
22863600	0.1794	0.189
22867200	0.2275	0.305
22870800	0.2718	0.52
22874400	0.2562	0.725
22878000	0.2545	0.694
22881600	0.2715	0.496
22885200	0.3044	0.357
22888800	0.3227	0.182
22892400	0.3291	0.041
22896000	0.36860000000000004	0.205
22899600	0.4035	0.128
22903200	0.4059	0.079
22906800	0.4092	0.053
22910400	0.4153	0.055
22914000	0.3892	0.119
22917600	0.231	0.274
22921200	0.1564	0.27
22924800	0.1387	0.092
22928400	0.1261	0.011
22932000	0.1231	0.039
22935600	0.1257	0.024
22939200	0.1277	0.037
22942800	0.142	0.061
22946400	0.1771	0.1
22950000	0.22080000000000002	0.189
22953600	0.2389	0.305
22957200	0.2572	0.52
22960800	0.2555	0.725
22964400	0.255	0.694
22968000	0.2686	0.496
22971600	0.30939999999999995	0.357
22975200	0.3364	0.182
22978800	0.3494	0.041
22982400	0.36810000000000004	0.205
22986000	0.4092	0.128
22989600	0.4072	0.079
22993200	0.4038	0.053
22996800	0.4066	0.055
23000400	0.38339999999999996	0.119
23004000	0.19590000000000002	0.274
23007600	0.12840000000000001	0.27
23011200	0.1149	0.092
23014800	0.11109999999999999	0.011
23018400	0.111	0.039
23022000	0.1107	0.024
23025600	0.10940000000000001	0.037
23029200	0.108	0.061
23032800	0.1092	0.1
23036400	0.15230000000000002	0.189
23040000	0.22030000000000002	0.305
23043600	0.2503	0.52
23047200	0.2494	0.725
23050800	0.24930000000000002	0.694
23054400	0.2621	0.496
23058000	0.2954	0.357
23061600	0.30939999999999995	0.182
23065200	0.31539999999999996	0.041
23068800	0.3634	0.205
23072400	0.3738	0.128
23076000	0.36219999999999997	0.079
23079600	0.3603	0.053
23083200	0.37289999999999995	0.055
23086800	0.34	0.119
23090400	0.1413	0.274
23094000	0.1044	0.27
23097600	0.0997	0.092
23101200	0.09820000000000001	0.011
23104800	0.1001	0.039
23108400	0.1004	0.024
23112000	0.09809999999999999	0.037
23115600	0.0959	0.061
23119200	0.09620000000000001	0.1
23122800	0.1252	0.189
23126400	0.21230000000000002	0.305
23130000	0.239	0.52
23133600	0.2383	0.725
23137200	0.2391	0.694
23140800	0.2385	0.496
23144400	0.2718	0.357
23148000	0.29519999999999996	0.182
23151600	0.30619999999999997	0.041
23155200	0.3292	0.205
23158800	0.3563	0.128
23162400	0.3713	0.079
23166000	0.3743	0.053
23169600	0.3578	0.055
23173200	0.3457	0.119
23176800	0.1424	0.274
23180400	0.1085	0.27
23184000	0.10479999999999999	0.092
23187600	0.104	0.011
23191200	0.1039	0.039
23194800	0.1047	0.024
23198400	0.1043	0.037
23202000	0.102	0.061
23205600	0.101	0.1
23209200	0.1215	0.189
23212800	0.2185	0.305
23216400	0.241	0.52
23220000	0.24109999999999998	0.725
23223600	0.2414	0.694
23227200	0.2464	0.496
23230800	0.2921	0.357
23234400	0.3216	0.182
23238000	0.32639999999999997	0.041
23241600	0.3613	0.205
23245200	0.3599	0.128
23248800	0.3349	0.079
23252400	0.3757	0.053
23256000	0.3402	0.055
23259600	0.3127	0.119
23263200	0.15259999999999999	0.274
23266800	0.1174	0.27
23270400	0.1115	0.092
23274000	0.1095	0.011
23277600	0.1085	0.039
23281200	0.10840000000000001	0.024
23284800	0.107	0.037
23288400	0.1061	0.061
23292000	0.10640000000000001	0.1
23295600	0.1413	0.189
23299200	0.2391	0.305
23302800	0.25780000000000003	0.52
23306400	0.25889999999999996	0.725
23310000	0.25680000000000003	0.694
23313600	0.2689	0.496
23317200	0.32030000000000003	0.357
23320800	0.3517	0.182
23324400	0.3697	0.041
23328000	0.3986	0.205
23331600	0.3862	0.128
23335200	0.4147	0.079
23338800	0.413	0.053
23342400	0.39280000000000004	0.055
23346000	0.3561	0.119
23349600	0.15719999999999998	0.274
23353200	0.1165	0.27
23356800	0.10990000000000001	0.092
23360400	0.1085	0.011
23364000	0.1103	0.039
23367600	0.1105	0.024
23371200	0.1098	0.037
23374800	0.109	0.061
23378400	0.1165	0.1
23382000	0.16490000000000002	0.189
23385600	0.21880000000000002	0.305
23389200	0.2822	0.52
23392800	0.2738	0.725
23396400	0.2747	0.694
23400000	0.2516	0.496
23403600	0.3015	0.357
23407200	0.32589999999999997	0.182
23410800	0.35660000000000003	0.041
23414400	0.4126	0.205
23418000	0.4189	0.128
23421600	0.421	0.079
23425200	0.42219999999999996	0.053
23428800	0.42260000000000003	0.055
23432400	0.3949	0.119
23436000	0.2053	0.274
23439600	0.1242	0.27
23443200	0.1139	0.092
23446800	0.1093	0.011
23450400	0.1171	0.039
23454000	0.12129999999999999	0.024
23457600	0.1185	0.037
23461200	0.1183	0.061
23464800	0.1278	0.1
23468400	0.1785	0.189
23472000	0.2255	0.305
23475600	0.2626	0.52
23479200	0.2506	0.725
23482800	0.2489	0.694
23486400	0.2567	0.496
23490000	0.2927	0.357
23493600	0.30710000000000004	0.182
23497200	0.3542	0.041
23500800	0.3767	0.205
23504400	0.389	0.128
23508000	0.4006	0.079
23511600	0.4006	0.053
23515200	0.4018	0.055
23518800	0.38189999999999996	0.119
23522400	0.1492	0.274
23526000	0.109	0.27
23529600	0.1016	0.092
23533200	0.1013	0.011
23536800	0.1032	0.039
23540400	0.1045	0.024
23544000	0.1031	0.037
23547600	0.1005	0.061
23551200	0.1026	0.1
23554800	0.1685	0.189
23558400	0.2278	0.305
23562000	0.2506	0.52
23565600	0.2495	0.725
23569200	0.25	0.694
23572800	0.2551	0.496
23576400	0.282	0.357
23580000	0.30560000000000004	0.182
23583600	0.31839999999999996	0.041
23587200	0.3393	0.205
23590800	0.3523	0.128
23594400	0.38	0.079
23598000	0.4	0.053
23601600	0.4152	0.055
23605200	0.3717	0.119
23608800	0.12179999999999999	0.274
23612400	0.08990000000000001	0.27
23616000	0.08020000000000001	0.092
23619600	0.0808	0.011
23623200	0.0824	0.039
23626800	0.0832	0.024
23630400	0.08170000000000001	0.037
23634000	0.0798	0.061
23637600	0.08059999999999999	0.1
23641200	0.1378	0.189
23644800	0.29469999999999996	0.305
23648400	0.31930000000000003	0.52
23652000	0.31910000000000005	0.725
23655600	0.3167	0.694
23659200	0.3237	0.496
23662800	0.319	0.357
23666400	0.2697	0.182
23670000	0.2904	0.041
23673600	0.273	0.205
23677200	0.2791	0.128
23680800	0.3063	0.079
23684400	0.32239999999999996	0.053
23688000	0.3277	0.055
23691600	0.2773	0.119
23695200	0.13390000000000002	0.274
23698800	0.0922	0.27
23702400	0.0877	0.092
23706000	0.0891	0.011
23709600	0.09190000000000001	0.039
23713200	0.09309999999999999	0.024
23716800	0.0915	0.037
23720400	0.08979999999999999	0.061
23724000	0.0922	0.1
23727600	0.11120000000000001	0.189
23731200	0.2372	0.305
23734800	0.3405	0.52
23738400	0.2995	0.725
23742000	0.292	0.694
23745600	0.30860000000000004	0.496
23749200	0.3407	0.357
23752800	0.2812	0.182
23756400	0.30069999999999997	0.041
23760000	0.3349	0.205
23763600	0.3486	0.128
23767200	0.35769999999999996	0.079
23770800	0.3798	0.053
23774400	0.36719999999999997	0.055
23778000	0.338	0.119
23781600	0.1559	0.274
23785200	0.10809999999999999	0.27
23788800	0.104	0.092
23792400	0.1061	0.011
23796000	0.1087	0.039
23799600	0.1093	0.024
23803200	0.1071	0.037
23806800	0.10490000000000001	0.061
23810400	0.1062	0.1
23814000	0.1285	0.189
23817600	0.2246	0.305
23821200	0.30789999999999995	0.52
23824800	0.2846	0.725
23828400	0.2779	0.694
23832000	0.283	0.496
23835600	0.30010000000000003	0.357
23839200	0.26239999999999997	0.182
23842800	0.2459	0.041
23846400	0.251	0.205
23850000	0.2746	0.128
23853600	0.2806	0.079
23857200	0.2866	0.053
23860800	0.2839	0.055
23864400	0.2538	0.119
23868000	0.1103	0.274
23871600	0.0731	0.27
23875200	0.0685	0.092
23878800	0.0695	0.011
23882400	0.0716	0.039
23886000	0.0722	0.024
23889600	0.0709	0.037
23893200	0.0693	0.061
23896800	0.0701	0.1
23900400	0.0866	0.189
23904000	0.1724	0.305
23907600	0.2517	0.52
23911200	0.2351	0.725
23914800	0.2354	0.694
23918400	0.1881	0.496
23922000	0.2762	0.357
23925600	0.2455	0.182
23929200	0.26489999999999997	0.041
23932800	0.29410000000000003	0.205
23936400	0.30069999999999997	0.128
23940000	0.3003	0.079
23943600	0.30119999999999997	0.053
23947200	0.3015	0.055
23950800	0.2923	0.119
23954400	0.1257	0.274
23958000	0.0907	0.27
23961600	0.0847	0.092
23965200	0.0833	0.011
23968800	0.0841	0.039
23972400	0.0833	0.024
23976000	0.0819	0.037
23979600	0.07890000000000001	0.061
23983200	0.07959999999999999	0.1
23986800	0.1189	0.189
23990400	0.177	0.305
23994000	0.184	0.52
23997600	0.18530000000000002	0.725
24001200	0.1827	0.694
24004800	0.1988	0.496
24008400	0.2539	0.357
24012000	0.26280000000000003	0.182
24015600	0.3102	0.041
24019200	0.3128	0.205
24022800	0.30319999999999997	0.128
24026400	0.3049	0.079
24030000	0.3072	0.053
24033600	0.3098	0.055
24037200	0.3038	0.119
24040800	0.15769999999999998	0.274
24044400	0.10809999999999999	0.27
24048000	0.0992	0.092
24051600	0.0948	0.011
24055200	0.09659999999999999	0.039
24058800	0.09620000000000001	0.024
24062400	0.0952	0.037
24066000	0.1014	0.061
24069600	0.1004	0.1
24073200	0.15730000000000002	0.189
24076800	0.1814	0.305
24080400	0.1869	0.52
24084000	0.1871	0.725
24087600	0.1876	0.694
24091200	0.1749	0.496
24094800	0.21830000000000002	0.357
24098400	0.21209999999999998	0.182
24102000	0.2457	0.041
24105600	0.2739	0.205
24109200	0.2928	0.128
24112800	0.30110000000000003	0.079
24116400	0.3077	0.053
24120000	0.307	0.055
24123600	0.2773	0.119
24127200	0.1235	0.274
24130800	0.0792	0.27
24134400	0.073	0.092
24138000	0.07440000000000001	0.011
24141600	0.0768	0.039
24145200	0.076	0.024
24148800	0.0732	0.037
24152400	0.07540000000000001	0.061
24156000	0.0772	0.1
24159600	0.12490000000000001	0.189
24163200	0.1682	0.305
24166800	0.1748	0.52
24170400	0.1734	0.725
24174000	0.1735	0.694
24177600	0.175	0.496
24181200	0.1994	0.357
24184800	0.22790000000000002	0.182
24188400	0.2555	0.041
24192000	0.2811	0.205
24195600	0.3044	0.128
24199200	0.3072	0.079
24202800	0.3095	0.053
24206400	0.31339999999999996	0.055
24210000	0.2812	0.119
24213600	0.047	0.274
24217200	0.0308	0.27
24220800	0.0298	0.092
24224400	0.0304	0.011
24228000	0.0312	0.039
24231600	0.0313	0.024
24235200	0.030899999999999997	0.037
24238800	0.0303	0.061
24242400	0.030899999999999997	0.1
24246000	0.09090000000000001	0.189
24249600	0.1722	0.305
24253200	0.178	0.52
24256800	0.1762	0.725
24260400	0.1763	0.694
24264000	0.19140000000000001	0.496
24267600	0.2309	0.357
24271200	0.2454	0.182
24274800	0.29	0.041
24278400	0.2973	0.205
24282000	0.31239999999999996	0.128
24285600	0.31260000000000004	0.079
24289200	0.314	0.053
24292800	0.2984	0.055
24296400	0.2675	0.119
24300000	0.0782	0.274
24303600	0.052	0.27
24307200	0.047700000000000006	0.092
24310800	0.0474	0.011
24314400	0.048100000000000004	0.039
24318000	0.0479	0.024
24321600	0.0465	0.037
24325200	0.045200000000000004	0.061
24328800	0.046299999999999994	0.1
24332400	0.134	0.189
24336000	0.1665	0.305
24339600	0.1738	0.52
24343200	0.1739	0.725
24346800	0.1743	0.694
24350400	0.1819	0.496
24354000	0.2445	0.357
24357600	0.2692	0.182
24361200	0.30319999999999997	0.041
24364800	0.324	0.205
24368400	0.32239999999999996	0.128
24372000	0.32639999999999997	0.079
24375600	0.32580000000000003	0.053
24379200	0.3055	0.055
24382800	0.2762	0.119
24386400	0.13019999999999998	0.274
24390000	0.0882	0.27
24393600	0.086	0.092
24397200	0.088	0.011
24400800	0.0905	0.039
24404400	0.09	0.024
24408000	0.09290000000000001	0.037
24411600	0.09140000000000001	0.061
24415200	0.09659999999999999	0.1
24418800	0.1744	0.189
24422400	0.2078	0.305
24426000	0.2039	0.52
24429600	0.22290000000000001	0.725
24433200	0.2216	0.694
24436800	0.21330000000000002	0.496
24440400	0.2774	0.357
24444000	0.2827	0.182
24447600	0.3359	0.041
24451200	0.3419	0.205
24454800	0.3451	0.128
24458400	0.3481	0.079
24462000	0.35960000000000003	0.053
24465600	0.35810000000000003	0.055
24469200	0.3546	0.119
24472800	0.1671	0.274
24476400	0.1018	0.27
24480000	0.0915	0.092
24483600	0.09129999999999999	0.011
24487200	0.0996	0.039
24490800	0.0979	0.024
24494400	0.1008	0.037
24498000	0.09409999999999999	0.061
24501600	0.0993	0.1
24505200	0.1586	0.189
24508800	0.19490000000000002	0.305
24512400	0.1988	0.52
24516000	0.18919999999999998	0.725
24519600	0.1849	0.694
24523200	0.19619999999999999	0.496
24526800	0.21969999999999998	0.357
24530400	0.264	0.182
24534000	0.2923	0.041
24537600	0.30989999999999995	0.205
24541200	0.32239999999999996	0.128
24544800	0.32439999999999997	0.079
24548400	0.32530000000000003	0.053
24552000	0.3287	0.055
24555600	0.3227	0.119
24559200	0.2078	0.274
24562800	0.1439	0.27
24566400	0.1258	0.092
24570000	0.1351	0.011
24573600	0.1421	0.039
24577200	0.153	0.024
24580800	0.1633	0.037
24584400	0.1643	0.061
24588000	0.1677	0.1
24591600	0.2016	0.189
24595200	0.2268	0.305
24598800	0.2186	0.52
24602400	0.2033	0.725
24606000	0.1994	0.694
24609600	0.20980000000000001	0.496
24613200	0.2445	0.357
24616800	0.2687	0.182
24620400	0.2866	0.041
24624000	0.29819999999999997	0.205
24627600	0.30689999999999995	0.128
24631200	0.3082	0.079
24634800	0.309	0.053
24638400	0.3088	0.055
24642000	0.2662	0.119
24645600	0.2043	0.274
24649200	0.1336	0.27
24652800	0.1238	0.092
24656400	0.1217	0.011
24660000	0.1171	0.039
24663600	0.1175	0.024
24667200	0.1152	0.037
24670800	0.1108	0.061
24674400	0.103	0.1
24678000	0.18430000000000002	0.189
24681600	0.2171	0.305
24685200	0.22030000000000002	0.52
24688800	0.2049	0.725
24692400	0.19269999999999998	0.694
24696000	0.19190000000000002	0.496
24699600	0.221	0.357
24703200	0.24359999999999998	0.182
24706800	0.25980000000000003	0.041
24710400	0.3162	0.205
24714000	0.3365	0.128
24717600	0.3312	0.079
24721200	0.32930000000000004	0.053
24724800	0.3389	0.055
24728400	0.339	0.119
24732000	0.0362	0.274
24735600	0.023	0.27
24739200	0.0209	0.092
24742800	0.0217	0.011
24746400	0.0212	0.039
24750000	0.0209	0.024
24753600	0.0201	0.037
24757200	0.019	0.061
24760800	0.018600000000000002	0.1
24764400	0.0544	0.189
24768000	0.1125	0.305
24771600	0.1077	0.52
24775200	0.1022	0.725
24778800	0.1025	0.694
24782400	0.1025	0.496
24786000	0.1197	0.357
24789600	0.1277	0.182
24793200	0.1442	0.041
24796800	0.166	0.205
24800400	0.1871	0.128
24804000	0.2025	0.079
24807600	0.219	0.053
24811200	0.2045	0.055
24814800	0.2155	0.119
24818400	0.055299999999999995	0.274
24822000	0.0329	0.27
24825600	0.0319	0.092
24829200	0.0315	0.011
24832800	0.0319	0.039
24836400	0.0324	0.024
24840000	0.032	0.037
24843600	0.032299999999999995	0.061
24847200	0.0343	0.1
24850800	0.1167	0.189
24854400	0.2078	0.305
24858000	0.2093	0.52
24861600	0.2065	0.725
24865200	0.21030000000000001	0.694
24868800	0.22769999999999999	0.496
24872400	0.2807	0.357
24876000	0.31660000000000005	0.182
24879600	0.3489	0.041
24883200	0.36319999999999997	0.205
24886800	0.3556	0.128
24890400	0.3526	0.079
24894000	0.3533	0.053
24897600	0.36019999999999996	0.055
24901200	0.3573	0.119
24904800	0.15519999999999998	0.274
24908400	0.09709999999999999	0.27
24912000	0.0884	0.092
24915600	0.0911	0.011
24919200	0.0937	0.039
24922800	0.0964	0.024
24926400	0.0932	0.037
24930000	0.09509999999999999	0.061
24933600	0.096	0.1
24937200	0.1864	0.189
24940800	0.2057	0.305
24944400	0.213	0.52
24948000	0.21259999999999998	0.725
24951600	0.21209999999999998	0.694
24955200	0.2176	0.496
24958800	0.25639999999999996	0.357
24962400	0.296	0.182
24966000	0.3414	0.041
24969600	0.3483	0.205
24973200	0.3406	0.128
24976800	0.341	0.079
24980400	0.3423	0.053
24984000	0.343	0.055
24987600	0.3404	0.119
24991200	0.08990000000000001	0.274
24994800	0.0526	0.27
24998400	0.0496	0.092
25002000	0.05	0.011
25005600	0.0507	0.039
25009200	0.0505	0.024
25012800	0.048799999999999996	0.037
25016400	0.0469	0.061
25020000	0.0476	0.1
25023600	0.1427	0.189
25027200	0.2019	0.305
25030800	0.2161	0.52
25034400	0.21580000000000002	0.725
25038000	0.21559999999999999	0.694
25041600	0.22180000000000002	0.496
25045200	0.2631	0.357
25048800	0.3005	0.182
25052400	0.3073	0.041
25056000	0.3422	0.205
25059600	0.356	0.128
25063200	0.3547	0.079
25066800	0.3524	0.053
25070400	0.3465	0.055
25074000	0.3482	0.119
25077600	0.1149	0.274
25081200	0.0708	0.27
25084800	0.06670000000000001	0.092
25088400	0.068	0.011
25092000	0.0709	0.039
25095600	0.0719	0.024
25099200	0.0704	0.037
25102800	0.0684	0.061
25106400	0.0705	0.1
25110000	0.1535	0.189
25113600	0.2129	0.305
25117200	0.2351	0.52
25120800	0.2385	0.725
25124400	0.2288	0.694
25128000	0.2276	0.496
25131600	0.3048	0.357
25135200	0.31239999999999996	0.182
25138800	0.32589999999999997	0.041
25142400	0.3683	0.205
25146000	0.3742	0.128
25149600	0.375	0.079
25153200	0.37589999999999996	0.053
25156800	0.3778	0.055
25160400	0.3782	0.119
25164000	0.16369999999999998	0.274
25167600	0.1004	0.27
25171200	0.093	0.092
25174800	0.0938	0.011
25178400	0.09809999999999999	0.039
25182000	0.0983	0.024
25185600	0.09709999999999999	0.037
25189200	0.0942	0.061
25192800	0.0959	0.1
25196400	0.161	0.189
25200000	0.2166	0.305
25203600	0.2294	0.52
25207200	0.2382	0.725
25210800	0.2195	0.694
25214400	0.2346	0.496
25218000	0.2835	0.357
25221600	0.30910000000000004	0.182
25225200	0.3292	0.041
25228800	0.3407	0.205
25232400	0.3345	0.128
25236000	0.3361	0.079
25239600	0.3397	0.053
25243200	0.3407	0.055
25246800	0.3452	0.119
25250400	0.1441	0.274
25254000	0.0843	0.27
25257600	0.0783	0.092
25261200	0.0803	0.011
25264800	0.0839	0.039
25268400	0.0856	0.024
25272000	0.0829	0.037
25275600	0.08209999999999999	0.061
25279200	0.0845	0.1
25282800	0.15180000000000002	0.189
25286400	0.1777	0.305
25290000	0.1835	0.52
25293600	0.18330000000000002	0.725
25297200	0.1874	0.694
25300800	0.2032	0.496
25304400	0.2457	0.357
25308000	0.2587	0.182
25311600	0.2736	0.041
25315200	0.2888	0.205
25318800	0.3127	0.128
25322400	0.30069999999999997	0.079
25326000	0.2945	0.053
25329600	0.29560000000000003	0.055
25333200	0.2901	0.119
25336800	0.062	0.274
25340400	0.039200000000000006	0.27
25344000	0.0355	0.092
25347600	0.0353	0.011
25351200	0.0356	0.039
25354800	0.0352	0.024
25358400	0.0342	0.037
25362000	0.0337	0.061
25365600	0.0338	0.1
25369200	0.1011	0.189
25372800	0.1305	0.305
25376400	0.1343	0.52
25380000	0.12840000000000001	0.725
25383600	0.1279	0.694
25387200	0.1376	0.496
25390800	0.1546	0.357
25394400	0.1742	0.182
25398000	0.1918	0.041
25401600	0.2295	0.205
25405200	0.225	0.128
25408800	0.2336	0.079
25412400	0.2283	0.053
25416000	0.21880000000000002	0.055
25419600	0.2007	0.119
25423200	0.0912	0.274
25426800	0.052399999999999995	0.27
25430400	0.0469	0.092
25434000	0.047200000000000006	0.011
25437600	0.048799999999999996	0.039
25441200	0.049	0.024
25444800	0.0485	0.037
25448400	0.048100000000000004	0.061
25452000	0.051	0.1
25455600	0.1514	0.189
25459200	0.2036	0.305
25462800	0.2011	0.52
25466400	0.1844	0.725
25470000	0.18619999999999998	0.694
25473600	0.2011	0.496
25477200	0.1911	0.357
25480800	0.22169999999999998	0.182
25484400	0.2577	0.041
25488000	0.2778	0.205
25491600	0.2901	0.128
25495200	0.2912	0.079
25498800	0.2865	0.053
25502400	0.26180000000000003	0.055
25506000	0.22240000000000001	0.119
25509600	0.1879	0.274
25513200	0.1019	0.27
25516800	0.089	0.092
25520400	0.0905	0.011
25524000	0.0987	0.039
25527600	0.11259999999999999	0.024
25531200	0.1139	0.037
25534800	0.11120000000000001	0.061
25538400	0.11040000000000001	0.1
25542000	0.1719	0.189
25545600	0.1986	0.305
25549200	0.18969999999999998	0.52
25552800	0.1794	0.725
25556400	0.1711	0.694
25560000	0.18480000000000002	0.496
25563600	0.2012	0.357
25567200	0.223	0.182
25570800	0.2616	0.041
25574400	0.2866	0.205
25578000	0.2897	0.128
25581600	0.2908	0.079
25585200	0.2906	0.053
25588800	0.2765	0.055
25592400	0.2695	0.119
25596000	0.1335	0.274
25599600	0.0686	0.27
25603200	0.0605	0.092
25606800	0.062	0.011
25610400	0.0637	0.039
25614000	0.06559999999999999	0.024
25617600	0.0678	0.037
25621200	0.0688	0.061
25624800	0.0717	0.1
25628400	0.1608	0.189
25632000	0.1896	0.305
25635600	0.1817	0.52
25639200	0.1606	0.725
25642800	0.16019999999999998	0.694
25646400	0.1706	0.496
25650000	0.18680000000000002	0.357
25653600	0.2185	0.182
25657200	0.2369	0.041
25660800	0.256	0.205
25664400	0.2645	0.128
25668000	0.26839999999999997	0.079
25671600	0.2677	0.053
25675200	0.2553	0.055
25678800	0.2215	0.119
25682400	0.1407	0.274
25686000	0.0679	0.27
25689600	0.06459999999999999	0.092
25693200	0.0636	0.011
25696800	0.0578	0.039
25700400	0.0664	0.024
25704000	0.063	0.037
25707600	0.0569	0.061
25711200	0.0674	0.1
25714800	0.15430000000000002	0.189
25718400	0.2336	0.305
25722000	0.21930000000000002	0.52
25725600	0.1984	0.725
25729200	0.2073	0.694
25732800	0.2184	0.496
25736400	0.221	0.357
25740000	0.24880000000000002	0.182
25743600	0.2859	0.041
25747200	0.3226	0.205
25750800	0.3292	0.128
25754400	0.3337	0.079
25758000	0.3374	0.053
25761600	0.3117	0.055
25765200	0.28	0.119
25768800	0.16269999999999998	0.274
25772400	0.08059999999999999	0.27
25776000	0.07379999999999999	0.092
25779600	0.0761	0.011
25783200	0.0792	0.039
25786800	0.0798	0.024
25790400	0.07759999999999999	0.037
25794000	0.0747	0.061
25797600	0.07590000000000001	0.1
25801200	0.16169999999999998	0.189
25804800	0.1881	0.305
25808400	0.18359999999999999	0.52
25812000	0.1984	0.725
25815600	0.18519999999999998	0.694
25819200	0.2007	0.496
25822800	0.2486	0.357
25826400	0.3008	0.182
25830000	0.3384	0.041
25833600	0.3412	0.205
25837200	0.3443	0.128
25840800	0.336	0.079
25844400	0.3338	0.053
25848000	0.32680000000000003	0.055
25851600	0.2917	0.119
25855200	0.1713	0.274
25858800	0.0973	0.27
25862400	0.0933	0.092
25866000	0.0952	0.011
25869600	0.0978	0.039
25873200	0.0995	0.024
25876800	0.0969	0.037
25880400	0.0897	0.061
25884000	0.09129999999999999	0.1
25887600	0.16140000000000002	0.189
25891200	0.1938	0.305
25894800	0.1901	0.52
25898400	0.1891	0.725
25902000	0.197	0.694
25905600	0.2206	0.496
25909200	0.24130000000000001	0.357
25912800	0.2789	0.182
25916400	0.3177	0.041
25920000	0.3452	0.205
25923600	0.3432	0.128
25927200	0.3432	0.079
25930800	0.3409	0.053
25934400	0.3401	0.055
25938000	0.3394	0.119
25941600	0.10840000000000001	0.274
25945200	0.0606	0.27
25948800	0.0544	0.092
25952400	0.056799999999999996	0.011
25956000	0.0583	0.039
25959600	0.06	0.024
25963200	0.0574	0.037
25966800	0.0545	0.061
25970400	0.0574	0.1
25974000	0.1346	0.189
25977600	0.147	0.305
25981200	0.1472	0.52
25984800	0.1458	0.725
25988400	0.1462	0.694
25992000	0.14980000000000002	0.496
25995600	0.1845	0.357
25999200	0.2006	0.182
26002800	0.24969999999999998	0.041
26006400	0.2818	0.205
26010000	0.2927	0.128
26013600	0.3004	0.079
26017200	0.30789999999999995	0.053
26020800	0.31110000000000004	0.055
26024400	0.3132	0.119
26028000	0.1001	0.274
26031600	0.0517	0.27
26035200	0.046700000000000005	0.092
26038800	0.048100000000000004	0.011
26042400	0.0507	0.039
26046000	0.0518	0.024
26049600	0.0507	0.037
26053200	0.049	0.061
26056800	0.0528	0.1
26060400	0.15930000000000002	0.189
26064000	0.2191	0.305
26067600	0.21359999999999998	0.52
26071200	0.1987	0.725
26074800	0.2007	0.694
26078400	0.2184	0.496
26082000	0.2465	0.357
26085600	0.2764	0.182
26089200	0.3088	0.041
26092800	0.3454	0.205
26096400	0.3457	0.128
26100000	0.3549	0.079
26103600	0.3568	0.053
26107200	0.33039999999999997	0.055
26110800	0.2931	0.119
26114400	0.1901	0.274
26118000	0.0809	0.27
26121600	0.07379999999999999	0.092
26125200	0.07759999999999999	0.011
26128800	0.0792	0.039
26132400	0.0804	0.024
26136000	0.07790000000000001	0.037
26139600	0.0761	0.061
26143200	0.0799	0.1
26146800	0.186	0.189
26150400	0.1963	0.305
26154000	0.1963	0.52
26157600	0.19030000000000002	0.725
26161200	0.19390000000000002	0.694
26164800	0.21769999999999998	0.496
26168400	0.2667	0.357
26172000	0.2933	0.182
26175600	0.3452	0.041
26179200	0.36669999999999997	0.205
26182800	0.3702	0.128
26186400	0.3722	0.079
26190000	0.3737	0.053
26193600	0.37560000000000004	0.055
26197200	0.3767	0.119
26200800	0.203	0.274
26204400	0.099	0.27
26208000	0.0925	0.092
26211600	0.09209999999999999	0.011
26215200	0.09509999999999999	0.039
26218800	0.096	0.024
26222400	0.0932	0.037
26226000	0.0927	0.061
26229600	0.0965	0.1
26233200	0.2059	0.189
26236800	0.23	0.305
26240400	0.22269999999999998	0.52
26244000	0.238	0.725
26247600	0.2255	0.694
26251200	0.2541	0.496
26254800	0.2979	0.357
26258400	0.2954	0.182
26262000	0.3028	0.041
26265600	0.3541	0.205
26269200	0.36469999999999997	0.128
26272800	0.36410000000000003	0.079
26276400	0.3638	0.053
26280000	0.36410000000000003	0.055
26283600	0.36519999999999997	0.119
26287200	0.24080000000000001	0.274
26290800	0.1235	0.27
26294400	0.11359999999999999	0.092
26298000	0.118	0.011
26301600	0.12079999999999999	0.039
26305200	0.1247	0.024
26308800	0.12490000000000001	0.037
26312400	0.1263	0.061
26316000	0.1429	0.1
26319600	0.22419999999999998	0.189
26323200	0.21330000000000002	0.305
26326800	0.2099	0.52
26330400	0.2016	0.725
26334000	0.2109	0.694
26337600	0.2271	0.496
26341200	0.314	0.357
26344800	0.3394	0.182
26348400	0.3373	0.041
26352000	0.3371	0.205
26355600	0.337	0.128
26359200	0.337	0.079
26362800	0.3363	0.053
26366400	0.3392	0.055
26370000	0.3421	0.119
26373600	0.2403	0.274
26377200	0.1163	0.27
26380800	0.0983	0.092
26384400	0.0974	0.011
26388000	0.0995	0.039
26391600	0.1002	0.024
26395200	0.1047	0.037
26398800	0.10779999999999999	0.061
26402400	0.1168	0.1
26406000	0.2316	0.189
26409600	0.24969999999999998	0.305
26413200	0.2256	0.52
26416800	0.2175	0.725
26420400	0.21830000000000002	0.694
26424000	0.2391	0.496
26427600	0.2503	0.357
26431200	0.2779	0.182
26434800	0.3201	0.041
26438400	0.31880000000000003	0.205
26442000	0.3019	0.128
26445600	0.29910000000000003	0.079
26449200	0.30589999999999995	0.053
26452800	0.31980000000000003	0.055
26456400	0.3522	0.119
26460000	0.18530000000000002	0.274
26463600	0.1082	0.27
26467200	0.09720000000000001	0.092
26470800	0.0973	0.011
26474400	0.1018	0.039
26478000	0.1008	0.024
26481600	0.09759999999999999	0.037
26485200	0.0964	0.061
26488800	0.1026	0.1
26492400	0.228	0.189
26496000	0.2117	0.305
26499600	0.2054	0.52
26503200	0.19469999999999998	0.725
26506800	0.1923	0.694
26510400	0.2042	0.496
26514000	0.2439	0.357
26517600	0.2538	0.182
26521200	0.30110000000000003	0.041
26524800	0.3367	0.205
26528400	0.3387	0.128
26532000	0.3457	0.079
26535600	0.3443	0.053
26539200	0.3418	0.055
26542800	0.351	0.119
26546400	0.165	0.274
26550000	0.0907	0.27
26553600	0.075	0.092
26557200	0.0747	0.011
26560800	0.07759999999999999	0.039
26564400	0.077	0.024
26568000	0.07540000000000001	0.037
26571600	0.0715	0.061
26575200	0.0755	0.1
26578800	0.1581	0.189
26582400	0.1999	0.305
26586000	0.1941	0.52
26589600	0.1809	0.725
26593200	0.1844	0.694
26596800	0.1982	0.496
26600400	0.22440000000000002	0.357
26604000	0.2558	0.182
26607600	0.29669999999999996	0.041
26611200	0.3385	0.205
26614800	0.3434	0.128
26618400	0.3245	0.079
26622000	0.3087	0.053
26625600	0.2891	0.055
26629200	0.2806	0.119
26632800	0.07579999999999999	0.274
26636400	0.037399999999999996	0.27
26640000	0.0318	0.092
26643600	0.0325	0.011
26647200	0.034	0.039
26650800	0.0345	0.024
26654400	0.0332	0.037
26658000	0.0317	0.061
26661600	0.032799999999999996	0.1
26665200	0.0892	0.189
26668800	0.1626	0.305
26672400	0.1453	0.52
26676000	0.1454	0.725
26679600	0.157	0.694
26683200	0.176	0.496
26686800	0.2042	0.357
26690400	0.2386	0.182
26694000	0.2596	0.041
26697600	0.2781	0.205
26701200	0.26830000000000004	0.128
26704800	0.2612	0.079
26708400	0.25839999999999996	0.053
26712000	0.2796	0.055
26715600	0.2559	0.119
26719200	0.1207	0.274
26722800	0.061200000000000004	0.27
26726400	0.054299999999999994	0.092
26730000	0.0559	0.011
26733600	0.0588	0.039
26737200	0.0598	0.024
26740800	0.0577	0.037
26744400	0.0557	0.061
26748000	0.0583	0.1
26751600	0.1744	0.189
26755200	0.2164	0.305
26758800	0.2432	0.52
26762400	0.2353	0.725
26766000	0.2045	0.694
26769600	0.2301	0.496
26773200	0.273	0.357
26776800	0.295	0.182
26780400	0.333	0.041
26784000	0.3688	0.205
26787600	0.3474	0.128
26791200	0.3459	0.079
26794800	0.3451	0.053
26798400	0.3457	0.055
26802000	0.3715	0.119
26805600	0.1875	0.274
26809200	0.09540000000000001	0.27
26812800	0.0839	0.092
26816400	0.0865	0.011
26820000	0.09090000000000001	0.039
26823600	0.09209999999999999	0.024
26827200	0.08929999999999999	0.037
26830800	0.0864	0.061
26834400	0.0895	0.1
26838000	0.19190000000000002	0.189
26841600	0.20980000000000001	0.305
26845200	0.2246	0.52
26848800	0.212	0.725
26852400	0.19540000000000002	0.694
26856000	0.21559999999999999	0.496
26859600	0.2722	0.357
26863200	0.30360000000000004	0.182
26866800	0.29610000000000003	0.041
26870400	0.3382	0.205
26874000	0.3297	0.128
26877600	0.308	0.079
26881200	0.2929	0.053
26884800	0.30639999999999995	0.055
26888400	0.3168	0.119
26892000	0.1651	0.274
26895600	0.0911	0.27
26899200	0.081	0.092
26902800	0.081	0.011
26906400	0.0813	0.039
26910000	0.0815	0.024
26913600	0.0788	0.037
26917200	0.0767	0.061
26920800	0.07940000000000001	0.1
26924400	0.1671	0.189
26928000	0.2034	0.305
26931600	0.188	0.52
26935200	0.1915	0.725
26938800	0.2027	0.694
26942400	0.2137	0.496
26946000	0.24109999999999998	0.357
26949600	0.2689	0.182
26953200	0.29660000000000003	0.041
26956800	0.29710000000000003	0.205
26960400	0.2979	0.128
26964000	0.2994	0.079
26967600	0.30010000000000003	0.053
26971200	0.3024	0.055
26974800	0.3014	0.119
26978400	0.25780000000000003	0.274
26982000	0.1674	0.27
26985600	0.15009999999999998	0.092
26989200	0.1436	0.011
26992800	0.1372	0.039
26996400	0.1453	0.024
27000000	0.1421	0.037
27003600	0.15569999999999998	0.061
27007200	0.18230000000000002	0.1
27010800	0.2295	0.189
27014400	0.22180000000000002	0.305
27018000	0.1948	0.52
27021600	0.1904	0.725
27025200	0.2026	0.694
27028800	0.21869999999999998	0.496
27032400	0.2507	0.357
27036000	0.2859	0.182
27039600	0.3065	0.041
27043200	0.30619999999999997	0.205
27046800	0.30419999999999997	0.128
27050400	0.3048	0.079
27054000	0.3038	0.053
27057600	0.304	0.055
27061200	0.30419999999999997	0.119
27064800	0.24159999999999998	0.274
27068400	0.112	0.27
27072000	0.08929999999999999	0.092
27075600	0.0897	0.011
27079200	0.0958	0.039
27082800	0.1007	0.024
27086400	0.1031	0.037
27090000	0.09720000000000001	0.061
27093600	0.0912	0.1
27097200	0.191	0.189
27100800	0.237	0.305
27104400	0.1948	0.52
27108000	0.19469999999999998	0.725
27111600	0.2059	0.694
27115200	0.222	0.496
27118800	0.2223	0.357
27122400	0.2355	0.182
27126000	0.2731	0.041
27129600	0.2918	0.205
27133200	0.3045	0.128
27136800	0.30960000000000004	0.079
27140400	0.3097	0.053
27144000	0.311	0.055
27147600	0.313	0.119
27151200	0.18209999999999998	0.274
27154800	0.067	0.27
27158400	0.055799999999999995	0.092
27162000	0.054799999999999995	0.011
27165600	0.0575	0.039
27169200	0.0599	0.024
27172800	0.0576	0.037
27176400	0.0575	0.061
27180000	0.0541	0.1
27183600	0.14	0.189
27187200	0.183	0.305
27190800	0.1509	0.52
27194400	0.1465	0.725
27198000	0.15059999999999998	0.694
27201600	0.16090000000000002	0.496
27205200	0.1761	0.357
27208800	0.2034	0.182
27212400	0.233	0.041
27216000	0.25939999999999996	0.205
27219600	0.2838	0.128
27223200	0.2889	0.079
27226800	0.2949	0.053
27230400	0.2933	0.055
27234000	0.3138	0.119
27237600	0.1705	0.274
27241200	0.0582	0.27
27244800	0.051	0.092
27248400	0.0506	0.011
27252000	0.052899999999999996	0.039
27255600	0.0535	0.024
27259200	0.0523	0.037
27262800	0.0502	0.061
27266400	0.0523	0.1
27270000	0.1464	0.189
27273600	0.2807	0.305
27277200	0.2235	0.52
27280800	0.2129	0.725
27284400	0.22190000000000001	0.694
27288000	0.2327	0.496
27291600	0.2437	0.357
27295200	0.2763	0.182
27298800	0.2945	0.041
27302400	0.3325	0.205
27306000	0.3272	0.128
27309600	0.3185	0.079
27313200	0.3247	0.053
27316800	0.314	0.055
27320400	0.2927	0.119
27324000	0.2225	0.274
27327600	0.09029999999999999	0.27
27331200	0.0799	0.092
27334800	0.08020000000000001	0.011
27338400	0.0832	0.039
27342000	0.0843	0.024
27345600	0.0835	0.037
27349200	0.0803	0.061
27352800	0.084	0.1
27356400	0.2124	0.189
27360000	0.21259999999999998	0.305
27363600	0.1915	0.52
27367200	0.19030000000000002	0.725
27370800	0.21309999999999998	0.694
27374400	0.2313	0.496
27378000	0.2625	0.357
27381600	0.2849	0.182
27385200	0.312	0.041
27388800	0.3382	0.205
27392400	0.358	0.128
27396000	0.3507	0.079
27399600	0.3466	0.053
27403200	0.3523	0.055
27406800	0.3343	0.119
27410400	0.2445	0.274
27414000	0.1029	0.27
27417600	0.0958	0.092
27421200	0.09	0.011
27424800	0.1006	0.039
27428400	0.1018	0.024
27432000	0.0935	0.037
27435600	0.0953	0.061
27439200	0.0996	0.1
27442800	0.205	0.189
27446400	0.2301	0.305
27450000	0.2035	0.52
27453600	0.199	0.725
27457200	0.2102	0.694
27460800	0.2282	0.496
27464400	0.2538	0.357
27468000	0.2911	0.182
27471600	0.3431	0.041
27475200	0.3663	0.205
27478800	0.36560000000000004	0.128
27482400	0.36719999999999997	0.079
27486000	0.36769999999999997	0.053
27489600	0.3669	0.055
27493200	0.3374	0.119
27496800	0.29769999999999996	0.274
27500400	0.121	0.27
27504000	0.0959	0.092
27507600	0.09029999999999999	0.011
27511200	0.0948	0.039
27514800	0.09770000000000001	0.024
27518400	0.0927	0.037
27522000	0.08929999999999999	0.061
27525600	0.0995	0.1
27529200	0.244	0.189
27532800	0.2544	0.305
27536400	0.2063	0.52
27540000	0.2017	0.725
27543600	0.2139	0.694
27547200	0.24669999999999997	0.496
27550800	0.2902	0.357
27554400	0.29860000000000003	0.182
27558000	0.3484	0.041
27561600	0.372	0.205
27565200	0.3712	0.128
27568800	0.371	0.079
27572400	0.3717	0.053
27576000	0.37139999999999995	0.055
27579600	0.3564	0.119
27583200	0.3008	0.274
27586800	0.21430000000000002	0.27
27590400	0.1645	0.092
27594000	0.1724	0.011
27597600	0.1784	0.039
27601200	0.1802	0.024
27604800	0.1999	0.037
27608400	0.2179	0.061
27612000	0.243	0.1
27615600	0.263	0.189
27619200	0.2251	0.305
27622800	0.209	0.52
27626400	0.1985	0.725
27630000	0.2169	0.694
27633600	0.2424	0.496
27637200	0.2625	0.357
27640800	0.2766	0.182
27644400	0.3095	0.041
27648000	0.3354	0.205
27651600	0.3396	0.128
27655200	0.343	0.079
27658800	0.3427	0.053
27662400	0.3383	0.055
27666000	0.32539999999999997	0.119
27669600	0.2737	0.274
27673200	0.1941	0.27
27676800	0.1414	0.092
27680400	0.1438	0.011
27684000	0.1271	0.039
27687600	0.1376	0.024
27691200	0.1374	0.037
27694800	0.134	0.061
27698400	0.1461	0.1
27702000	0.228	0.189
27705600	0.21719999999999998	0.305
27709200	0.19119999999999998	0.52
27712800	0.2068	0.725
27716400	0.22219999999999998	0.694
27720000	0.24230000000000002	0.496
27723600	0.2734	0.357
27727200	0.29369999999999996	0.182
27730800	0.3173	0.041
27734400	0.2835	0.205
27738000	0.2752	0.128
27741600	0.276	0.079
27745200	0.2768	0.053
27748800	0.2776	0.055
27752400	0.2785	0.119
27756000	0.22669999999999998	0.274
27759600	0.1374	0.27
27763200	0.1181	0.092
27766800	0.10809999999999999	0.011
27770400	0.111	0.039
27774000	0.10990000000000001	0.024
27777600	0.1173	0.037
27781200	0.12040000000000001	0.061
27784800	0.1348	0.1
27788400	0.2132	0.189
27792000	0.2333	0.305
27795600	0.22590000000000002	0.52
27799200	0.22440000000000002	0.725
27802800	0.21	0.694
27806400	0.2159	0.496
27810000	0.203	0.357
27813600	0.2265	0.182
27817200	0.2529	0.041
27820800	0.2687	0.205
27824400	0.263	0.128
27828000	0.2537	0.079
27831600	0.2479	0.053
27835200	0.2479	0.055
27838800	0.2565	0.119
27842400	0.1933	0.274
27846000	0.1168	0.27
27849600	0.09709999999999999	0.092
27853200	0.0965	0.011
27856800	0.09720000000000001	0.039
27860400	0.097	0.024
27864000	0.097	0.037
27867600	0.1024	0.061
27871200	0.1065	0.1
27874800	0.16490000000000002	0.189
27878400	0.1988	0.305
27882000	0.1741	0.52
27885600	0.1763	0.725
27889200	0.1756	0.694
27892800	0.181	0.496
27896400	0.2199	0.357
27900000	0.227	0.182
27903600	0.2494	0.041
27907200	0.2796	0.205
27910800	0.2772	0.128
27914400	0.2758	0.079
27918000	0.2754	0.053
27921600	0.288	0.055
27925200	0.2862	0.119
27928800	0.2017	0.274
27932400	0.1017	0.27
27936000	0.0895	0.092
27939600	0.09129999999999999	0.011
27943200	0.0932	0.039
27946800	0.095	0.024
27950400	0.0948	0.037
27954000	0.0923	0.061
27957600	0.0987	0.1
27961200	0.22169999999999998	0.189
27964800	0.1953	0.305
27968400	0.2147	0.52
27972000	0.2084	0.725
27975600	0.1885	0.694
27979200	0.2066	0.496
27982800	0.2636	0.357
27986400	0.2904	0.182
27990000	0.3187	0.041
27993600	0.3384	0.205
27997200	0.31689999999999996	0.128
28000800	0.3133	0.079
28004400	0.31310000000000004	0.053
28008000	0.3152	0.055
28011600	0.3407	0.119
28015200	0.2387	0.274
28018800	0.10490000000000001	0.27
28022400	0.0887	0.092
28026000	0.0896	0.011
28029600	0.09309999999999999	0.039
28033200	0.09290000000000001	0.024
28036800	0.0895	0.037
28040400	0.0884	0.061
28044000	0.0943	0.1
28047600	0.21869999999999998	0.189
28051200	0.21380000000000002	0.305
28054800	0.1819	0.52
28058400	0.1891	0.725
28062000	0.2029	0.694
28065600	0.22030000000000002	0.496
28069200	0.24780000000000002	0.357
28072800	0.268	0.182
28076400	0.26480000000000004	0.041
28080000	0.2732	0.205
28083600	0.2818	0.128
28087200	0.2748	0.079
28090800	0.2757	0.053
28094400	0.2854	0.055
28098000	0.2849	0.119
28101600	0.2119	0.274
28105200	0.1032	0.27
28108800	0.0825	0.092
28112400	0.0825	0.011
28116000	0.0859	0.039
28119600	0.09079999999999999	0.024
28123200	0.0877	0.037
28126800	0.0856	0.061
28130400	0.0935	0.1
28134000	0.2223	0.189
28137600	0.2327	0.305
28141200	0.2006	0.52
28144800	0.2027	0.725
28148400	0.2124	0.694
28152000	0.2258	0.496
28155600	0.2368	0.357
28159200	0.2591	0.182
28162800	0.2821	0.041
28166400	0.31289999999999996	0.205
28170000	0.30789999999999995	0.128
28173600	0.3185	0.079
28177200	0.3225	0.053
28180800	0.3256	0.055
28184400	0.345	0.119
28188000	0.2901	0.274
28191600	0.0953	0.27
28195200	0.07529999999999999	0.092
28198800	0.0752	0.011
28202400	0.0793	0.039
28206000	0.0798	0.024
28209600	0.078	0.037
28213200	0.0757	0.061
28216800	0.0809	0.1
28220400	0.21919999999999998	0.189
28224000	0.2526	0.305
28227600	0.2307	0.52
28231200	0.232	0.725
28234800	0.2371	0.694
28238400	0.242	0.496
28242000	0.2511	0.357
28245600	0.2645	0.182
28249200	0.2826	0.041
28252800	0.2939	0.205
28256400	0.3034	0.128
28260000	0.2959	0.079
28263600	0.2933	0.053
28267200	0.2801	0.055
28270800	0.2876	0.119
28274400	0.22669999999999998	0.274
28278000	0.09440000000000001	0.27
28281600	0.0751	0.092
28285200	0.07490000000000001	0.011
28288800	0.0783	0.039
28292400	0.07959999999999999	0.024
28296000	0.076	0.037
28299600	0.0734	0.061
28303200	0.0778	0.1
28306800	0.2142	0.189
28310400	0.2117	0.305
28314000	0.18619999999999998	0.52
28317600	0.1906	0.725
28321200	0.201	0.694
28324800	0.2137	0.496
28328400	0.2261	0.357
28332000	0.24830000000000002	0.182
28335600	0.2819	0.041
28339200	0.3314	0.205
28342800	0.3385	0.128
28346400	0.3453	0.079
28350000	0.3447	0.053
28353600	0.3459	0.055
28357200	0.3408	0.119
28360800	0.2655	0.274
28364400	0.0938	0.27
28368000	0.07529999999999999	0.092
28371600	0.078	0.011
28375200	0.08270000000000001	0.039
28378800	0.0845	0.024
28382400	0.082	0.037
28386000	0.0798	0.061
28389600	0.0857	0.1
28393200	0.2296	0.189
28396800	0.2326	0.305
28400400	0.1992	0.52
28404000	0.2032	0.725
28407600	0.2154	0.694
28411200	0.2309	0.496
28414800	0.2365	0.357
28418400	0.26389999999999997	0.182
28422000	0.2826	0.041
28425600	0.29819999999999997	0.205
28429200	0.31239999999999996	0.128
28432800	0.3103	0.079
28436400	0.2788	0.053
28440000	0.3125	0.055
28443600	0.31589999999999996	0.119
28447200	0.2358	0.274
28450800	0.0952	0.27
28454400	0.07479999999999999	0.092
28458000	0.0778	0.011
28461600	0.08270000000000001	0.039
28465200	0.0842	0.024
28468800	0.0809	0.037
28472400	0.078	0.061
28476000	0.0839	0.1
28479600	0.1985	0.189
28483200	0.2704	0.305
28486800	0.2115	0.52
28490400	0.209	0.725
28494000	0.2186	0.694
28497600	0.2471	0.496
28501200	0.261	0.357
28504800	0.3123	0.182
28508400	0.3327	0.041
28512000	0.3469	0.205
28515600	0.3472	0.128
28519200	0.3471	0.079
28522800	0.3475	0.053
28526400	0.3527	0.055
28530000	0.3351	0.119
28533600	0.247	0.274
28537200	0.1172	0.27
28540800	0.0883	0.092
28544400	0.0873	0.011
28548000	0.09090000000000001	0.039
28551600	0.0922	0.024
28555200	0.0906	0.037
28558800	0.0895	0.061
28562400	0.0979	0.1
28566000	0.208	0.189
28569600	0.249	0.305
28573200	0.24180000000000001	0.52
28576800	0.241	0.725
28580400	0.2265	0.694
28584000	0.24580000000000002	0.496
28587600	0.3093	0.357
28591200	0.3095	0.182
28594800	0.3507	0.041
28598400	0.3555	0.205
28602000	0.3481	0.128
28605600	0.3465	0.079
28609200	0.3474	0.053
28612800	0.3464	0.055
28616400	0.36319999999999997	0.119
28620000	0.2807	0.274
28623600	0.1977	0.27
28627200	0.16540000000000002	0.092
28630800	0.15209999999999999	0.011
28634400	0.1467	0.039
28638000	0.1474	0.024
28641600	0.1525	0.037
28645200	0.16	0.061
28648800	0.1662	0.1
28652400	0.26189999999999997	0.189
28656000	0.2671	0.305
28659600	0.2216	0.52
28663200	0.22369999999999998	0.725
28666800	0.2469	0.694
28670400	0.2754	0.496
28674000	0.2944	0.357
28677600	0.31639999999999996	0.182
28681200	0.35869999999999996	0.041
28684800	0.3542	0.205
28688400	0.3435	0.128
28692000	0.3418	0.079
28695600	0.3414	0.053
28699200	0.3403	0.055
28702800	0.3544	0.119
28706400	0.2881	0.274
28710000	0.1988	0.27
28713600	0.1605	0.092
28717200	0.16090000000000002	0.011
28720800	0.1559	0.039
28724400	0.156	0.024
28728000	0.1581	0.037
28731600	0.1589	0.061
28735200	0.1623	0.1
28738800	0.2287	0.189
28742400	0.2313	0.305
28746000	0.2042	0.52
28749600	0.205	0.725
28753200	0.22590000000000002	0.694
28756800	0.243	0.496
28760400	0.26030000000000003	0.357
28764000	0.2919	0.182
28767600	0.2958	0.041
28771200	0.2769	0.205
28774800	0.2773	0.128
28778400	0.2781	0.079
28782000	0.2792	0.053
28785600	0.281	0.055
28789200	0.2862	0.119
28792800	0.2731	0.274
28796400	0.1977	0.27
28800000	0.1489	0.092
28803600	0.1391	0.011
28807200	0.1376	0.039
28810800	0.1396	0.024
28814400	0.1392	0.037
28818000	0.1411	0.061
28821600	0.16019999999999998	0.1
28825200	0.24	0.189
28828800	0.2161	0.305
28832400	0.1921	0.52
28836000	0.1935	0.725
28839600	0.21430000000000002	0.694
28843200	0.2337	0.496
28846800	0.2543	0.357
28850400	0.2892	0.182
28854000	0.3133	0.041
28857600	0.2939	0.072
28861200	0.2985	0.044
28864800	0.2984	0.02
28868400	0.3	0.011
28872000	0.3045	0.033
28875600	0.3058	0.11
28879200	0.2963	0.267
28882800	0.21580000000000002	0.308
28886400	0.18980000000000002	0.216
28890000	0.18330000000000002	0.158
28893600	0.1734	0.126
28897200	0.1777	0.105
28900800	0.1854	0.132
28904400	0.2009	0.183
28908000	0.2387	0.249
28911600	0.24109999999999998	0.312
28915200	0.2337	0.396
28918800	0.2097	0.525
28922400	0.2117	0.497
28926000	0.22019999999999998	0.452
28929600	0.2339	0.392
28933200	0.266	0.311
28936800	0.2969	0.2
28940400	0.2807	0.111
28944000	0.2793	0.072
28947600	0.2797	0.044
28951200	0.2671	0.02
28954800	0.2655	0.011
28958400	0.2692	0.033
28962000	0.2821	0.11
28965600	0.26689999999999997	0.267
28969200	0.1787	0.308
28972800	0.1386	0.216
28976400	0.1291	0.158
28980000	0.1256	0.126
28983600	0.1281	0.105
28987200	0.13390000000000002	0.132
28990800	0.1437	0.183
28994400	0.1844	0.249
28998000	0.2622	0.312
29001600	0.2469	0.396
29005200	0.2085	0.525
29008800	0.21430000000000002	0.497
29012400	0.226	0.452
29016000	0.241	0.392
29019600	0.2748	0.311
29023200	0.309	0.2
29026800	0.29619999999999996	0.111
29030400	0.2874	0.072
29034000	0.2858	0.044
29037600	0.2879	0.02
29041200	0.2874	0.011
29044800	0.2876	0.033
29048400	0.2874	0.11
29052000	0.26339999999999997	0.267
29055600	0.1504	0.308
29059200	0.1173	0.216
29062800	0.121	0.158
29066400	0.1185	0.126
29070000	0.1176	0.105
29073600	0.1207	0.132
29077200	0.1251	0.183
29080800	0.1272	0.249
29084400	0.2278	0.312
29088000	0.2784	0.396
29091600	0.2309	0.525
29095200	0.22440000000000002	0.497
29098800	0.236	0.452
29102400	0.2526	0.392
29106000	0.26189999999999997	0.311
29109600	0.2978	0.2
29113200	0.3211	0.111
29116800	0.31939999999999996	0.072
29120400	0.3142	0.044
29124000	0.30710000000000004	0.02
29127600	0.3211	0.011
29131200	0.32080000000000003	0.033
29134800	0.3192	0.11
29138400	0.2845	0.267
29142000	0.1683	0.308
29145600	0.1145	0.216
29149200	0.10529999999999999	0.158
29152800	0.10590000000000001	0.126
29156400	0.11370000000000001	0.105
29160000	0.10779999999999999	0.132
29163600	0.1148	0.183
29167200	0.1384	0.249
29170800	0.29910000000000003	0.312
29174400	0.288	0.396
29178000	0.24880000000000002	0.525
29181600	0.24869999999999998	0.497
29185200	0.2556	0.452
29188800	0.2737	0.392
29192400	0.3128	0.311
29196000	0.36810000000000004	0.2
29199600	0.3765	0.111
29203200	0.3755	0.072
29206800	0.3735	0.044
29210400	0.3722	0.02
29214000	0.3725	0.011
29217600	0.37139999999999995	0.033
29221200	0.3717	0.11
29224800	0.35960000000000003	0.267
29228400	0.2359	0.308
29232000	0.1752	0.216
29235600	0.1703	0.158
29239200	0.1706	0.126
29242800	0.1745	0.105
29246400	0.175	0.132
29250000	0.1856	0.183
29253600	0.2105	0.249
29257200	0.29819999999999997	0.312
29260800	0.2743	0.396
29264400	0.2439	0.525
29268000	0.248	0.497
29271600	0.2554	0.452
29275200	0.2816	0.392
29278800	0.3043	0.311
29282400	0.3456	0.2
29286000	0.3546	0.111
29289600	0.3463	0.072
29293200	0.3347	0.044
29296800	0.3307	0.02
29300400	0.331	0.011
29304000	0.3336	0.033
29307600	0.3515	0.11
29311200	0.32780000000000004	0.267
29314800	0.2093	0.308
29318400	0.1519	0.216
29322000	0.1465	0.158
29325600	0.1449	0.126
29329200	0.1475	0.105
29332800	0.1512	0.132
29336400	0.1603	0.183
29340000	0.192	0.249
29343600	0.2744	0.312
29347200	0.2592	0.396
29350800	0.2351	0.525
29354400	0.2295	0.497
29358000	0.2313	0.452
29361600	0.2508	0.392
29365200	0.2809	0.311
29368800	0.3157	0.2
29372400	0.3403	0.111
29376000	0.3083	0.072
29379600	0.31010000000000004	0.044
29383200	0.30810000000000004	0.02
29386800	0.3082	0.011
29390400	0.30989999999999995	0.033
29394000	0.32939999999999997	0.11
29397600	0.3345	0.267
29401200	0.1689	0.308
29404800	0.1267	0.216
29408400	0.116	0.158
29412000	0.1193	0.126
29415600	0.1189	0.105
29419200	0.1177	0.132
29422800	0.1143	0.183
29426400	0.1267	0.249
29430000	0.2502	0.312
29433600	0.2292	0.396
29437200	0.1935	0.525
29440800	0.1911	0.497
29444400	0.2065	0.452
29448000	0.21680000000000002	0.392
29451600	0.246	0.311
29455200	0.3034	0.2
29458800	0.3459	0.111
29462400	0.356	0.072
29466000	0.3408	0.044
29469600	0.3301	0.02
29473200	0.3346	0.011
29476800	0.3503	0.033
29480400	0.3614	0.11
29484000	0.3251	0.267
29487600	0.1522	0.308
29491200	0.1139	0.216
29494800	0.1108	0.158
29498400	0.11259999999999999	0.126
29502000	0.1161	0.105
29505600	0.1161	0.132
29509200	0.1129	0.183
29512800	0.12129999999999999	0.249
29516400	0.2447	0.312
29520000	0.2385	0.396
29523600	0.1945	0.525
29527200	0.2012	0.497
29530800	0.21669999999999998	0.452
29534400	0.2356	0.392
29538000	0.2818	0.311
29541600	0.3087	0.2
29545200	0.3361	0.111
29548800	0.3407	0.072
29552400	0.3401	0.044
29556000	0.3413	0.02
29559600	0.3406	0.011
29563200	0.3336	0.033
29566800	0.3291	0.11
29570400	0.30410000000000004	0.267
29574000	0.128	0.308
29577600	0.0963	0.216
29581200	0.0873	0.158
29584800	0.09040000000000001	0.126
29588400	0.0915	0.105
29592000	0.0901	0.132
29595600	0.09179999999999999	0.183
29599200	0.1002	0.249
29602800	0.2296	0.312
29606400	0.24659999999999999	0.396
29610000	0.1915	0.525
29613600	0.1896	0.497
29617200	0.2066	0.452
29620800	0.22290000000000001	0.392
29624400	0.2601	0.311
29628000	0.28	0.2
29631600	0.32180000000000003	0.111
29635200	0.3202	0.072
29638800	0.3147	0.044
29642400	0.30589999999999995	0.02
29646000	0.3068	0.011
29649600	0.31060000000000004	0.033
29653200	0.31189999999999996	0.11
29656800	0.2897	0.267
29660400	0.1621	0.308
29664000	0.1024	0.216
29667600	0.09140000000000001	0.158
29671200	0.0881	0.126
29674800	0.0886	0.105
29678400	0.0868	0.132
29682000	0.0836	0.183
29685600	0.09040000000000001	0.249
29689200	0.21459999999999999	0.312
29692800	0.2544	0.396
29696400	0.2	0.525
29700000	0.2007	0.497
29703600	0.2084	0.452
29707200	0.22219999999999998	0.392
29710800	0.2422	0.311
29714400	0.2813	0.2
29718000	0.32230000000000003	0.111
29721600	0.334	0.072
29725200	0.331	0.044
29728800	0.32539999999999997	0.02
29732400	0.3187	0.011
29736000	0.3212	0.033
29739600	0.32530000000000003	0.11
29743200	0.2795	0.267
29746800	0.1202	0.308
29750400	0.0828	0.216
29754000	0.082	0.158
29757600	0.0867	0.126
29761200	0.0895	0.105
29764800	0.0863	0.132
29768400	0.0836	0.183
29772000	0.0907	0.249
29775600	0.2297	0.312
29779200	0.2506	0.396
29782800	0.2308	0.525
29786400	0.2347	0.497
29790000	0.2228	0.452
29793600	0.242	0.392
29797200	0.2723	0.311
29800800	0.3123	0.2
29804400	0.36660000000000004	0.111
29808000	0.3877	0.072
29811600	0.3778	0.044
29815200	0.3725	0.02
29818800	0.3758	0.011
29822400	0.38830000000000003	0.033
29826000	0.38489999999999996	0.11
29829600	0.31880000000000003	0.267
29833200	0.1769	0.308
29836800	0.1164	0.216
29840400	0.116	0.158
29844000	0.1222	0.126
29847600	0.123	0.105
29851200	0.1167	0.132
29854800	0.1142	0.183
29858400	0.1215	0.249
29862000	0.2676	0.312
29865600	0.2802	0.396
29869200	0.24330000000000002	0.525
29872800	0.2422	0.497
29876400	0.2527	0.452
29880000	0.26489999999999997	0.392
29883600	0.2905	0.311
29887200	0.3452	0.2
29890800	0.3487	0.111
29894400	0.3468	0.072
29898000	0.342	0.044
29901600	0.3446	0.02
29905200	0.3331	0.011
29908800	0.3438	0.033
29912400	0.3531	0.11
29916000	0.3461	0.267
29919600	0.2419	0.308
29923200	0.1727	0.216
29926800	0.1676	0.158
29930400	0.1672	0.126
29934000	0.1668	0.105
29937600	0.1747	0.132
29941200	0.1787	0.183
29944800	0.1953	0.249
29948400	0.2993	0.312
29952000	0.32989999999999997	0.396
29955600	0.2792	0.525
29959200	0.2735	0.497
29962800	0.2902	0.452
29966400	0.3152	0.392
29970000	0.3387	0.311
29973600	0.3703	0.2
29977200	0.37039999999999995	0.111
29980800	0.3762	0.072
29984400	0.376	0.044
29988000	0.3727	0.02
29991600	0.37189999999999995	0.011
29995200	0.3757	0.033
29998800	0.3792	0.11
30002400	0.38239999999999996	0.267
30006000	0.2799	0.308
30009600	0.1963	0.216
30013200	0.1911	0.158
30016800	0.21	0.126
30020400	0.21969999999999998	0.105
30024000	0.2518	0.132
30027600	0.2571	0.183
30031200	0.2617	0.249
30034800	0.31889999999999996	0.312
30038400	0.2854	0.396
30042000	0.233	0.525
30045600	0.2342	0.497
30049200	0.24930000000000002	0.452
30052800	0.2805	0.392
30056400	0.3285	0.311
30060000	0.3486	0.2
30063600	0.3538	0.111
30067200	0.3515	0.072
30070800	0.3483	0.044
30074400	0.3474	0.02
30078000	0.3465	0.011
30081600	0.3464	0.033
30085200	0.3465	0.11
30088800	0.31689999999999996	0.267
30092400	0.2392	0.308
30096000	0.1705	0.216
30099600	0.1658	0.158
30103200	0.1707	0.126
30106800	0.186	0.105
30110400	0.19440000000000002	0.132
30114000	0.2099	0.183
30117600	0.21969999999999998	0.249
30121200	0.2855	0.312
30124800	0.29460000000000003	0.396
30128400	0.2394	0.525
30132000	0.238	0.497
30135600	0.2577	0.452
30139200	0.2927	0.392
30142800	0.317	0.311
30146400	0.334	0.2
30150000	0.3584	0.111
30153600	0.3493	0.072
30157200	0.3442	0.044
30160800	0.3427	0.02
30164400	0.3426	0.011
30168000	0.3412	0.033
30171600	0.339	0.11
30175200	0.3406	0.267
30178800	0.2023	0.308
30182400	0.156	0.216
30186000	0.1425	0.158
30189600	0.1431	0.126
30193200	0.15130000000000002	0.105
30196800	0.16219999999999998	0.132
30200400	0.1638	0.183
30204000	0.1869	0.249
30207600	0.2883	0.312
30211200	0.2336	0.396
30214800	0.2003	0.525
30218400	0.2104	0.497
30222000	0.24130000000000001	0.452
30225600	0.259	0.392
30229200	0.2725	0.311
30232800	0.3157	0.2
30236400	0.3162	0.111
30240000	0.32430000000000003	0.072
30243600	0.32580000000000003	0.044
30247200	0.3133	0.02
30250800	0.3271	0.011
30254400	0.3143	0.033
30258000	0.32789999999999997	0.11
30261600	0.31060000000000004	0.267
30265200	0.1668	0.308
30268800	0.1275	0.216
30272400	0.1278	0.158
30276000	0.1333	0.126
30279600	0.14	0.105
30283200	0.1464	0.132
30286800	0.1451	0.183
30290400	0.1408	0.249
30294000	0.2296	0.312
30297600	0.2725	0.396
30301200	0.22419999999999998	0.525
30304800	0.22690000000000002	0.497
30308400	0.2355	0.452
30312000	0.24980000000000002	0.392
30315600	0.2792	0.311
30319200	0.2963	0.2
30322800	0.3368	0.111
30326400	0.3355	0.072
30330000	0.3326	0.044
30333600	0.3291	0.02
30337200	0.3261	0.011
30340800	0.33030000000000004	0.033
30344400	0.32980000000000004	0.11
30348000	0.303	0.267
30351600	0.1864	0.308
30355200	0.1161	0.216
30358800	0.1183	0.158
30362400	0.1202	0.126
30366000	0.12129999999999999	0.105
30369600	0.1163	0.132
30373200	0.1129	0.183
30376800	0.12040000000000001	0.249
30380400	0.223	0.312
30384000	0.30169999999999997	0.396
30387600	0.245	0.525
30391200	0.2395	0.497
30394800	0.24719999999999998	0.452
30398400	0.2656	0.392
30402000	0.301	0.311
30405600	0.3544	0.2
30409200	0.3469	0.111
30412800	0.3455	0.072
30416400	0.3498	0.044
30420000	0.3519	0.02
30423600	0.3445	0.011
30427200	0.3434	0.033
30430800	0.3449	0.11
30434400	0.3583	0.267
30438000	0.2902	0.308
30441600	0.1991	0.216
30445200	0.1746	0.158
30448800	0.1666	0.126
30452400	0.19	0.105
30456000	0.1805	0.132
30459600	0.174	0.183
30463200	0.1739	0.249
30466800	0.24630000000000002	0.312
30470400	0.2491	0.396
30474000	0.22369999999999998	0.525
30477600	0.22169999999999998	0.497
30481200	0.2088	0.452
30484800	0.22519999999999998	0.392
30488400	0.2756	0.311
30492000	0.3242	0.2
30495600	0.3362	0.111
30499200	0.3312	0.072
30502800	0.329	0.044
30506400	0.3306	0.02
30510000	0.3357	0.011
30513600	0.3475	0.033
30517200	0.3727	0.11
30520800	0.3442	0.267
30524400	0.18109999999999998	0.308
30528000	0.11309999999999999	0.216
30531600	0.1076	0.158
30535200	0.113	0.126
30538800	0.1151	0.105
30542400	0.1098	0.132
30546000	0.1046	0.183
30549600	0.1076	0.249
30553200	0.2404	0.312
30556800	0.2916	0.396
30560400	0.2355	0.525
30564000	0.22269999999999998	0.497
30567600	0.22540000000000002	0.452
30571200	0.2373	0.392
30574800	0.2627	0.311
30578400	0.2995	0.2
30582000	0.3526	0.111
30585600	0.36319999999999997	0.072
30589200	0.356	0.044
30592800	0.35	0.02
30596400	0.3505	0.011
30600000	0.3526	0.033
30603600	0.36369999999999997	0.11
30607200	0.3296	0.267
30610800	0.1802	0.308
30614400	0.1113	0.216
30618000	0.1128	0.158
30621600	0.1156	0.126
30625200	0.12090000000000001	0.105
30628800	0.1182	0.132
30632400	0.1142	0.183
30636000	0.1215	0.249
30639600	0.24309999999999998	0.312
30643200	0.2822	0.396
30646800	0.22569999999999998	0.525
30650400	0.2195	0.497
30654000	0.2273	0.452
30657600	0.2432	0.392
30661200	0.2657	0.311
30664800	0.3055	0.2
30668400	0.3541	0.111
30672000	0.3658	0.072
30675600	0.3583	0.044
30679200	0.3589	0.02
30682800	0.3595	0.011
30686400	0.36119999999999997	0.033
30690000	0.37339999999999995	0.11
30693600	0.3457	0.267
30697200	0.1953	0.308
30700800	0.1368	0.216
30704400	0.1386	0.158
30708000	0.1441	0.126
30711600	0.14880000000000002	0.105
30715200	0.1487	0.132
30718800	0.1579	0.183
30722400	0.19140000000000001	0.249
30726000	0.30169999999999997	0.312
30729600	0.2706	0.396
30733200	0.2171	0.525
30736800	0.2191	0.497
30740400	0.2388	0.452
30744000	0.26480000000000004	0.392
30747600	0.2758	0.311
30751200	0.34	0.2
30754800	0.3227	0.111
30758400	0.3359	0.072
30762000	0.3402	0.044
30765600	0.3392	0.02
30769200	0.3379	0.011
30772800	0.3363	0.033
30776400	0.3358	0.11
30780000	0.3212	0.267
30783600	0.24480000000000002	0.308
30787200	0.1354	0.216
30790800	0.1242	0.158
30794400	0.12869999999999998	0.126
30798000	0.13169999999999998	0.105
30801600	0.1261	0.132
30805200	0.12869999999999998	0.183
30808800	0.15030000000000002	0.249
30812400	0.2655	0.312
30816000	0.25930000000000003	0.396
30819600	0.201	0.525
30823200	0.1994	0.497
30826800	0.207	0.452
30830400	0.222	0.392
30834000	0.245	0.311
30837600	0.2736	0.2
30841200	0.2993	0.111
30844800	0.312	0.072
30848400	0.3097	0.044
30852000	0.30889999999999995	0.02
30855600	0.3087	0.011
30859200	0.3098	0.033
30862800	0.30160000000000003	0.11
30866400	0.30660000000000004	0.267
30870000	0.199	0.308
30873600	0.1655	0.216
30877200	0.1529	0.158
30880800	0.161	0.126
30884400	0.1669	0.105
30888000	0.1658	0.132
30891600	0.1686	0.183
30895200	0.1765	0.249
30898800	0.2353	0.312
30902400	0.2558	0.396
30906000	0.2057	0.525
30909600	0.1983	0.497
30913200	0.2028	0.452
30916800	0.214	0.392
30920400	0.2307	0.311
30924000	0.2591	0.2
30927600	0.2874	0.111
30931200	0.3044	0.072
30934800	0.3029	0.044
30938400	0.30310000000000004	0.02
30942000	0.30519999999999997	0.011
30945600	0.30360000000000004	0.033
30949200	0.305	0.11
30952800	0.30219999999999997	0.267
30956400	0.1648	0.308
30960000	0.0832	0.216
30963600	0.0803	0.158
30967200	0.0837	0.126
30970800	0.0874	0.105
30974400	0.0866	0.132
30978000	0.0841	0.183
30981600	0.0875	0.249
30985200	0.19080000000000003	0.312
30988800	0.3082	0.396
30992400	0.24680000000000002	0.525
30996000	0.2601	0.497
30999600	0.286	0.452
31003200	0.29960000000000003	0.392
31006800	0.2894	0.311
31010400	0.327	0.2
31014000	0.3505	0.111
31017600	0.35769999999999996	0.072
31021200	0.3521	0.044
31024800	0.3484	0.02
31028400	0.3474	0.011
31032000	0.3462	0.033
31035600	0.3432	0.11
31039200	0.3424	0.267
31042800	0.2826	0.308
31046400	0.19340000000000002	0.216
31050000	0.1662	0.158
31053600	0.16340000000000002	0.126
31057200	0.1761	0.105
31060800	0.18209999999999998	0.132
31064400	0.2266	0.183
31068000	0.2361	0.249
31071600	0.2939	0.312
31075200	0.276	0.396
31078800	0.2223	0.525
31082400	0.21209999999999998	0.497
31086000	0.2086	0.452
31089600	0.2166	0.392
31093200	0.2546	0.311
31096800	0.2719	0.2
31100400	0.29510000000000003	0.111
31104000	0.336	0.072
31107600	0.3357	0.044
31111200	0.33089999999999997	0.02
31114800	0.335	0.011
31118400	0.3318	0.033
31122000	0.327	0.11
31125600	0.3113	0.267
31129200	0.1974	0.308
31132800	0.145	0.216
31136400	0.1414	0.158
31140000	0.146	0.126
31143600	0.15280000000000002	0.105
31147200	0.15519999999999998	0.132
31150800	0.1489	0.183
31154400	0.1325	0.249
31158000	0.1797	0.312
31161600	0.2401	0.396
31165200	0.18769999999999998	0.525
31168800	0.1869	0.497
31172400	0.1973	0.452
31176000	0.21919999999999998	0.392
31179600	0.2397	0.311
31183200	0.2635	0.2
31186800	0.3008	0.111
31190400	0.3183	0.072
31194000	0.3217	0.044
31197600	0.32139999999999996	0.02
31201200	0.32130000000000003	0.011
31204800	0.32180000000000003	0.033
31208400	0.3187	0.11
31212000	0.26289999999999997	0.267
31215600	0.1988	0.308
31219200	0.1051	0.216
31222800	0.0975	0.158
31226400	0.10640000000000001	0.126
31230000	0.10629999999999999	0.105
31233600	0.1062	0.132
31237200	0.1034	0.183
31240800	0.1039	0.249
31244400	0.2039	0.312
31248000	0.2586	0.396
31251600	0.2181	0.525
31255200	0.2287	0.497
31258800	0.2238	0.452
31262400	0.222	0.392
31266000	0.2687	0.311
31269600	0.2999	0.2
31273200	0.3128	0.111
31276800	0.3516	0.072
31280400	0.36569999999999997	0.044
31284000	0.36839999999999995	0.02
31287600	0.3678	0.011
31291200	0.3679	0.033
31294800	0.3437	0.11
31298400	0.2918	0.267
31302000	0.19090000000000001	0.308
31305600	0.1242	0.216
31309200	0.131	0.158
31312800	0.1388	0.126
31316400	0.1441	0.105
31320000	0.14909999999999998	0.132
31323600	0.154	0.183
31327200	0.18009999999999998	0.249
31330800	0.2311	0.312
31334400	0.284	0.396
31338000	0.2221	0.525
31341600	0.2233	0.497
31345200	0.2374	0.452
31348800	0.26439999999999997	0.392
31352400	0.2397	0.311
31356000	0.2635	0.2
31359600	0.3008	0.111
31363200	0.3183	0.072
31366800	0.3217	0.044
31370400	0.32139999999999996	0.02
31374000	0.32130000000000003	0.011
31377600	0.32180000000000003	0.033
31381200	0.3187	0.11
31384800	0.26289999999999997	0.267
31388400	0.1988	0.308
31392000	0.1051	0.216
31395600	0.0975	0.158
31399200	0.10640000000000001	0.126
31402800	0.10629999999999999	0.105
31406400	0.1062	0.132
31410000	0.1034	0.183
31413600	0.1039	0.249
31417200	0.2039	0.312
31420800	0.2586	0.396
31424400	0.2181	0.525
31428000	0.2287	0.497
31431600	0.2238	0.452
31435200	0.222	0.392
31438800	0.2687	0.311
31442400	0.2999	0.2
31446000	0.3128	0.111
31449600	0.3516	0.072
31453200	0.36569999999999997	0.044
31456800	0.36839999999999995	0.02
31460400	0.3678	0.011
31464000	0.3679	0.033
31467600	0.3437	0.11
31471200	0.2918	0.267
31474800	0.19090000000000001	0.308
31478400	0.1242	0.216
31482000	0.131	0.158
31485600	0.1388	0.126
31489200	0.1441	0.105
31492800	0.14909999999999998	0.132
31496400	0.154	0.183
31500000	0.18009999999999998	0.249
31503600	0.2311	0.312
31507200	0.284	0.396
31510800	0.2221	0.525
31514400	0.2233	0.497
31518000	0.2374	0.452
31521600	0.26439999999999997	0.392
31525200	0.2046	0.311
31528800	0.2243	0.2
31532400	0.2501	0.111
